Date,AMZN,MCHI,MELI
2011-03-31,9.006500244140625,38.041404724121094,79.1826171875
2011-04-01,9.006500244140625,38.56912612915039,80.46306610107422
2011-04-04,9.147000312805176,39.39006042480469,82.78135681152344
2011-04-05,9.26449966430664,39.15550994873047,83.03358459472656
2011-04-06,9.137999534606934,39.353416442871094,81.21964263916016
2011-04-07,9.245499610900879,39.28011703491211,82.03445434570312
2011-04-08,9.23550033569336,39.37540817260742,82.82989501953125
2011-04-11,9.20199966430664,38.796356201171875,82.93659973144531
2011-04-12,9.02400016784668,38.525142669677734,80.23991394042969
2011-04-13,9.114500045776367,38.913631439208984,82.78135681152344
2011-04-14,9.090999603271484,39.03090286254883,82.67466735839844
2011-04-15,9.000499725341797,39.302093505859375,83.57678985595703
2011-04-18,8.916999816894531,38.686405181884766,84.77960205078125
2011-04-19,8.940999984741211,38.62776565551758,87.83517456054688
2011-04-20,9.193499565124512,39.3167610168457,86.54505920410156
2011-04-21,9.294500350952148,39.763877868652344,87.24346923828125
2011-04-25,9.270999908447266,39.353416442871094,87.2337646484375
2011-04-26,9.114999771118164,39.39006042480469,87.11737823486328
2011-04-27,9.831500053405762,38.78168487548828,88.07768249511719
2011-04-28,9.753499984741211,38.59111785888672,88.5044937133789
2011-04-29,9.790499687194824,38.686405181884766,88.65968322753906
2011-05-02,10.059499740600586,38.8549919128418,89.43571472167969
2011-05-03,9.922499656677246,37.858150482177734,84.1588134765625
2011-05-04,9.998499870300293,37.433013916015625,83.19847869873047
2011-05-05,9.855500221252441,37.271759033203125,86.23465728759766
2011-05-06,9.880000114440918,37.39636993408203,86.05033111572266
2011-05-09,10.039999961853027,37.82149124145508,86.06977081298828
2011-05-10,10.196999549865723,37.97542190551758,85.84664916992188
2011-05-11,10.218999862670898,37.27909851074219,84.98332214355469
2011-05-12,10.303500175476074,37.36704635620117,84.27522277832031
2011-05-13,10.128000259399414,37.19847106933594,83.02386474609375
2011-05-16,9.625499725341797,37.330413818359375,82.19935607910156
2011-05-17,9.740500450134277,37.16914749145508,83.82899475097656
2011-05-18,9.854499816894531,38.13667678833008,85.36162567138672
2011-05-19,9.9399995803833,37.938777923583984,86.30254364013672
2011-05-20,9.932499885559082,37.7262077331543,85.54594421386719
2011-05-23,9.810999870300293,36.71470260620117,83.61560821533203
2011-05-24,9.66349983215332,37.02988052368164,83.33428955078125
2011-05-25,9.61299991607666,37.27909851074219,84.40132141113281
2011-05-26,9.75,37.30107498168945,84.46920776367188
2011-05-27,9.706500053405762,37.586944580078125,85.39071655273438
2011-05-31,9.834500312805176,38.42252731323242,85.47804260253906
2011-06-01,9.619999885559082,37.86547088623047,85.36162567138672
2011-06-02,9.682499885559082,37.99009323120117,87.01066589355469
2011-06-03,9.416000366210938,37.34505844116211,86.99127197265625
2011-06-06,9.284500122070312,37.095848083496094,79.69672393798828
2011-06-07,9.3774995803833,37.323062896728516,79.289306640625
2011-06-08,9.40250015258789,36.72203826904297,75.98153686523438
2011-06-09,9.484000205993652,36.949256896972656,77.52387237548828
2011-06-10,9.326499938964844,36.135650634765625,76.49565124511719
2011-06-13,9.314499855041504,35.893768310546875,74.99214172363281
2011-06-14,9.498000144958496,36.3995246887207,77.86338806152344
2011-06-15,9.298999786376953,35.703182220458984,73.91542053222656
2011-06-16,9.182499885559082,35.563934326171875,73.63412475585938
2011-06-17,9.318499565124512,35.51994705200195,73.74080657958984
2011-06-20,9.38599967956543,35.46864318847656,72.10148620605469
2011-06-21,9.71150016784668,36.135650634765625,76.89335632324219
2011-06-22,9.581500053405762,35.80976104736328,74.58472442626953
2011-06-23,9.708000183105469,35.35383224487305,76.05913543701172
2011-06-24,9.6274995803833,36.16106033325195,74.99214172363281
2011-06-27,10.0625,36.788917541503906,76.21432495117188
2011-06-28,10.117500305175781,36.94586944580078,73.75769805908203
2011-06-29,10.208999633789062,36.99073028564453,72.9323501586914
2011-06-30,10.224499702453613,37.349491119384766,77.03972625732422
2011-07-01,10.474499702453613,37.842796325683594,79.18562316894531
2011-07-05,10.659500122070312,37.87268829345703,79.83623504638672
2011-07-06,10.709500312805176,37.2822151184082,80.45767211914062
2011-07-07,10.836999893188477,37.917545318603516,82.59386444091797
2011-07-08,10.913999557495117,37.28969192504883,80.63246154785156
2011-07-11,10.6274995803833,36.5347785949707,78.14668273925781
2011-07-12,10.56149959564209,36.18349075317383,76.24346923828125
2011-07-13,10.675000190734863,36.803855895996094,77.01058197021484
2011-07-14,10.519000053405762,36.48992156982422,75.38899993896484
2011-07-15,10.643500328063965,36.497398376464844,76.69014739990234
2011-07-18,10.576499938964844,36.347923278808594,73.79653930664062
2011-07-19,10.902999877929688,36.624481201171875,76.18521881103516
2011-07-20,10.77750015258789,36.796382904052734,74.50535583496094
2011-07-21,10.660499572753906,37.03557205200195,78.02043914794922
2011-07-22,10.826000213623047,37.31959915161133,79.66143035888672
2011-07-25,10.674500465393066,36.98324203491211,78.02043914794922
2011-07-26,10.708999633789062,37.087886810302734,78.52534484863281
2011-07-27,11.12600040435791,36.699222564697266,76.15609741210938
2011-07-28,11.194999694824219,37.03557205200195,77.15625
2011-07-29,11.12600040435791,37.087886810302734,77.11738586425781
2011-08-01,11.065999984741211,36.60206985473633,76.56392669677734
2011-08-02,10.585000038146973,36.35540008544922,72.16527557373047
2011-08-03,10.498000144958496,35.67523193359375,70.19410705566406
2011-08-04,10.074000358581543,34.673667907714844,62.20271682739258
2011-08-05,10.135000228881836,33.63471984863281,60.43549346923828
2011-08-08,9.6850004196167,31.32513999938965,56.61943817138672
2011-08-09,10.254500389099121,32.36406707763672,61.38707733154297
2011-08-10,9.706500053405762,31.42230987548828,60.717079162597656
2011-08-11,9.918000221252441,31.83338737487793,64.27096557617188
2011-08-12,10.114999771118164,32.289329528808594,66.51399993896484
2011-08-15,10.147500038146973,33.33574295043945,67.13544464111328
2011-08-16,9.883999824523926,33.18626022338867,65.88284301757812
2011-08-17,9.796500205993652,33.18626022338867,66.64994812011719
2011-08-18,9.12600040435791,33.18626022338867,60.4063606262207
2011-08-19,8.946499824523926,31.586750030517578,58.45463943481445
2011-08-22,8.876999855041504,31.123332977294922,58.40609359741211
2011-08-23,9.677499771118164,31.885717391967773,61.746360778808594
2011-08-24,9.68649959564209,31.61663246154785,62.37750244140625
2011-08-25,9.601499557495117,31.51200294494629,60.93071365356445
2011-08-26,9.963500022888184,31.728757858276367,63.028079986572266
2011-08-29,10.326499938964844,32.565879821777344,65.57212829589844
2011-08-30,10.545999526977539,32.77516174316406,66.77615356445312
2011-08-31,10.761500358581543,33.3506965637207,65.42646026611328
2011-09-01,10.626999855041504,33.29838180541992,66.2518310546875
2011-09-02,10.5,32.438819885253906,65.83427429199219
2011-09-06,10.809000015258789,31.952974319458008,63.882568359375
2011-09-07,10.994999885559082,31.952974319458008,67.13544464111328
2011-09-08,10.86299991607666,31.952974319458008,67.41703033447266
2011-09-09,10.569499969482422,31.21302032470703,63.853431701660156
2011-09-12,10.82800006866455,30.801931381225586,64.05735778808594
2011-09-13,10.976499557495117,30.839298248291016,65.44589233398438
2011-09-14,11.128499984741211,30.816877365112305,66.7179183959961
2011-09-15,11.33899974822998,31.056062698364258,67.02862548828125
2011-09-16,11.96500015258789,31.23544692993164,66.39747619628906
2011-09-19,12.084500312805176,30.338518142700195,66.56253051757812
2011-09-20,11.662500381469727,30.248828887939453,66.29065704345703
2011-09-21,11.593500137329102,29.58361053466797,62.24156188964844
2011-09-22,11.161499977111816,27.154436111450195,58.920719146728516
2011-09-23,11.180500030517578,27.65522003173828,57.27001190185547
2011-09-26,11.492500305175781,27.281497955322266,55.05611038208008
2011-09-27,11.21049976348877,28.582040786743164,57.007835388183594
2011-09-28,11.48550033569336,28.200847625732422,54.69369125366211
2011-09-29,11.121999740600586,28.11115074157715,55.25764083862305
2011-09-30,10.81149959564209,26.989994049072266,52.26286697387695
2011-10-03,10.598999977111816,26.048219680786133,48.15960693359375
2011-10-04,10.625,24.994335174560547,51.660011291503906
2011-10-05,10.975000381469727,26.53406524658203,53.701908111572266
2011-10-06,11.075499534606934,27.064739227294922,55.19928741455078
2011-10-07,11.237000465393066,27.22170066833496,55.57849884033203
2011-10-10,11.565999984741211,28.447505950927734,57.63985824584961
2011-10-11,11.77400016784668,29.052928924560547,58.330204010009766
2011-10-12,11.840499877929688,30.203977584838867,57.357879638671875
2011-10-13,11.807499885559082,29.68077278137207,58.45661544799805
2011-10-14,12.33549976348877,30.0395450592041,60.12902069091797
2011-10-17,12.116499900817871,29.4266414642334,59.390052795410156
2011-10-18,12.194000244140625,28.48487663269043,59.448387145996094
2011-10-19,11.576499938964844,29.239774703979492,59.46784210205078
2011-10-20,11.680500030517578,27.89439582824707,59.55534744262695
2011-10-21,11.73900032043457,27.89439582824707,62.822383880615234
2011-10-24,11.880499839782715,30.51042938232422,65.55462646484375
2011-10-25,11.357500076293945,30.174083709716797,62.89045333862305
2011-10-26,9.920000076293945,30.43569564819336,63.96973419189453
2011-10-27,10.33899974822998,32.70790100097656,67.10063934326172
2011-10-28,10.866000175476074,32.648101806640625,66.84782409667969
2011-10-31,10.67549991607666,31.272815704345703,63.39604949951172
2011-11-01,10.604999542236328,30.75708770751953,60.8291015625
2011-11-02,10.781000137329102,31.938030242919922,61.665306091308594
2011-11-03,10.91450023651123,32.461246490478516,80.74246978759766
2011-11-04,10.824000358581543,31.69886016845703,83.7275161743164
2011-11-07,10.850000381469727,32.58830261230469,85.25408172607422
2011-11-08,10.899499893188477,32.199642181396484,85.12769317626953
2011-11-09,10.560999870300293,30.966371536254883,82.92049407958984
2011-11-10,10.53950023651123,31.36251449584961,83.0566177368164
2011-11-11,10.869500160217285,31.6016845703125,83.12467193603516
2011-11-14,10.946499824523926,31.21302032470703,83.9219741821289
2011-11-15,10.891500473022461,31.870771408081055,82.83295440673828
2011-11-16,10.599499702453613,31.100902557373047,83.02745819091797
2011-11-17,10.22599983215332,29.845212936401367,84.20397186279297
2011-11-18,9.857000350952148,30.002164840698242,80.84941864013672
2011-11-21,9.462499618530273,29.194934844970703,79.51732635498047
2011-11-22,9.616999626159668,28.94828224182129,79.77013397216797
2011-11-23,9.44950008392334,28.60446548461914,78.33109283447266
2011-11-25,9.119999885559082,28.716575622558594,78.23384094238281
2011-11-28,9.707500457763672,29.359378814697266,82.46349334716797
2011-11-29,9.419500350952148,29.67330551147461,82.46349334716797
2011-11-30,9.614500045776367,31.168170928955078,85.2637939453125
2011-12-01,9.856499671936035,31.28029441833496,83.67890930175781
2011-12-02,9.80150032043457,31.28029441833496,82.97881317138672
2011-12-05,9.812000274658203,31.227970123291016,88.52113342285156
2011-12-06,9.599499702453613,31.317659378051758,92.00208282470703
2011-12-07,9.765999794006348,31.100902557373047,91.0978012084961
2011-12-08,9.52400016784668,30.36094856262207,86.83899688720703
2011-12-09,9.65149974822998,30.786983489990234,90.08660125732422
2011-12-12,9.47599983215332,29.598552703857422,88.14191436767578
2011-12-13,9.025500297546387,29.523807525634766,86.69314575195312
2011-12-14,9.010499954223633,29.28463363647461,84.68040466308594
2011-12-15,9.062999725341797,29.2622013092041,81.91899108886719
2011-12-16,9.062999725341797,29.576128005981445,81.77312469482422
2011-12-19,8.966500282287598,29.247257232666016,80.91746520996094
2011-12-20,9.12600040435791,30.067689895629883,83.61083221435547
2011-12-21,8.717499732971191,29.940324783325195,79.5075912475586
2011-12-22,8.951499938964844,30.31495475769043,81.26752471923828
2011-12-23,8.86400032043457,30.479785919189453,80.12016296386719
2011-12-27,8.81350040435791,30.120147705078125,79.41036224365234
2011-12-28,8.694499969482422,29.77549171447754,78.25215148925781
2011-12-29,8.692999839782715,29.910354614257812,78.10614776611328
2011-12-30,8.654999732971191,30.142629623413086,77.41513061523438
2012-01-03,8.951499938964844,30.757015228271484,79.6147689819336
2012-01-04,8.875499725341797,30.757015228271484,78.32029724121094
2012-01-05,8.880499839782715,30.801977157592773,79.62447357177734
2012-01-06,9.130499839782715,30.090177536010742,78.4468002319336
2012-01-09,8.928000450134277,30.58468246459961,78.10614776611328
2012-01-10,8.967000007629395,31.46131134033203,81.4639892578125
2012-01-11,8.944999694824219,31.498779296875,81.52239990234375
2012-01-12,8.796500205993652,31.37140464782715,84.1989517211914
2012-01-13,8.920999526977539,31.31896209716797,84.40331268310547
2012-01-17,9.083000183105469,32.0307502746582,84.52984619140625
2012-01-18,9.472000122070312,32.57770919799805,84.62718200683594
2012-01-19,9.72249984741211,33.05723571777344,85.53233337402344
2012-01-20,9.546500205993652,32.989803314208984,85.06515502929688
2012-01-23,9.304499626159668,33.37191390991211,85.11383819580078
2012-01-24,9.350000381469727,33.28950119018555,86.1747055053711
2012-01-25,9.390000343322754,33.514286041259766,86.08709716796875
2012-01-26,9.666000366210938,33.41687774658203,85.67831420898438
2012-01-27,9.768500328063965,33.79900360107422,87.49838256835938
2012-01-30,9.607500076293945,32.877403259277344,85.58099365234375
2012-01-31,9.722000122070312,33.10219192504883,85.06515502929688
2012-02-01,8.972999572753906,33.701595306396484,88.21858978271484
2012-02-02,9.086000442504883,33.8889045715332,90.9535140991211
2012-02-03,9.383999824523926,34.428367614746094,94.11670684814453
2012-02-06,9.156999588012695,33.9488525390625,93.13370513916016
2012-02-07,9.209500312805176,33.94135284423828,91.37201690673828
2012-02-08,9.27400016784668,34.6981086730957,91.44017791748047
2012-02-09,9.24899959564209,34.66813278198242,91.71269226074219
2012-02-10,9.277000427246094,33.55923843383789,90.30142211914062
2012-02-13,9.579500198364258,34.098690032958984,92.9293212890625
2012-02-14,9.5649995803833,33.858943939208984,92.68600463867188
2012-02-15,9.22350025177002,34.45085144042969,96.58885192871094
2012-02-16,8.996500015258789,34.8779296875,94.29188537597656
2012-02-17,9.125,34.922889709472656,93.59114837646484
2012-02-21,9.11299991607666,34.66063690185547,94.45736694335938
2012-02-22,9.029000282287598,35.02777099609375,95.10945892333984
2012-02-23,8.944499969482422,34.87043380737305,94.40870666503906
2012-02-24,8.956500053405762,35.072750091552734,96.08274841308594
2012-02-27,8.92650032043457,34.73556900024414,100.00508117675781
2012-02-28,9.1899995803833,35.1176872253418,98.399169921875
2012-02-29,8.98449993133545,35.00529861450195,94.71041107177734
2012-03-01,9.001999855041504,35.11020278930664,95.06080627441406
2012-03-02,8.96500015258789,35.02777099609375,97.23123168945312
2012-03-05,9.012999534606934,34.29350280761719,94.9245376586914
2012-03-06,9.054499626159668,32.99729919433594,90.56422424316406
2012-03-07,9.18850040435791,33.22955322265625,92.12149047851562
2012-03-08,9.381999969482422,34.046241760253906,92.68600463867188
2012-03-09,9.215999603271484,34.443363189697266,93.44515228271484
2012-03-12,9.169500350952148,34.158653259277344,93.00716400146484
2012-03-13,9.229499816894531,35.080230712890625,93.59114837646484
2012-03-14,9.11299991607666,34.16614532470703,93.49381256103516
2012-03-15,9.221500396728516,34.41337966918945,95.01213073730469
2012-03-16,9.2524995803833,34.405887603759766,95.10945892333984
2012-03-19,9.276000022888184,33.74655532836914,95.03157806396484
2012-03-20,9.616499900817871,33.08720397949219,94.69094848632812
2012-03-21,9.58650016784668,33.06472396850586,95.6836929321289
2012-03-22,9.619999885559082,32.69009780883789,93.90259552001953
2012-03-23,9.751999855041504,32.824954986572266,94.66175079345703
2012-03-26,10.143500328063965,33.1396484375,99.04154205322266
2012-03-27,10.272000312805176,33.1396484375,99.09994506835938
2012-03-28,10.057999610900879,32.630157470703125,99.15742492675781
2012-03-29,10.230500221252441,32.19558334350586,96.41956329345703
2012-03-30,10.125499725341797,32.6076774597168,95.27959442138672
2012-04-02,9.90250015258789,33.042240142822266,94.9677963256836
2012-04-03,9.982999801635742,33.05723571777344,97.55951690673828
2012-04-04,9.69950008392334,32.69758987426758,94.29553985595703
2012-04-05,9.719499588012695,33.2370491027832,94.47088623046875
2012-04-09,9.593500137329102,32.65263748168945,94.05191802978516
2012-04-10,9.348999977111816,32.07569885253906,90.88538360595703
2012-04-11,9.398500442504883,32.45033264160156,92.84375762939453
2012-04-12,9.534500122070312,33.566734313964844,95.0944595336914
2012-04-13,9.42300033569336,33.304500579833984,94.12014770507812
2012-04-16,9.274999618530273,32.95983123779297,89.60900115966797
2012-04-17,9.419500350952148,33.49180221557617,90.16436767578125
2012-04-18,9.553500175476074,33.461822509765625,88.23519134521484
2012-04-19,9.555000305175781,33.32696533203125,89.09261322021484
2012-04-20,9.49899959564209,33.701595306396484,88.15725708007812
2012-04-23,9.411999702453613,32.93735122680664,86.34500885009766
2012-04-24,9.516500473022461,33.004783630371094,85.8091049194336
2012-04-25,9.720999717712402,33.22955322265625,89.21926879882812
2012-04-26,9.799500465393066,33.679115295410156,90.0961685180664
2012-04-27,11.342499732971191,33.72406768798828,92.41506958007812
2012-04-30,11.595000267028809,33.604190826416016,94.25655364990234
2012-05-01,11.501999855041504,34.00129318237305,96.78980255126953
2012-05-02,11.512499809265137,34.00129318237305,95.10421752929688
2012-05-03,11.47249984741211,33.82147979736328,91.60637664794922
2012-05-04,11.19950008392334,33.311981201171875,90.47615814208984
2012-05-07,11.258000373840332,33.02726364135742,87.32907104492188
2012-05-08,11.194999694824219,32.45783233642578,85.73116302490234
2012-05-09,11.14900016784668,32.15811538696289,75.10123443603516
2012-05-10,11.334500312805176,31.910860061645508,75.31561279296875
2012-05-11,11.383999824523926,31.70856285095215,74.35099792480469
2012-05-14,11.146499633789062,30.989280700683594,72.24646759033203
2012-05-15,11.219499588012695,30.884382247924805,72.4607925415039
2012-05-16,11.20300006866455,30.322452545166016,74.08793640136719
2012-05-17,10.918000221252441,29.850412368774414,70.7654800415039
2012-05-18,10.692500114440918,29.69306755065918,70.80445861816406
2012-05-21,10.905500411987305,30.262496948242188,73.85411834716797
2012-05-22,10.766500473022461,30.232532501220703,74.39974212646484
2012-05-23,10.86400032043457,30.007749557495117,74.66280364990234
2012-05-24,10.76200008392334,29.678085327148438,72.81157684326172
2012-05-25,10.644499778747559,29.5432186126709,72.81157684326172
2012-05-29,10.737500190734863,30.547222137451172,72.22698211669922
2012-05-30,10.46150016784668,30.20256996154785,71.90546417236328
2012-05-31,10.645500183105469,30.419837951660156,68.43682861328125
2012-06-01,10.41100025177002,29.72303009033203,66.41999053955078
2012-06-04,10.728500366210938,29.573190689086914,65.4846420288086
2012-06-05,10.660499572753906,29.588176727294922,69.97628021240234
2012-06-06,10.881999969482422,30.35240936279297,71.242919921875
2012-06-07,10.9399995803833,30.71206283569336,70.05422973632812
2012-06-08,10.923999786376953,30.082687377929688,69.6839828491211
2012-06-11,10.824999809265137,30.052705764770508,68.03736114501953
2012-06-12,10.821000099182129,30.749528884887695,66.6148452758789
2012-06-13,10.736499786376953,30.637123107910156,65.01695251464844
2012-06-14,10.72249984741211,30.77200698852539,65.8548583984375
2012-06-15,10.917499542236328,31.206573486328125,66.7122802734375
2012-06-18,11.133000373840332,31.47630500793457,67.68659210205078
2012-06-19,11.201499938964844,31.83595085144043,68.31990814208984
2012-06-20,11.151000022888184,31.633644104003906,68.8558120727539
2012-06-21,11.028499603271484,30.295425415039062,67.70610046386719
2012-06-22,11.107999801635742,30.394777297973633,68.77783203125
2012-06-25,11.003499984741211,29.729869842529297,68.02762603759766
2012-06-26,11.280500411987305,29.997356414794922,71.80801391601562
2012-06-27,11.281000137329102,30.53233528137207,71.48503875732422
2012-06-28,11.065500259399414,30.188419342041016,69.63106536865234
2012-06-29,11.417499542236328,31.26603126525879,73.96351623535156
2012-07-02,11.465999603271484,31.304237365722656,77.33966827392578
2012-07-03,11.476499557495117,31.78573989868164,78.67647552490234
2012-07-05,11.352999687194824,31.617595672607422,77.89586639404297
2012-07-06,11.2524995803833,31.113174438476562,75.77842712402344
2012-07-09,11.2524995803833,30.70812225341797,73.0169906616211
2012-07-10,10.975000381469727,30.211355209350586,70.80198669433594
2012-07-11,10.918499946594238,30.46356201171875,70.72393798828125
2012-07-12,10.767999649047852,30.027935028076172,70.56783294677734
2012-07-13,10.919500350952148,30.410064697265625,72.46078491210938
2012-07-16,10.80049991607666,30.356557846069336,70.00186920166016
2012-07-17,10.846500396728516,30.891544342041016,68.41133880615234
2012-07-18,10.873499870300293,30.654617309570312,70.14823150634766
2012-07-19,11.308500289916992,31.02911376953125,71.69970703125
2012-07-20,11.41450023651123,30.486488342285156,71.8656005859375
2012-07-23,11.30049991607666,30.104339599609375,69.53350067138672
2012-07-24,11.152000427246094,29.928577423095703,68.33329772949219
2012-07-25,10.852499961853027,29.82921028137207,68.2454833984375
2012-07-26,11.000499725341797,30.402408599853516,71.47528839111328
2012-07-27,11.866000175476074,31.235462188720703,73.87567138671875
2012-07-30,11.804499626159668,30.9603328704834,68.30400848388672
2012-07-31,11.664999961853027,31.143754959106445,65.1913070678711
2012-08-01,11.604499816894531,31.2736759185791,63.93254470825195
2012-08-02,11.540499687194824,30.922115325927734,64.9083251953125
2012-08-03,11.748499870300293,31.6634464263916,80.67681884765625
2012-08-06,11.69950008392334,31.801013946533203,83.9358901977539
2012-08-07,11.82800006866455,32.007362365722656,86.71682739257812
2012-08-08,11.718999862670898,31.92329216003418,83.76998901367188
2012-08-09,11.70300006866455,32.083797454833984,83.68220520019531
2012-08-10,11.637499809265137,32.02265548706055,83.7212142944336
2012-08-13,11.621999740600586,31.747516632080078,83.74073028564453
2012-08-14,11.659500122070312,31.77045249938965,83.01866149902344
2012-08-15,11.871000289916992,31.724590301513672,82.76495361328125
2012-08-16,12.077500343322754,31.617595672607422,84.74577331542969
2012-08-17,12.058500289916992,31.648164749145508,83.1455078125
2012-08-20,12.017499923706055,31.640525817871094,82.60884857177734
2012-08-21,11.97249984741211,31.53352928161621,81.40863800048828
2012-08-22,12.154999732971191,31.441808700561523,80.51091766357422
2012-08-23,12.0600004196167,31.357738494873047,78.54962158203125
2012-08-24,12.286999702453613,31.220184326171875,78.54962158203125
2012-08-27,12.196000099182129,30.860973358154297,77.42750549316406
2012-08-28,12.305500030517578,30.81512451171875,77.42750549316406
2012-08-29,12.355999946594238,30.753971099853516,77.11524200439453
2012-08-30,12.310999870300293,30.24955940246582,77.19330596923828
2012-08-31,12.41349983215332,30.379491806030273,77.65192413330078
2012-09-04,12.394000053405762,30.08141326904297,78.70574188232422
2012-09-05,12.310999870300293,29.745149612426758,77.93488311767578
2012-09-06,12.569000244140625,30.387130737304688,80.14987182617188
2012-09-07,12.956999778747559,31.120826721191406,80.8622055053711
2012-09-10,12.854499816894531,30.76926040649414,81.0573501586914
2012-09-11,12.783499717712402,31.036758422851562,80.52067565917969
2012-09-12,12.781499862670898,31.3118839263916,80.54020690917969
2012-09-13,13.01200008392334,32.076148986816406,82.45270538330078
2012-09-14,13.06350040435791,32.48885726928711,86.424072265625
2012-09-17,12.899999618530273,32.076148986816406,86.38506317138672
2012-09-18,12.9375,31.953880310058594,86.12159729003906
2012-09-19,13.083999633789062,32.29015350341797,86.53143310546875
2012-09-20,13.040499687194824,31.900375366210938,83.9358901977539
2012-09-21,12.873499870300293,32.12200927734375,81.11592102050781
2012-09-24,12.739999771118164,32.099082946777344,80.20844268798828
2012-09-25,12.623000144958496,31.67109489440918,79.11557006835938
2012-09-26,12.483499526977539,31.395963668823242,78.43061828613281
2012-09-27,12.829500198364258,32.18314743041992,80.0525894165039
2012-09-28,12.715999603271484,32.099082946777344,80.65838623046875
2012-10-01,12.600500106811523,32.37421417236328,83.0033950805664
2012-10-02,12.529999732971191,32.38950729370117,83.41374969482422
2012-10-03,12.795999526977539,32.351295471191406,84.28336334228516
2012-10-04,13.023500442504883,32.634063720703125,85.93463134765625
2012-10-05,12.92549991607666,32.79456329345703,85.91510772705078
2012-10-08,12.95300006866455,32.450653076171875,84.81098175048828
2012-10-09,12.54800033569336,32.29015350341797,83.80461883544922
2012-10-10,12.249500274658203,32.48885726928711,84.30290985107422
2012-10-11,12.211000442504883,33.107906341552734,84.00001525878906
2012-10-12,12.118000030517578,33.260765075683594,82.87637329101562
2012-10-15,12.208999633789062,33.383052825927734,85.1529769897461
2012-10-16,12.196999549865723,33.696388244628906,88.21125030517578
2012-10-17,12.374500274658203,34.1014518737793,89.60847473144531
2012-10-18,12.242500305175781,34.10908889770508,86.40365600585938
2012-10-19,12.0,33.864524841308594,83.27696990966797
2012-10-22,11.689000129699707,34.346012115478516,83.64826202392578
2012-10-23,11.715499877929688,33.742252349853516,83.54080200195312
2012-10-24,11.424500465393066,34.078521728515625,83.05225372314453
2012-10-25,11.145999908447266,34.27724075317383,82.38783264160156
2012-10-26,11.911999702453613,33.87217330932617,81.68431091308594
2012-10-31,11.644499778747559,33.90274429321289,82.04584503173828
2012-11-01,11.607000350952148,34.911563873291016,84.37130737304688
2012-11-02,11.621000289916992,34.743431091308594,77.11154174804688
2012-11-05,11.716500282287598,35.133201599121094,76.45691680908203
2012-11-06,11.878000259399414,35.301353454589844,77.94207763671875
2012-11-07,11.602999687194824,34.521793365478516,75.37236022949219
2012-11-08,11.367500305175781,33.933319091796875,73.75039672851562
2012-11-09,11.315500259399414,33.971534729003906,74.57115173339844
2012-11-12,11.32349967956543,34.185516357421875,73.34001159667969
2012-11-13,11.329999923706055,33.66581726074219,72.21636199951172
2012-11-14,11.147500038146973,33.383052825927734,70.97547149658203
2012-11-15,11.029999732971191,33.344825744628906,72.74397277832031
2012-11-16,11.261500358581543,33.3218994140625,73.70153045654297
2012-11-19,11.48550033569336,34.078521728515625,73.24231719970703
2012-11-20,11.689000129699707,33.757537841796875,73.48657989501953
2012-11-21,11.90149974822998,34.03266906738281,73.67221069335938
2012-11-23,11.994000434875488,34.743431091308594,72.40201568603516
2012-11-26,12.180999755859375,34.659366607666016,72.548583984375
2012-11-27,12.170000076293945,34.26195526123047,71.90369415283203
2012-11-28,12.355500221252441,34.39188766479492,69.35350799560547
2012-11-29,12.56350040435791,34.483585357666016,69.72479248046875
2012-11-30,12.602499961853027,34.605865478515625,70.3012924194336
2012-12-03,12.516500473022461,34.33837127685547,70.64324188232422
2012-12-04,12.624500274658203,34.5141487121582,71.4249267578125
2012-12-05,12.697999954223633,35.40834045410156,73.72107696533203
2012-12-06,12.668499946594238,35.515342712402344,71.41516876220703
2012-12-07,12.66349983215332,35.5458984375,73.16412353515625
2012-12-10,12.388500213623047,35.88218307495117,74.24868774414062
2012-12-11,12.534500122070312,35.87453842163086,77.6391830444336
2012-12-12,12.588000297546387,35.958614349365234,77.68804931640625
2012-12-13,12.5625,35.607059478759766,76.66211700439453
2012-12-14,12.459500312805176,36.119102478027344,76.49602508544922
2012-12-17,12.692999839782715,36.19553756713867,76.76958465576172
2012-12-18,13.020000457763672,36.32034683227539,77.10179138183594
2012-12-19,12.899499893188477,36.274410247802734,77.31674194335938
2012-12-20,13.074999809265137,36.61901092529297,77.3460693359375
2012-12-21,12.845999717712402,36.159542083740234,76.701171875
2012-12-24,12.930999755859375,36.067657470703125,76.97476196289062
2012-12-26,12.431500434875488,36.41225051879883,76.62301635742188
2012-12-27,12.415499687194824,36.40459442138672,76.70032501220703
2012-12-28,12.258999824523926,36.42756652832031,75.73167419433594
2012-12-31,12.543499946594238,37.13972091674805,76.85688018798828
2013-01-02,12.865500450134277,38.28837966918945,80.50646209716797
2013-01-03,12.923999786376953,38.119911193847656,80.95655059814453
2013-01-04,12.957500457763672,38.09694290161133,81.0054931640625
2013-01-07,13.42300033569336,37.905494689941406,80.83915710449219
2013-01-08,13.319000244140625,37.37712097167969,81.63169860839844
2013-01-09,13.317500114440918,37.698734283447266,84.6355209350586
2013-01-10,13.267000198364258,38.142879486083984,84.4300537109375
2013-01-11,13.397000312805176,37.714046478271484,84.69422149658203
2013-01-14,13.636500358581543,37.79829025268555,85.08558654785156
2013-01-15,13.595000267028809,37.79829025268555,85.34979248046875
2013-01-16,13.446499824523926,37.86720657348633,84.92903900146484
2013-01-17,13.52400016784668,37.982059478759766,85.8194351196289
2013-01-18,13.605999946594238,38.12757873535156,86.34780883789062
2013-01-22,13.509499549865723,38.18882369995117,85.66287231445312
2013-01-23,13.405500411987305,38.012699127197266,85.66287231445312
2013-01-24,13.67300033569336,38.043331146240234,85.82921600341797
2013-01-25,14.19950008392334,37.63747787475586,87.31645202636719
2013-01-28,13.802000045776367,37.514957427978516,85.78028106689453
2013-01-29,13.017499923706055,38.1046028137207,85.22259521484375
2013-01-30,13.637999534606934,38.12757873535156,83.77446746826172
2013-01-31,13.274999618530273,37.96675491333008,86.49456787109375
2013-02-01,13.25,38.23477554321289,85.51610565185547
2013-02-04,12.99899959564209,37.285221099853516,84.27347564697266
2013-02-05,13.344499588012695,37.438377380371094,85.15409851074219
2013-02-06,13.111000061035156,37.37712097167969,85.75094604492188
2013-02-07,13.011500358581543,36.7338752746582,83.98974609375
2013-02-08,13.09749984741211,37.19334030151367,81.92521667480469
2013-02-11,12.86050033569336,37.1550407409668,82.1404800415039
2013-02-12,12.9350004196167,37.17802047729492,81.19139099121094
2013-02-13,13.47350025177002,37.43071746826172,81.20115661621094
2013-02-14,13.461999893188477,37.45368957519531,81.81758880615234
2013-02-15,13.254500389099121,37.576210021972656,81.5240707397461
2013-02-19,13.487500190734863,36.90999221801758,83.06999969482422
2013-02-20,13.320500373840332,36.573062896728516,82.2089614868164
2013-02-21,13.29699993133545,36.037025451660156,82.40465545654297
2013-02-22,13.270999908447266,36.07530212402344,83.28526306152344
2013-02-25,12.993499755859375,35.508636474609375,82.73731994628906
2013-02-26,12.968000411987305,35.539268493652344,82.21875762939453
2013-02-27,13.162500381469727,36.00639343261719,82.61991882324219
2013-02-28,13.213500022888184,36.266746520996094,83.76469421386719
2013-03-01,13.286999702453613,36.12125015258789,83.7451171875
2013-03-04,13.655500411987305,35.57756042480469,85.05624389648438
2013-03-05,13.779500007629395,35.88386917114258,85.7020263671875
2013-03-06,13.689499855041504,36.037025451660156,88.91133117675781
2013-03-07,13.694000244140625,36.159542083740234,88.85260772705078
2013-03-08,13.709500312805176,36.588382720947266,90.66272735595703
2013-03-11,13.562000274658203,36.159542083740234,93.30455017089844
2013-03-12,13.706500053405762,35.554588317871094,92.61962127685547
2013-03-13,13.755000114440918,34.91899871826172,92.86424255371094
2013-03-14,13.286999702453613,35.43971633911133,92.90337371826172
2013-03-15,13.090999603271484,35.02620315551758,92.98165893554688
2013-03-18,12.894499778747559,34.40593719482422,92.40435791015625
2013-03-19,12.820500373840332,34.13791275024414,92.70768737792969
2013-03-20,12.86400032043457,34.964942932128906,92.75662231445312
2013-03-21,12.669500350952148,34.60504150390625,92.27716827392578
2013-03-22,12.887499809265137,34.750526428222656,91.81729888916016
2013-03-25,12.800999641418457,34.52080154418945,91.94451141357422
2013-03-26,13.01550006866455,34.95729064941406,93.3781509399414
2013-03-27,13.265000343322754,35.010902404785156,93.83872985839844
2013-03-28,13.32450008392334,34.69693374633789,94.6226577758789
2013-04-01,13.080499649047852,34.306392669677734,95.89659118652344
2013-04-02,13.166000366210938,34.352333068847656,95.82799530029297
2013-04-03,12.951499938964844,33.84693908691406,94.26009368896484
2013-04-04,12.954000473022461,33.87757110595703,93.32915496826172
2013-04-05,12.77400016784668,33.55593490600586,91.91806030273438
2013-04-08,12.947500228881836,33.59422302246094,91.97683715820312
2013-04-09,13.057000160217285,34.09197235107422,91.91806030273438
2013-04-10,13.238499641418457,34.352333068847656,94.52466583251953
2013-04-11,13.492500305175781,34.2144889831543,95.73001861572266
2013-04-12,13.643500328063965,33.90818405151367,94.2012939453125
2013-04-15,13.38599967956543,32.935665130615234,90.9478988647461
2013-04-16,13.616999626159668,33.540618896484375,93.11357116699219
2013-04-17,13.369999885559082,32.920352935791016,90.7911148071289
2013-04-18,12.970999717712402,33.042869567871094,88.64505004882812
2013-04-19,13.015999794006348,34.00008773803711,90.05614471435547
2013-04-22,13.177499771118164,34.32170104980469,91.76126098632812
2013-04-23,13.444999694824219,34.191524505615234,92.07482147216797
2013-04-24,13.439000129699707,34.497833251953125,94.6226577758789
2013-04-25,13.734999656677246,34.86539840698242,94.72066497802734
2013-04-26,12.740500450134277,34.63566589355469,95.40663146972656
2013-04-29,12.487000465393066,35.06448745727539,96.97453308105469
2013-04-30,12.690500259399414,35.37080383300781,98.57180786132812
2013-05-01,12.411499977111816,34.86539840698242,95.99457550048828
2013-05-02,12.6274995803833,35.0798225402832,98.70901489257812
2013-05-03,12.90250015258789,35.424407958984375,101.9329605102539
2013-05-06,12.78600025177002,35.539268493652344,101.86438751220703
2013-05-07,12.886500358581543,35.937469482421875,120.08141326904297
2013-05-08,12.934000015258789,36.274410247802734,115.23070526123047
2013-05-09,13.008000373840332,35.94512939453125,115.97547912597656
2013-05-10,13.181500434875488,36.09828567504883,118.6899185180664
2013-05-13,13.225500106811523,35.562252044677734,116.8966293334961
2013-05-14,13.416500091552734,35.600528717041016,117.58258819580078
2013-05-15,13.32800006866455,35.638816833496094,116.8966293334961
2013-05-16,13.206000328063965,35.43971633911133,117.5923843383789
2013-05-17,13.494999885559082,35.82260513305664,122.70765686035156
2013-05-20,13.381500244140625,36.17485809326172,121.80612182617188
2013-05-21,13.442999839782715,36.044673919677734,122.3450698852539
2013-05-22,13.14799976348877,35.40909194946289,118.17052459716797
2013-05-23,13.09000015258789,35.209991455078125,117.51397705078125
2013-05-24,13.086999893188477,34.628013610839844,114.77015686035156
2013-05-28,13.364500045776367,35.225318908691406,115.97547912597656
2013-05-29,13.27649974822998,34.819454193115234,115.66189575195312
2013-05-30,13.341500282287598,34.92665481567383,116.42626190185547
2013-05-31,13.460000038146973,34.275753021240234,112.3203125
2013-06-03,13.343999862670898,34.71990203857422,112.58490753173828
2013-06-04,13.28499984741211,34.329368591308594,112.47711181640625
2013-06-05,13.358499526977539,33.85459518432617,111.62458038330078
2013-06-06,13.391500473022461,34.12260437011719,114.88775634765625
2013-06-07,13.843500137329102,33.862239837646484,114.52518463134766
2013-06-10,14.053500175476074,33.48701095581055,115.18174743652344
2013-06-11,13.73900032043457,32.95863723754883,112.27132415771484
2013-06-12,13.583499908447266,32.85908508300781,109.6548843383789
2013-06-13,13.78950023651123,33.21900177001953,110.72303771972656
2013-06-14,13.69950008392334,32.34602737426758,109.68428802490234
2013-06-17,13.902999877929688,32.866737365722656,111.71276092529297
2013-06-18,14.088000297546387,32.88205337524414,111.34037780761719
2013-06-19,13.907999992370605,31.955467224121094,113.4570541381836
2013-06-20,13.67199993133545,30.72258949279785,108.55736541748047
2013-06-21,13.668000221252441,31.0825138092041,106.009521484375
2013-06-24,13.530500411987305,30.33205223083496,103.5988998413086
2013-06-25,13.604499816894531,30.79916763305664,104.48084259033203
2013-06-26,13.878499984741211,31.46538734436035,106.59345245361328
2013-06-27,13.8774995803833,31.81401252746582,107.12335205078125
2013-06-28,13.884499549865723,32.00985336303711,105.73977661132812
2013-07-01,14.104999542236328,31.91584587097168,106.24020385742188
2013-07-02,14.18649959564209,31.46929168701172,104.8664779663086
2013-07-03,14.201499938964844,31.20294952392578,105.18045806884766
2013-07-05,14.293999671936035,31.328296661376953,103.98332977294922
2013-07-08,14.529500007629395,31.484968185424805,104.56226348876953
2013-07-09,14.576499938964844,31.610319137573242,108.34990692138672
2013-07-10,14.616499900817871,31.547653198242188,107.98684692382812
2013-07-11,14.982999801635742,33.16145706176758,108.83071899414062
2013-07-12,15.3774995803833,32.487735748291016,111.26423645019531
2013-07-15,15.328499794006348,32.8245964050293,106.49534606933594
2013-07-16,15.343500137329102,32.98910140991211,103.72820281982422
2013-07-17,15.434499740600586,33.02827835083008,107.4471664428711
2013-07-18,15.205499649047852,32.8245964050293,104.70946502685547
2013-07-19,15.261500358581543,32.90293502807617,103.68895721435547
2013-07-22,15.173999786376953,33.0047721862793,104.1795883178711
2013-07-23,15.053000450134277,33.835182189941406,104.98420715332031
2013-07-24,14.946999549865723,33.56099319458008,105.51409149169922
2013-07-25,15.170000076293945,33.8430290222168,110.88153839111328
2013-07-26,15.600500106811523,33.90568161010742,110.12598419189453
2013-07-29,15.305000305175781,33.45913314819336,113.45242309570312
2013-07-30,15.120499610900879,33.474815368652344,116.81812286376953
2013-07-31,15.060999870300293,33.341644287109375,115.22847747802734
2013-08-01,15.278499603271484,34.12504196166992,119.19275665283203
2013-08-02,15.21049976348877,34.20338439941406,125.96339416503906
2013-08-05,15.049500465393066,33.88219451904297,127.43524932861328
2013-08-06,15.037500381469727,33.67066192626953,124.32470703125
2013-08-07,14.845499992370605,33.145790100097656,121.37113952636719
2013-08-08,14.786999702453613,33.709835052490234,121.90101623535156
2013-08-09,14.86299991607666,33.85869598388672,121.33187866210938
2013-08-12,14.834500312805176,34.80660629272461,123.37287902832031
2013-08-13,14.69849967956543,35.300148010253906,126.84652709960938
2013-08-14,14.567000389099121,35.38631820678711,124.13825988769531
2013-08-15,14.32349967956543,35.06512451171875,120.6940689086914
2013-08-16,14.241000175476074,34.98678970336914,119.6244888305664
2013-08-19,14.278499603271484,34.82227325439453,118.70213317871094
2013-08-20,14.354499816894531,34.43056869506836,117.76011657714844
2013-08-21,14.228500366210938,33.811676025390625,119.21235656738281
2013-08-22,14.486499786376953,34.64209747314453,120.70387268066406
2013-08-23,14.500499725341797,34.610748291015625,120.97863006591797
2013-08-26,14.310500144958496,34.52457809448242,121.84213256835938
2013-08-27,14.046500205993652,34.01536178588867,117.63255310058594
2013-08-28,14.079000473022461,33.99186706542969,118.67268371582031
2013-08-29,14.199000358581543,34.062374114990234,118.90818786621094
2013-08-30,14.048999786376953,34.2425537109375,116.4648666381836
2013-09-03,14.4399995803833,35.041622161865234,119.0161361694336
2013-09-04,14.682000160217285,35.56650161743164,118.77079772949219
2013-09-05,14.704999923706055,35.958213806152344,120.7529525756836
2013-09-06,14.793000221252441,36.12272644042969,117.73068237304688
2013-09-09,14.98550033569336,36.94529342651367,126.09093475341797
2013-09-10,15.017999649047852,37.4466667175293,129.07395935058594
2013-09-11,14.982000350952148,37.09413528442383,126.5521011352539
2013-09-12,14.942999839782715,36.66327667236328,124.14806365966797
2013-09-13,14.895999908447266,36.898292541503906,123.01962280273438
2013-09-16,14.803000450134277,37.14897918701172,122.38182067871094
2013-09-17,15.208499908447266,36.96879959106445,124.9428939819336
2013-09-18,15.601499557495117,37.728694915771484,126.4540023803711
2013-09-19,15.602999687194824,37.438838958740234,126.2969970703125
2013-09-20,15.817000389099121,37.007965087890625,126.5815658569336
2013-09-23,15.57450008392334,37.32132339477539,126.34606170654297
2013-09-24,15.706500053405762,36.898292541503906,128.2399139404297
2013-09-25,15.632499694824219,36.70243453979492,126.66987609863281
2013-09-26,15.906000137329102,36.66327667236328,128.93222045898438
2013-09-27,15.80049991607666,36.506595611572266,133.05804443359375
2013-09-30,15.631999969482422,36.075714111328125,132.52757263183594
2013-10-01,16.047500610351562,36.56926345825195,135.8773651123047
2013-10-02,16.02549934387207,36.64760208129883,135.25851440429688
2013-10-03,15.73799991607666,36.514427185058594,134.65927124023438
2013-10-04,15.95199966430664,37.023624420166016,137.28211975097656
2013-10-07,15.501500129699707,36.64760208129883,134.56105041503906
2013-10-08,15.161499977111816,36.57708740234375,126.64335632324219
2013-10-09,14.911499977111816,36.78860855102539,124.77690887451172
2013-10-10,15.258500099182129,37.3056640625,129.60020446777344
2013-10-11,15.544500350952148,37.49367141723633,129.6689910888672
2013-10-14,15.53499984741211,37.66602325439453,128.9224395751953
2013-10-15,15.319999694824219,37.188140869140625,130.366455078125
2013-10-16,15.524499893188477,37.34482192993164,132.7928466796875
2013-10-17,15.53849983215332,37.24298858642578,134.9049072265625
2013-10-18,16.446500778198242,37.32917022705078,139.2664337158203
2013-10-21,16.32200050354004,37.485843658447266,140.3273468017578
2013-10-22,16.62700080871582,37.46234130859375,139.05035400390625
2013-10-23,16.33799934387207,36.34206771850586,136.02471923828125
2013-10-24,16.61050033569336,35.942543029785156,137.10531616210938
2013-10-25,18.16950035095215,35.942543029785156,137.83224487304688
2013-10-28,17.908000946044922,36.00520324707031,134.5904998779297
2013-10-29,18.135000228881836,36.35774230957031,134.46282958984375
2013-10-30,18.054000854492188,36.72593307495117,131.3192901611328
2013-10-31,18.201499938964844,36.78078079223633,132.26235961914062
2013-11-01,17.950000762939453,37.031463623046875,132.58653259277344
2013-11-04,17.937000274658203,37.10197830200195,133.40188598632812
2013-11-05,17.944499969482422,36.718101501464844,131.43719482421875
2013-11-06,17.80900001525879,36.66327667236328,118.35240173339844
2013-11-07,17.17799949645996,36.075714111328125,114.97315979003906
2013-11-08,17.515499114990234,36.1462287902832,112.3110122680664
2013-11-11,17.7189998626709,36.349910736083984,112.0261459350586
2013-11-12,17.476499557495117,36.09921646118164,108.04765319824219
2013-11-13,17.81100082397461,35.91120147705078,109.5506362915039
2013-11-14,18.3700008392334,36.310733795166016,111.04381561279297
2013-11-15,18.458499908447266,37.74436950683594,112.15384674072266
2013-11-18,18.30900001525879,38.75495147705078,109.06929779052734
2013-11-19,18.246999740600586,38.66094970703125,106.69202423095703
2013-11-20,18.12849998474121,38.26924514770508,106.40716552734375
2013-11-21,18.445999145507812,38.418094635009766,111.191162109375
2013-11-22,18.61549949645996,38.66094970703125,110.39544677734375
2013-11-25,18.832000732421875,37.97937774658203,107.96906280517578
2013-11-26,19.068500518798828,38.31624984741211,109.96321868896484
2013-11-27,19.335500717163086,39.06830978393555,109.65869903564453
2013-11-29,19.680999755859375,39.076148986816406,108.75495147705078
2013-12-02,19.614999771118164,38.54344177246094,105.25782012939453
2013-12-03,19.232999801635742,38.339752197265625,102.62512969970703
2013-12-04,19.29800033569336,38.590431213378906,104.17723083496094
2013-12-05,19.22450065612793,38.39459228515625,103.42082977294922
2013-12-06,19.34749984741211,39.13882827758789,104.20671081542969
2013-12-09,19.24449920654297,38.92729949951172,104.33441925048828
2013-12-10,19.388999938964844,38.88813781738281,106.16156005859375
2013-12-11,19.109500885009766,37.775699615478516,104.38352966308594
2013-12-12,19.0625,37.485843658447266,102.93949890136719
2013-12-13,19.211999893188477,37.74436950683594,99.71742248535156
2013-12-16,19.44849967956543,37.71302032470703,100.94535827636719
2013-12-17,19.38249969482422,37.219482421875,102.46794891357422
2013-12-18,19.79800033569336,37.84832763671875,101.10249328613281
2013-12-19,19.75950050354004,37.092777252197266,100.25769805908203
2013-12-20,20.110000610351562,36.84880065917969,100.25769805908203
2013-12-23,20.145999908447266,36.809444427490234,104.5701675415039
2013-12-24,19.959999084472656,37.391841888427734,105.12027740478516
2013-12-26,20.219499588012695,37.108524322509766,105.62126159667969
2013-12-27,19.90399932861328,37.69879150390625,104.27662658691406
2013-12-30,19.668500900268555,37.54924774169922,105.13240051269531
2013-12-31,19.93950080871582,37.95063400268555,106.02752685546875
2014-01-02,19.898500442504883,36.83305358886719,101.7191390991211
2014-01-03,19.82200050354004,36.47888946533203,102.23062133789062
2014-01-06,19.681499481201172,35.927974700927734,99.83053588867188
2014-01-07,19.901500701904297,35.943695068359375,97.48944091796875
2014-01-08,20.09600067138672,36.32148361206055,97.84356689453125
2014-01-09,20.050500869750977,35.825653076171875,96.90910339355469
2014-01-10,19.882999420166016,36.43953323364258,97.50912475585938
2014-01-13,19.548999786376953,35.809913635253906,93.02368927001953
2014-01-14,19.87700080871582,36.30573654174805,95.90577697753906
2014-01-15,19.793500900268555,36.23490905761719,96.16151428222656
2014-01-16,19.790000915527344,36.01454162597656,105.7127685546875
2014-01-17,19.980499267578125,36.01454162597656,103.26346588134766
2014-01-21,20.352500915527344,35.97519302368164,103.34214782714844
2014-01-22,20.226999282836914,36.6756591796875,104.6110610961914
2014-01-23,19.993499755859375,35.40066146850586,98.8862075805664
2014-01-24,19.3799991607666,34.37751388549805,93.495849609375
2014-01-27,19.31399917602539,34.267330169677734,93.71223449707031
2014-01-28,19.721500396728516,34.613624572753906,96.26972961425781
2014-01-29,19.209999084472656,34.49558639526367,92.97449493408203
2014-01-30,20.15049934387207,34.574283599853516,95.31558227539062
2014-01-31,17.934499740600586,34.558536529541016,94.91228485107422
2014-02-03,17.3075008392334,33.661319732666016,90.584228515625
2014-02-04,17.397499084472656,34.10992431640625,90.00387573242188
2014-02-05,17.322500228881836,33.72427749633789,91.80394744873047
2014-02-06,17.72949981689453,34.22798156738281,92.45317077636719
2014-02-07,18.054000854492188,34.44834518432617,93.71223449707031
2014-02-10,18.043500900268555,34.22011947631836,93.3778076171875
2014-02-11,18.089500427246094,35.25899124145508,93.77125549316406
2014-02-12,17.462499618530273,35.21963882446289,91.56788635253906
2014-02-13,17.860000610351562,35.4636116027832,94.4007797241211
2014-02-14,17.86750030517578,35.74694061279297,93.75159454345703
2014-02-18,17.6825008392334,35.69186782836914,92.0203628540039
2014-02-19,17.368999481201172,35.79418182373047,91.15475463867188
2014-02-20,17.489999771118164,35.628902435302734,91.43018341064453
2014-02-21,17.33799934387207,35.699729919433594,89.51205444335938
2014-02-24,17.589000701904297,35.314083099365234,89.58090209960938
2014-02-25,17.916000366210938,34.708072662353516,88.0070571899414
2014-02-26,17.989999771118164,34.8654670715332,92.44332885742188
2014-02-27,18.006500244140625,35.77056884765625,92.68925476074219
2014-02-28,18.104999542236328,35.628902435302734,102.47654724121094
2014-03-03,17.98900032043457,35.2668571472168,100.51907348632812
2014-03-04,18.19499969482422,35.66823959350586,104.00120544433594
2014-03-05,18.618499755859375,35.32195281982422,104.10941314697266
2014-03-06,18.607999801635742,35.707603454589844,101.53224182128906
2014-03-07,18.60300064086914,35.25899124145508,99.52560424804688
2014-03-10,18.526500701904297,34.76316452026367,98.43375396728516
2014-03-11,18.44099998474121,34.314552307128906,98.86656188964844
2014-03-12,18.531999588012695,34.19649887084961,98.0206069946289
2014-03-13,18.57550048828125,33.43309020996094,94.84342956542969
2014-03-14,18.687000274658203,33.38585662841797,95.4139404296875
2014-03-17,18.75200080871582,33.46455001831055,96.88941192626953
2014-03-18,18.938499450683594,33.9997444152832,97.20418548583984
2014-03-19,18.661500930786133,33.527530670166016,94.82376098632812
2014-03-20,18.44849967956543,33.377986907958984,93.5843734741211
2014-03-21,18.0310001373291,34.13353729248047,93.98768615722656
2014-03-24,17.592500686645508,34.39325714111328,91.85314178466797
2014-03-25,17.73550033569336,34.637237548828125,91.48918914794922
2014-03-26,17.170499801635742,34.55066680908203,94.54833221435547
2014-03-27,16.923500061035156,34.72380828857422,93.32254791259766
2014-03-28,16.914499282836914,35.36130905151367,94.86956787109375
2014-03-31,16.818500518798828,35.408531188964844,93.71670532226562
2014-04-01,17.149499893188477,35.69186782836914,94.56409454345703
2014-04-02,17.097999572753906,35.78630828857422,94.081298828125
2014-04-03,16.680999755859375,35.707603454589844,91.59819793701172
2014-04-04,16.149999618530273,35.408531188964844,87.84402465820312
2014-04-07,15.887999534606934,35.518707275390625,82.97640228271484
2014-04-08,16.353500366210938,35.95158004760742,84.19819641113281
2014-04-09,16.590499877929688,36.43953323364258,90.4256362915039
2014-04-10,15.855500221252441,36.518245697021484,86.49407958984375
2014-04-11,15.58650016784668,36.116851806640625,84.65147399902344
2014-04-14,15.795499801635742,36.10899353027344,85.62698364257812
2014-04-15,15.803999900817871,35.211769104003906,82.85813903808594
2014-04-16,16.18400001525879,35.64463806152344,83.40007781982422
2014-04-17,16.245500564575195,35.754817962646484,84.8879623413086
2014-04-21,16.543500900268555,35.526588439941406,83.76467895507812
2014-04-22,16.465999603271484,35.32981872558594,84.2967529296875
2014-04-23,16.229000091552734,34.99140548706055,85.29194641113281
2014-04-24,16.857500076293945,34.98352813720703,88.05095672607422
2014-04-25,15.191499710083008,34.67658996582031,86.00141143798828
2014-04-28,14.829000473022461,34.314552307128906,86.18862915039062
2014-04-29,15.019000053405762,34.75529098510742,86.61231231689453
2014-04-30,15.206500053405762,34.503440856933594,91.90364074707031
2014-05-01,15.394499778747559,34.558536529541016,88.11003875732422
2014-05-02,15.400500297546387,34.72380828857422,87.81446075439453
2014-05-05,15.5024995803833,34.40899658203125,87.17398071289062
2014-05-06,14.869000434875488,34.416873931884766,83.59715270996094
2014-05-07,14.635499954223633,34.30669021606445,82.8876953125
2014-05-08,14.416000366210938,34.117801666259766,82.04029846191406
2014-05-09,14.612000465393066,34.070579528808594,83.33110046386719
2014-05-12,15.142999649047852,34.8339958190918,85.37078094482422
2014-05-13,15.232000350952148,34.98352813720703,85.16386413574219
2014-05-14,14.880999565124512,35.32195281982422,84.6810073852539
2014-05-15,14.759499549865723,35.211769104003906,83.98143768310547
2014-05-16,14.885000228881836,35.47936248779297,83.74494934082031
2014-05-19,14.838000297546387,35.36916732788086,82.8187255859375
2014-05-20,15.059499740600586,35.21963882446289,79.35028839111328
2014-05-21,15.250499725341797,35.62102127075195,79.72472381591797
2014-05-22,15.245499610900879,36.01454162597656,82.92711639404297
2014-05-23,15.612000465393066,36.05390167236328,82.87784576416016
2014-05-27,15.541000366210938,35.88074493408203,82.8876953125
2014-05-28,15.508000373840332,36.12472915649414,80.89728546142578
2014-05-29,15.689000129699707,36.09324645996094,86.3265609741211
2014-05-30,15.6274995803833,36.09324645996094,83.82377624511719
2014-06-02,15.442000389099121,36.3765869140625,82.63150024414062
2014-06-03,15.35949993133545,36.72286605834961,83.57743835449219
2014-06-04,15.33899974822998,36.39231491088867,83.49861145019531
2014-06-05,16.178499221801758,36.6756591796875,86.60245513916016
2014-06-06,16.48349952697754,36.51036834716797,86.8291015625
2014-06-09,16.375,36.84092712402344,87.07544708251953
2014-06-10,16.620500564575195,37.100650787353516,88.30714416503906
2014-06-11,16.760000228881836,36.84092712402344,87.03602600097656
2014-06-12,16.295499801635742,36.82518768310547,86.0506820678711
2014-06-13,16.313499450683594,37.281654357910156,86.25760650634766
2014-06-16,16.381000518798828,37.17934799194336,85.91272735595703
2014-06-17,16.2810001373291,37.17934799194336,87.23310089111328
2014-06-18,16.7189998626709,37.36037063598633,87.54841613769531
2014-06-19,16.350000381469727,37.029808044433594,89.34172821044922
2014-06-20,16.209999084472656,36.97471237182617,89.73587799072266
2014-06-23,16.36199951171875,36.5261116027832,91.42084503173828
2014-06-24,16.20800018310547,36.39231491088867,90.30740356445312
2014-06-25,16.371999740600586,36.67057800292969,88.35639953613281
2014-06-26,16.284500122070312,37.04640579223633,89.65553283691406
2014-06-27,16.228500366210938,37.14236068725586,92.67627716064453
2014-06-30,16.23900032043457,37.07839584350586,94.17681121826172
2014-07-01,16.61949920654297,37.34226989746094,94.739501953125
2014-07-02,16.642499923706055,37.8540153503418,94.29524230957031
2014-07-03,16.874500274658203,38.22984313964844,94.80858612060547
2014-07-07,16.677499771118164,38.333797454833984,92.93294525146484
2014-07-08,16.190500259399414,38.11789321899414,89.10269927978516
2014-07-09,16.49850082397461,37.981964111328125,90.22809600830078
2014-07-10,16.395999908447266,37.75006866455078,89.45809173583984
2014-07-11,17.309999465942383,37.91799545288086,89.22116088867188
2014-07-14,17.766000747680664,38.349788665771484,90.12936401367188
2014-07-15,17.722000122070312,38.35778045654297,89.40872192382812
2014-07-16,17.795000076293945,38.5976676940918,89.70488739013672
2014-07-17,17.622499465942383,38.03794479370117,85.86475372314453
2014-07-18,17.933000564575195,38.293819427490234,88.14514923095703
2014-07-21,17.988000869750977,38.30979919433594,88.18463897705078
2014-07-22,18.04199981689453,39.02946472167969,88.32282257080078
2014-07-23,17.906999588012695,39.42927551269531,88.77693176269531
2014-07-24,17.930500030517578,39.80509567260742,90.5834732055664
2014-07-25,16.20050048828125,39.79710006713867,89.33963012695312
2014-07-28,16.02050018310547,40.43680191040039,90.44527435302734
2014-07-29,16.0,40.32484817504883,89.78385162353516
2014-07-30,16.125499725341797,40.02899169921875,92.88359069824219
2014-07-31,15.649499893188477,39.57320785522461,91.3139877319336
2014-08-01,15.352999687194824,39.933040618896484,90.42552947998047
2014-08-04,15.682499885559082,40.364830017089844,92.0741195678711
2014-08-05,15.616000175476074,39.94902801513672,91.15602111816406
2014-08-06,15.694499969482422,39.78110885620117,91.71874237060547
2014-08-07,15.572500228881836,39.51722717285156,91.25474548339844
2014-08-08,15.84000015258789,40.18092346191406,104.49280548095703
2014-08-11,15.916500091552734,40.620704650878906,107.7406234741211
2014-08-12,15.965999603271484,40.69267272949219,107.72087860107422
2014-08-13,16.31399917602539,41.10047912597656,110.24805450439453
2014-08-14,16.660499572753906,40.71666717529297,110.07036590576172
2014-08-15,16.681499481201172,40.7006721496582,108.47113037109375
2014-08-18,16.726499557495117,40.948543548583984,110.05062866210938
2014-08-19,16.756500244140625,41.0205192565918,112.55805206298828
2014-08-20,16.788999557495117,40.924564361572266,111.81765747070312
2014-08-21,16.64550018310547,40.484771728515625,112.76536560058594
2014-08-22,16.579500198364258,40.50875473022461,112.09407043457031
2014-08-25,16.701000213623047,40.82061767578125,112.04472351074219
2014-08-26,17.09149932861328,40.82861328125,113.2095947265625
2014-08-27,17.159000396728516,40.61272048950195,113.1207275390625
2014-08-28,17.000999450683594,40.04499053955078,113.2095947265625
2014-08-29,16.95199966430664,40.0849609375,113.47612762451172
2014-09-02,17.118999481201172,40.33284378051758,113.85126495361328
2014-09-03,16.950000762939453,41.52428436279297,115.80587005615234
2014-09-04,17.297500610351562,41.556270599365234,115.81574249267578
2014-09-05,17.319000244140625,41.91609191894531,115.94407653808594
2014-09-08,17.117000579833984,41.684207916259766,115.81574249267578
2014-09-09,16.487499237060547,41.356361389160156,116.11190032958984
2014-09-10,16.566499710083008,40.82861328125,115.54920959472656
2014-09-11,16.525999069213867,40.63669967651367,112.72588348388672
2014-09-12,16.559499740600586,40.37282180786133,113.357666015625
2014-09-15,16.194499969482422,39.8450813293457,110.9193344116211
2014-09-16,16.38800048828125,40.14093780517578,111.98548889160156
2014-09-17,16.200000762939453,39.87705612182617,112.0743408203125
2014-09-18,16.25,39.86107635498047,110.20858001708984
2014-09-19,16.56599998474121,39.461265563964844,111.0180435180664
2014-09-22,16.225000381469727,38.75759506225586,109.45831298828125
2014-09-23,16.181499481201172,38.54970932006836,109.49781799316406
2014-09-24,16.410499572753906,39.3413200378418,111.93612670898438
2014-09-25,16.096500396728516,38.677635192871094,109.20166015625
2014-09-26,16.160499572753906,38.79758071899414,110.0578384399414
2014-09-29,16.090999603271484,37.822044372558594,107.96186065673828
2014-09-30,16.121999740600586,37.886009216308594,107.41810607910156
2014-10-01,15.873000144958496,37.174339294433594,109.46463012695312
2014-10-02,15.920499801635742,37.07839584350586,109.82054901123047
2014-10-03,16.136999130249023,37.67810821533203,110.25555419921875
2014-10-06,16.110000610351562,38.421749114990234,110.83887481689453
2014-10-07,15.848999977111816,38.12588882446289,109.55362701416016
2014-10-08,16.135000228881836,38.749595642089844,112.46028137207031
2014-10-09,15.768500328063965,38.18986129760742,110.31489562988281
2014-10-10,15.569499969482422,37.46220397949219,108.12993621826172
2014-10-13,15.322500228881836,37.68610763549805,107.8135757446289
2014-10-14,15.415499687194824,37.7260856628418,106.80513763427734
2014-10-15,15.298500061035156,37.55016326904297,104.95632934570312
2014-10-16,15.142999649047852,37.41423797607422,104.73882293701172
2014-10-17,15.182000160217285,37.79805374145508,103.08776092529297
2014-10-20,15.310500144958496,37.89400863647461,105.74726867675781
2014-10-21,15.766500473022461,38.013954162597656,109.08894348144531
2014-10-22,15.648500442504883,37.92599105834961,105.63850402832031
2014-10-23,15.659000396728516,38.14188766479492,106.18228149414062
2014-10-24,14.352999687194824,38.24584197998047,110.8883056640625
2014-10-27,14.498499870300293,37.838035583496094,108.48583984375
2014-10-28,14.779500007629395,38.749595642089844,114.2398681640625
2014-10-29,14.706000328063965,38.869537353515625,112.47016143798828
2014-10-30,14.953499794006348,38.901527404785156,113.89383697509766
2014-10-31,15.27299976348877,39.34931182861328,134.60629272460938
2014-11-03,15.28600025177002,39.09343338012695,134.6952667236328
2014-11-04,15.14050006866455,39.261356353759766,137.79969787597656
2014-11-05,14.826000213623047,39.01347732543945,134.93255615234375
2014-11-06,14.831999778747559,38.941505432128906,133.1331787109375
2014-11-07,14.993000030517578,38.82156753540039,133.22218322753906
2014-11-10,15.255499839782715,38.87752914428711,134.99188232421875
2014-11-11,15.600500106811523,38.997474670410156,133.40013122558594
2014-11-12,15.575499534606934,38.965492248535156,133.94390869140625
2014-11-13,15.824000358581543,39.20538330078125,130.7208709716797
2014-11-14,16.391000747680664,40.012996673583984,133.09365844726562
2014-11-17,16.15250015258789,38.91751480102539,132.1939697265625
2014-11-18,16.24650001525879,38.54169464111328,133.96363830566406
2014-11-19,16.32699966430664,38.3417854309082,133.78570556640625
2014-11-20,16.527000427246094,38.10989761352539,134.438232421875
2014-11-21,16.631500244140625,39.44527053833008,137.1372833251953
2014-11-24,16.781999588012695,39.42127990722656,138.4126434326172
2014-11-25,16.75200080871582,39.1494026184082,139.02561950683594
2014-11-26,16.678499221801758,40.24489212036133,139.4606170654297
2014-11-28,16.93199920654297,39.80509567260742,139.3419952392578
2014-12-01,16.299999237060547,38.79758071899414,138.2149200439453
2014-12-02,16.315500259399414,39.59719467163086,138.65980529785156
2014-12-03,15.824999809265137,39.36530685424805,139.00584411621094
2014-12-04,15.846500396728516,40.30085754394531,137.63160705566406
2014-12-05,15.631500244140625,40.69267272949219,136.63307189941406
2014-12-08,15.331999778747559,40.27687072753906,138.40277099609375
2014-12-09,15.625,39.01347732543945,138.7883758544922
2014-12-10,15.291999816894531,38.79758071899414,133.97354125976562
2014-12-11,15.368000030517578,39.03746032714844,133.99330139160156
2014-12-12,15.366000175476074,38.49372100830078,133.0738983154297
2014-12-15,15.303500175476074,38.3417854309082,132.75750732421875
2014-12-16,14.753000259399414,38.1978645324707,125.56004333496094
2014-12-17,14.944000244140625,39.0938835144043,127.51759338378906
2014-12-18,14.886500358581543,39.31990432739258,126.6772232055664
2014-12-19,14.994999885559082,39.481346130371094,127.04302978515625
2014-12-22,15.32699966430664,40.2320671081543,125.96540069580078
2014-12-23,15.314499855041504,39.723514556884766,125.10526275634766
2014-12-24,15.15149974822998,39.45713424682617,126.3905029296875
2014-12-26,15.454500198364258,40.42580795288086,128.2590789794922
2014-12-29,15.60200023651123,40.401580810546875,128.14625549316406
2014-12-30,15.515000343322754,39.9253044128418,126.41386413574219
2014-12-31,15.517499923706055,40.5468864440918,126.3841781616211
2015-01-02,15.425999641418457,40.57110595703125,124.58250427246094
2015-01-05,15.10949993133545,40.514591217041016,123.0481185913086
2015-01-06,14.76449966430664,40.127132415771484,120.8504638671875
2015-01-07,14.920999526977539,41.15229797363281,120.61286926269531
2015-01-08,15.02299976348877,41.563987731933594,122.41456604003906
2015-01-09,14.846500396728516,41.42676544189453,121.05835723876953
2015-01-12,14.570500373840332,41.047367095947266,119.068603515625
2015-01-13,14.737000465393066,41.51554489135742,118.77162170410156
2015-01-14,14.66349983215332,41.08771896362305,117.33621978759766
2015-01-15,14.34749984741211,41.32988739013672,115.71273803710938
2015-01-16,14.536999702453613,41.12807846069336,118.11827087402344
2015-01-20,14.472000122070312,40.81327438354492,121.24645233154297
2015-01-21,14.862500190734863,42.120967864990234,121.86019897460938
2015-01-22,15.515999794006348,42.83133316040039,124.39441680908203
2015-01-23,15.619500160217285,42.66181564331055,126.00799560546875
2015-01-26,15.482999801635742,42.58916091918945,126.22577667236328
2015-01-27,15.337499618530273,41.894954681396484,126.78013610839844
2015-01-28,15.195500373840332,41.2895393371582,124.97846984863281
2015-01-29,15.58899974822998,41.58012771606445,126.374267578125
2015-01-30,17.726499557495117,40.68410873413086,122.69174194335938
2015-02-02,18.223499298095703,41.249168395996094,124.2756118774414
2015-02-03,18.177499771118164,41.83844757080078,127.78986358642578
2015-02-04,18.237499237060547,42.169403076171875,126.48316192626953
2015-02-05,18.694499969482422,42.112884521484375,128.26504516601562
2015-02-06,18.714000701904297,41.192665100097656,124.8398666381836
2015-02-09,18.527999877929688,40.990848541259766,124.32511901855469
2015-02-10,18.649999618530273,41.249168395996094,127.05731964111328
2015-02-11,18.756999969482422,41.20881271362305,126.55243682861328
2015-02-12,18.85849952697754,41.82229995727539,130.61117553710938
2015-02-13,19.09149932861328,42.072540283203125,128.68080139160156
2015-02-17,18.771499633789062,42.27434539794922,130.5220947265625
2015-02-18,18.668500900268555,42.129032135009766,131.27439880371094
2015-02-19,18.950000762939453,42.08061599731445,129.1856689453125
2015-02-20,19.183000564575195,42.37120819091797,129.6014404296875
2015-02-23,19.006999969482422,42.04832077026367,130.23500061035156
2015-02-24,18.929500579833984,42.548797607421875,131.15562438964844
2015-02-25,19.26849937438965,42.41157531738281,132.86819458007812
2015-02-26,19.239999771118164,42.847476959228516,129.69053649902344
2015-02-27,19.007999420166016,42.83133316040039,129.65093994140625
2015-03-02,19.283000946044922,43.025054931640625,131.95745849609375
2015-03-03,19.230499267578125,41.975669860839844,132.55142211914062
2015-03-04,19.13599967956543,41.555908203125,129.9776153564453
2015-03-05,19.39150047302246,41.32988739013672,130.67054748535156
2015-03-06,19.004499435424805,40.88592529296875,127.89873504638672
2015-03-09,18.92799949645996,41.249168395996094,123.74105072021484
2015-03-10,18.475500106811523,40.3612174987793,122.66202545166016
2015-03-11,18.318500518798828,40.587249755859375,125.2358627319336
2015-03-12,18.711999893188477,40.974708557128906,126.6019515991211
2015-03-13,18.52899932861328,41.12001419067383,124.44389343261719
2015-03-16,18.667499542236328,41.83844757080078,125.80999755859375
2015-03-17,18.59600067138672,42.08869171142578,126.374267578125
2015-03-18,18.756999969482422,42.71024703979492,125.00816345214844
2015-03-19,18.66200065612793,42.613380432128906,121.67210388183594
2015-03-20,18.92449951171875,42.7586784362793,123.3351821899414
2015-03-23,18.75550079345703,42.702178955078125,124.16673278808594
2015-03-24,18.704500198364258,42.532649993896484,121.10784149169922
2015-03-25,18.54800033569336,42.03218460083008,119.8902359008789
2015-03-26,18.36750030517578,42.04024887084961,120.18720245361328
2015-03-27,18.527999877929688,42.65373992919922,121.71598052978516
2015-03-30,18.72949981689453,44.22783279418945,120.5468521118164
2015-03-31,18.604999542236328,43.99373245239258,121.3890151977539
2015-04-01,18.51300048828125,44.712158203125,122.71664428710938
2015-04-02,18.612499237060547,45.261077880859375,123.98483276367188
2015-04-06,18.851999282836914,45.77769088745117,125.10440063476562
2015-04-07,18.720500946044922,45.80998611450195,125.79794311523438
2015-04-08,19.059999465942383,48.602989196777344,127.40299224853516
2015-04-09,19.177000045776367,50.725982666015625,128.50270080566406
2015-04-10,19.13249969482422,50.24972152709961,130.38519287109375
2015-04-13,19.118000030517578,50.66948318481445,129.50341796875
2015-04-14,19.25550079345703,50.217430114746094,130.35548400878906
2015-04-15,19.172500610351562,50.42730712890625,130.97964477539062
2015-04-16,19.302000045776367,51.21031951904297,129.95916748046875
2015-04-17,18.777999877929688,49.418277740478516,128.79995727539062
2015-04-20,19.475500106811523,49.692745208740234,132.29739379882812
2015-04-21,19.55900001525879,50.76634216308594,135.685791015625
2015-04-22,19.489999771118164,51.71886444091797,136.7657470703125
2015-04-23,19.499500274658203,51.28297424316406,137.68714904785156
2015-04-24,22.2549991607666,51.29104232788086,136.21092224121094
2015-04-27,21.92799949645996,51.98525619506836,135.58676147460938
2015-04-28,21.465499877929688,52.00946807861328,138.94541931152344
2015-04-29,21.4685001373291,51.3314094543457,141.66014099121094
2015-04-30,21.089000701904297,50.596824645996094,141.01614379882812
2015-05-01,21.14349937438965,51.06501770019531,144.0082550048828
2015-05-04,21.152000427246094,51.48478317260742,150.86439514160156
2015-05-05,21.059499740600586,49.918766021728516,147.81283569335938
2015-05-06,20.954999923706055,48.84514617919922,147.13909912109375
2015-05-07,21.3439998626709,48.57876968383789,143.76058959960938
2015-05-08,21.684499740600586,49.70888137817383,145.27645874023438
2015-05-11,21.642499923706055,49.3859977722168,144.8306121826172
2015-05-12,21.551000595092773,49.13574981689453,144.3253173828125
2015-05-13,21.3435001373291,48.691776275634766,143.3246307373047
2015-05-14,21.61400032043457,49.03888702392578,145.43499755859375
2015-05-15,21.299999237060547,49.87840270996094,145.10804748535156
2015-05-18,21.261999130249023,49.31333541870117,146.45547485351562
2015-05-19,21.085500717163086,49.84611129760742,144.2361297607422
2015-05-20,21.19300079345703,49.474788665771484,145.7421112060547
2015-05-21,21.581499099731445,49.27298355102539,147.6344757080078
2015-05-22,21.381500244140625,50.69370651245117,146.11859130859375
2015-05-26,21.273500442504883,50.90357208251953,144.39466857910156
2015-05-27,21.570999145507812,50.855140686035156,145.0782928466797
2015-05-28,21.328500747680664,49.05503463745117,145.1476593017578
2015-05-29,21.46150016784668,48.3123779296875,143.79031372070312
2015-06-01,21.54599952697754,48.84514617919922,142.3536834716797
2015-06-02,21.54949951171875,48.76443099975586,141.68988037109375
2015-06-03,21.829500198364258,49.15189743041992,142.1456298828125
2015-06-04,21.538999557495117,48.71599578857422,141.96728515625
2015-06-05,21.34749984741211,48.385032653808594,143.60206604003906
2015-06-08,21.174999237060547,48.48997497558594,141.36289978027344
2015-06-09,21.27400016784668,47.795753479003906,141.9375457763672
2015-06-10,21.53849983215332,47.44057846069336,144.10733032226562
2015-06-11,21.648500442504883,47.73925018310547,140.12448120117188
2015-06-12,21.496000289916992,48.13479995727539,142.33387756347656
2015-06-15,21.183500289916992,46.85131072998047,140.65948486328125
2015-06-16,21.363000869750977,46.22166442871094,142.1852569580078
2015-06-17,21.390499114990234,46.43962478637695,141.99700927734375
2015-06-18,21.969499588012695,46.665645599365234,144.11727905273438
2015-06-19,21.746000289916992,46.22166442871094,145.8015594482422
2015-06-22,21.81450080871582,46.77865982055664,145.36561584472656
2015-06-23,22.29949951171875,47.900699615478516,149.59620666503906
2015-06-24,22.04199981689453,47.981422424316406,147.76327514648438
2015-06-25,22.0049991607666,47.23200607299805,148.25865173339844
2015-06-26,21.905000686645508,46.0088005065918,146.4671173095703
2015-06-29,21.493000030517578,44.704044342041016,139.9235382080078
2015-06-30,21.704500198364258,45.69892883300781,140.48866271972656
2015-07-01,21.86949920654297,45.372737884521484,140.25071716308594
2015-07-02,21.885499954223633,45.39719772338867,137.52423095703125
2015-07-06,21.802000045776367,43.10572814941406,134.82748413085938
2015-07-07,21.836000442504883,41.36061096191406,134.13345336914062
2015-07-08,21.485000610351562,38.60433578491211,128.78955078125
2015-07-09,21.719499588012695,40.54515075683594,132.17037963867188
2015-07-10,22.175500869750977,42.63275146484375,134.47055053710938
2015-07-13,22.778499603271484,42.85292434692383,134.48046875
2015-07-14,23.278499603271484,42.82030487060547,133.7467803955078
2015-07-15,23.059499740600586,41.817291259765625,134.44081115722656
2015-07-16,23.77400016784668,42.62459945678711,134.84732055664062
2015-07-17,24.15049934387207,43.024173736572266,135.94781494140625
2015-07-20,24.405000686645508,42.83661651611328,135.62066650390625
2015-07-21,24.399999618530273,43.07310485839844,133.47909545898438
2015-07-22,24.41349983215332,42.5267448425293,133.67739868164062
2015-07-23,24.108999252319336,42.51859664916992,131.9820098876953
2015-07-24,26.47100067138672,42.045623779296875,130.26678466796875
2015-07-27,26.570499420166016,40.178192138671875,127.78816223144531
2015-07-28,26.30150032043457,40.88764572143555,127.54032897949219
2015-07-29,26.450000762939453,41.44217300415039,132.85450744628906
2015-07-30,26.83799934387207,40.879493713378906,129.56285095214844
2015-07-31,26.8075008392334,40.80609893798828,129.57276916503906
2015-08-03,26.75149917602539,40.17003631591797,127.30236053466797
2015-08-04,26.594999313354492,40.365760803222656,128.06578063964844
2015-08-05,26.850500106811523,40.65931701660156,130.79226684570312
2015-08-06,26.472999572753906,40.20265197753906,119.96562194824219
2015-08-07,26.131000518798828,40.6185417175293,120.10443115234375
2015-08-10,26.200000762939453,41.54817581176758,122.60289001464844
2015-08-11,26.37299919128418,41.0344352722168,122.14680480957031
2015-08-12,26.295499801635742,40.24343490600586,120.23330688476562
2015-08-13,26.482999801635742,40.39836883544922,119.21211242675781
2015-08-14,26.576000213623047,40.55329895019531,118.7262954711914
2015-08-17,26.76099967956543,40.3739013671875,120.08460235595703
2015-08-18,26.750999450683594,39.493194580078125,116.921875
2015-08-19,26.645999908447266,38.636959075927734,112.91639709472656
2015-08-20,25.788999557495117,37.487144470214844,106.95777130126953
2015-08-21,24.723499298095703,36.345481872558594,105.62924194335938
2015-08-24,23.168500900268555,33.7441291809082,102.60530090332031
2015-08-25,23.318500518798828,34.77163314819336,101.28669738769531
2015-08-26,25.03849983215332,35.66864013671875,103.86444854736328
2015-08-27,25.918500900268555,37.39744186401367,111.0128173828125
2015-08-28,25.90049934387207,36.42702865600586,112.22238159179688
2015-08-31,25.644500732421875,35.962215423583984,109.1092300415039
2015-09-01,24.82699966430664,34.30680847167969,107.70137023925781
2015-09-02,25.52750015258789,34.74716567993164,109.00016784667969
2015-09-03,25.236000061035156,34.95104217529297,111.27059936523438
2015-09-04,24.950000762939453,33.98061752319336,107.2552261352539
2015-09-08,25.87700080871582,36.215003967285156,108.61351013183594
2015-09-09,25.844499588012695,36.20685577392578,107.13623046875
2015-09-10,26.11199951171875,36.353633880615234,106.0853042602539
2015-09-11,26.472000122070312,36.614593505859375,104.35025787353516
2015-09-14,26.069000244140625,36.24762725830078,105.19300079345703
2015-09-15,26.118499755859375,36.67167282104492,107.2750473022461
2015-09-16,26.36949920654297,37.764400482177734,108.3458023071289
2015-09-17,26.943500518798828,37.234344482421875,104.0131607055664
2015-09-18,27.01300048828125,36.49226379394531,98.7882308959961
2015-09-21,27.41950035095215,37.13649368286133,97.83643341064453
2015-09-22,26.920000076293945,36.533042907714844,94.6836166381836
2015-09-23,26.803499221801758,35.93775177001953,91.7984848022461
2015-09-24,26.6875,35.75835037231445,91.72908020019531
2015-09-25,26.212499618530273,35.60340881347656,91.11438751220703
2015-09-28,25.202999114990234,34.76346969604492,89.38038635253906
2015-09-29,24.803499221801758,34.83686828613281,86.05528259277344
2015-09-30,25.594499588012695,35.72572326660156,90.38286590576172
2015-10-01,26.035999298095703,35.970367431640625,90.00568389892578
2015-10-02,26.62700080871582,37.381126403808594,94.78985595703125
2015-10-05,27.18400001525879,37.886714935302734,95.99085235595703
2015-10-06,26.874000549316406,37.381126403808594,94.27373504638672
2015-10-07,27.097000122070312,38.74296188354492,93.99580383300781
2015-10-08,26.658000946044922,39.028377532958984,93.64840698242188
2015-10-09,26.989999771118164,38.76743698120117,93.33078002929688
2015-10-12,27.50950050354004,38.824520111083984,91.86178588867188
2015-10-13,27.44499969482422,38.35969543457031,92.69554901123047
2015-10-14,27.241500854492188,38.41677474975586,90.2042007446289
2015-10-15,28.121999740600586,39.81122589111328,92.96354675292969
2015-10-16,28.538000106811523,39.89277648925781,95.00821685791016
2015-10-19,28.657499313354492,39.5421257019043,95.77249145507812
2015-10-20,28.04400062561035,39.55027770996094,95.8916015625
2015-10-21,27.78849983215332,39.05284118652344,94.63104248046875
2015-10-22,28.195499420166016,39.96617126464844,96.75513458251953
2015-10-23,29.951499938964844,40.68378829956055,98.31346130371094
2015-10-26,30.430500030517578,39.8764762878418,98.85935974121094
2015-10-27,30.550500869750977,39.57474136352539,96.61617279052734
2015-10-28,30.854999542236328,39.109928131103516,96.42758178710938
2015-10-29,31.327499389648438,38.69403839111328,94.53179931640625
2015-10-30,31.295000076293945,38.571720123291016,97.63851928710938
2015-11-02,31.417499542236328,38.94683074951172,101.21174621582031
2015-11-03,31.265499114990234,39.00391387939453,103.45494079589844
2015-11-04,32.04750061035156,39.427947998046875,106.20433807373047
2015-11-05,32.782501220703125,39.615516662597656,115.56421661376953
2015-11-06,32.96849822998047,39.36271286010742,117.80741882324219
2015-11-09,32.77450180053711,38.539100646972656,117.23171997070312
2015-11-10,32.98400115966797,38.29446029663086,118.7602767944336
2015-11-11,33.662498474121094,38.35969543457031,118.91907501220703
2015-11-12,33.279998779296875,38.318912506103516,119.63372802734375
2015-11-13,32.11750030517578,37.674705505371094,117.22179412841797
2015-11-16,32.390499114990234,38.318912506103516,118.60145568847656
2015-11-17,32.165000915527344,38.12321090698242,119.3558120727539
2015-11-18,33.176998138427734,38.49832534790039,120.1002197265625
2015-11-19,33.063499450683594,38.571720123291016,119.63372802734375
2015-11-20,33.42250061035156,39.158851623535156,120.44762420654297
2015-11-23,33.949501037597656,38.840824127197266,124.42781066894531
2015-11-24,33.557498931884766,38.84896469116211,123.46501922607422
2015-11-25,33.766998291015625,38.71849822998047,125.25164794921875
2015-11-27,33.66299819946289,37.723628997802734,124.2094497680664
2015-11-30,33.2400016784668,38.12321090698242,122.32357025146484
2015-12-01,33.952999114990234,38.28629684448242,124.62633514404297
2015-12-02,33.800498962402344,37.968265533447266,123.59406280517578
2015-12-03,33.3125,37.723628997802734,119.75283813476562
2015-12-04,33.63199996948242,38.12321090698242,120.87443542480469
2015-12-07,33.49150085449219,37.731781005859375,118.90914916992188
2015-12-08,33.86650085449219,37.201725006103516,118.63123321533203
2015-12-09,33.239498138427734,36.86738586425781,115.88182830810547
2015-12-10,33.11600112915039,36.63090133666992,117.34090423583984
2015-12-11,32.00749969482422,35.60340881347656,113.26146697998047
2015-12-14,32.89550018310547,36.043766021728516,114.86941528320312
2015-12-15,32.93199920654297,36.64720153808594,117.55927276611328
2015-12-16,33.78850173950195,37.25880432128906,115.73295593261719
2015-12-17,33.532501220703125,36.79399490356445,113.41033935546875
2015-12-18,33.207000732421875,36.98154830932617,110.73043060302734
2015-12-21,33.22549819946289,37.337974548339844,111.89173126220703
2015-12-22,33.157501220703125,37.44548797607422,110.9388656616211
2015-12-23,33.185001373291016,37.99956130981445,112.92398834228516
2015-12-24,33.13949966430664,37.88378143310547,113.24160766601562
2015-12-28,33.7599983215332,37.387596130371094,113.1423568725586
2015-12-29,34.69850158691406,37.46202850341797,114.36730194091797
2015-12-30,34.45349884033203,37.01545715332031,113.61225891113281
2015-12-31,33.794498443603516,36.89967727661133,113.59239959716797
2016-01-04,31.84950065612793,35.61786651611328,109.2311019897461
2016-01-05,31.68950080871582,35.58478546142578,108.96287536621094
2016-01-06,31.63249969482422,34.98936462402344,106.62823486328125
2016-01-07,30.39699935913086,33.558692932128906,102.25700378417969
2016-01-08,30.352500915527344,33.062503814697266,100.42902374267578
2016-01-11,30.886999130249023,32.92192077636719,98.11426544189453
2016-01-12,30.894500732421875,33.012882232666016,104.1644515991211
2016-01-13,29.090499877929688,32.30169677734375,99.89257049560547
2016-01-14,29.649999618530273,32.72344207763672,104.19424438476562
2016-01-15,28.509000778198242,31.259700775146484,95.76969909667969
2016-01-19,28.724000930786133,31.970909118652344,95.85910034179688
2016-01-20,28.588499069213867,31.0446834564209,95.60081481933594
2016-01-21,28.750999450683594,31.19354820251465,96.86249542236328
2016-01-22,29.819000244140625,32.210723876953125,100.4886474609375
2016-01-25,29.826499938964844,31.549144744873047,99.71373748779297
2016-01-26,30.0625,31.764150619506836,98.35269927978516
2016-01-27,29.167499542236328,31.276241302490234,96.59426879882812
2016-01-28,31.767499923706055,31.56568145751953,96.22669219970703
2016-01-29,29.350000381469727,32.48362350463867,97.59766387939453
2016-02-01,28.74049949645996,31.94609260559082,98.35269927978516
2016-02-02,27.604999542236328,31.069499969482422,95.49151611328125
2016-02-03,26.553499221801758,31.516067504882812,94.7464370727539
2016-02-04,26.812999725341797,31.210084915161133,96.00812530517578
2016-02-05,25.10650062561035,30.90410041809082,89.659912109375
2016-02-08,24.405000686645508,30.250795364379883,85.30855560302734
2016-02-09,24.103500366210938,29.81249237060547,85.25888061523438
2016-02-10,24.52400016784668,30.05231475830078,87.13652038574219
2016-02-11,25.19099998474121,29.523054122924805,88.45783233642578
2016-02-12,25.354000091552734,30.2342529296875,91.34879302978516
2016-02-16,26.05500030517578,31.44990348815918,95.1338882446289
2016-02-17,26.704999923706055,31.970909118652344,97.59766387939453
2016-02-18,26.25,31.67318344116211,98.15399932861328
2016-02-19,26.7450008392334,31.87166976928711,99.82302856445312
2016-02-22,27.975000381469727,32.706912994384766,99.32630157470703
2016-02-23,27.64699935913086,31.830324172973633,97.73674011230469
2016-02-24,27.70199966430664,31.879934310913086,102.42588806152344
2016-02-25,27.75749969482422,31.747617721557617,101.88941955566406
2016-02-26,27.761499404907227,31.78070068359375,96.92211151123047
2016-02-29,27.625999450683594,31.714542388916016,101.09465789794922
2016-03-01,28.95199966430664,32.81442642211914,104.26378631591797
2016-03-02,29.010499954223633,33.36021423339844,105.21752166748047
2016-03-03,28.874500274658203,33.34368896484375,105.83345031738281
2016-03-04,28.756999969482422,34.245086669921875,108.16810607910156
2016-03-07,28.139999389648438,33.90602493286133,109.69802856445312
2016-03-08,28.01300048828125,33.145206451416016,108.2972640991211
2016-03-09,27.973499298095703,33.269248962402344,110.47293090820312
2016-03-10,27.946500778198242,33.00461196899414,112.77776336669922
2016-03-11,28.480499267578125,34.162391662597656,114.89383697509766
2016-03-14,28.668500900268555,34.17892837524414,114.18848419189453
2016-03-15,28.85099983215332,33.939109802246094,112.4499282836914
2016-03-16,28.713499069213867,34.311248779296875,112.96652221679688
2016-03-17,27.972000122070312,34.53452682495117,114.16859436035156
2016-03-18,27.604000091552734,34.857051849365234,113.95003509521484
2016-03-21,27.698999404907227,35.04726028442383,113.92022705078125
2016-03-22,28.02400016784668,34.79916763305664,114.72494506835938
2016-03-23,28.48150062561035,34.26988983154297,111.6750259399414
2016-03-24,29.147499084472656,34.10451126098633,112.15188598632812
2016-03-28,28.993499755859375,34.360862731933594,114.46663665771484
2016-03-29,29.69300079345703,34.782623291015625,117.6598129272461
2016-03-30,29.934499740600586,35.204383850097656,117.0629653930664
2016-03-31,29.68199920654297,35.154754638671875,117.23206329345703
2016-04-01,29.924999237060547,35.03071975708008,119.987548828125
2016-04-04,29.659500122070312,34.62549591064453,117.98809051513672
2016-04-05,29.30699920654297,33.90602493286133,116.51585388183594
2016-04-06,30.104000091552734,34.65030288696289,118.8336181640625
2016-04-07,29.571500778198242,34.06314468383789,117.48075866699219
2016-04-08,29.729999542236328,34.37739944458008,117.23206329345703
2016-04-11,29.796499252319336,34.7578125,117.0927963256836
2016-04-12,30.15850067138672,35.24571990966797,119.34095764160156
2016-04-13,30.740999221801758,36.46965026855469,124.69274139404297
2016-04-14,31.037500381469727,36.41176223754883,125.89639282226562
2016-04-15,31.29450035095215,35.94866180419922,126.67230987548828
2016-04-18,31.767499923706055,36.21328353881836,129.4178466796875
2016-04-19,31.395000457763672,36.58543395996094,126.90110778808594
2016-04-20,31.649499893188477,36.221553802490234,128.7613067626953
2016-04-21,31.549999237060547,35.94866180419922,125.84666442871094
2016-04-22,31.024999618530273,35.79153823852539,125.74718475341797
2016-04-25,31.309999465942383,35.50208282470703,123.9466781616211
2016-04-26,30.8439998626709,35.57652282714844,125.19012451171875
2016-04-27,30.328500747680664,35.71710968017578,125.23986053466797
2016-04-28,30.100000381469727,35.39458084106445,123.21056365966797
2016-04-29,32.97949981689453,34.95629119873047,124.23516082763672
2016-05-02,34.192501068115234,34.81570053100586,125.78697204589844
2016-05-03,33.566001892089844,34.0052604675293,124.68279266357422
2016-05-04,33.54499816894531,33.641387939453125,123.70793914794922
2016-05-05,32.954498291015625,33.74889373779297,124.22520446777344
2016-05-06,33.6974983215332,33.608314514160156,127.35869598388672
2016-05-09,33.98749923706055,33.07077407836914,126.5827865600586
2016-05-10,35.153499603271484,33.641387939453125,128.2141876220703
2016-05-11,35.6614990234375,33.24445343017578,129.01991271972656
2016-05-12,35.89649963378906,33.087318420410156,127.2890625
2016-05-13,35.49599838256836,32.5745964050293,126.86129760742188
2016-05-16,35.53300094604492,33.38502502441406,128.0251922607422
2016-05-17,34.76350021362305,33.260982513427734,130.0942840576172
2016-05-18,34.872501373291016,32.97154235839844,131.8052520751953
2016-05-19,34.92599868774414,32.68209457397461,131.09896850585938
2016-05-20,35.13999938964844,33.07904815673828,133.18795776367188
2016-05-23,34.837501525878906,33.037696838378906,131.3277587890625
2016-05-24,35.209999084472656,33.65792465209961,133.8942413330078
2016-05-25,35.41749954223633,33.98871994018555,133.31729125976562
2016-05-26,35.74549865722656,34.0052604675293,134.30209350585938
2016-05-27,35.61199951171875,34.32778549194336,134.3717041015625
2016-05-31,36.13949966430664,34.939754486083984,135.78428649902344
2016-06-01,35.97200012207031,34.55105972290039,135.6251220703125
2016-06-02,36.4119987487793,34.848777770996094,136.28164672851562
2016-06-03,36.277000427246094,34.83224105834961,135.03822326660156
2016-06-06,36.33649826049805,35.30360794067383,137.54502868652344
2016-06-07,36.1870002746582,35.55170440673828,137.9031219482422
2016-06-08,36.332000732421875,35.46902084350586,136.28164672851562
2016-06-09,36.38249969482422,35.253997802734375,136.7392578125
2016-06-10,35.89550018310547,34.37739944458008,133.5858612060547
2016-06-13,35.762001037597656,33.74889373779297,132.67068481445312
2016-06-14,35.96500015258789,33.856407165527344,133.73509216308594
2016-06-15,35.7130012512207,34.030067443847656,133.08848571777344
2016-06-16,35.8754997253418,33.98871994018555,134.75967407226562
2016-06-17,35.31949996948242,33.72408676147461,133.0487060546875
2016-06-20,35.70050048828125,34.26988983154297,134.38168334960938
2016-06-21,35.79100036621094,34.55105972290039,135.11778259277344
2016-06-22,35.529998779296875,34.71184539794922,135.75445556640625
2016-06-23,36.104000091552734,35.49488067626953,138.33087158203125
2016-06-24,34.948001861572266,33.63724136352539,131.3377227783203
2016-06-27,34.56800079345703,33.320701599121094,126.2147216796875
2016-06-28,35.397499084472656,34.14539337158203,132.13055419921875
2016-06-29,35.779998779296875,34.795143127441406,138.39501953125
2016-06-30,35.78099822998047,35.311607360839844,140.09803771972656
2016-07-01,36.284000396728516,35.569847106933594,139.2415313720703
2016-07-05,36.404998779296875,34.853450775146484,139.25149536132812
2016-07-06,36.88050079345703,34.803466796875,139.11204528808594
2016-07-07,36.82849884033203,34.73683166503906,142.33888244628906
2016-07-08,37.29050064086914,35.26995849609375,145.62548828125
2016-07-11,37.68899917602539,35.761436462402344,148.44398498535156
2016-07-12,37.410499572753906,36.286251068115234,150.48562622070312
2016-07-13,37.131500244140625,36.07798767089844,148.66307067871094
2016-07-14,37.060001373291016,36.594459533691406,148.61329650878906
2016-07-15,36.77199935913086,36.51115417480469,147.86631774902344
2016-07-18,36.80350112915039,36.84436798095703,148.1949920654297
2016-07-19,36.997501373291016,36.27791213989258,148.1153106689453
2016-07-20,37.2859992980957,36.73606872558594,151.75047302246094
2016-07-21,37.221500396728516,36.669429779052734,152.7862548828125
2016-07-22,37.24300003051758,36.894344329833984,153.6128692626953
2016-07-25,36.980499267578125,36.61946105957031,150.92385864257812
2016-07-26,36.77949905395508,37.04429244995117,150.7943878173828
2016-07-27,36.833499908447266,36.95265579223633,150.784423828125
2016-07-28,37.63050079345703,36.836036682128906,151.3720245361328
2016-07-29,37.94049835205078,36.669429779052734,152.45758056640625
2016-08-01,38.387001037597656,36.68609619140625,152.32810974121094
2016-08-02,38.02899932861328,36.51115417480469,150.88400268554688
2016-08-03,37.731998443603516,36.57780075073242,150.6649169921875
2016-08-04,38.03850173950195,36.694427490234375,151.63096618652344
2016-08-05,38.29899978637695,37.27753829956055,172.2766571044922
2016-08-08,38.327999114990234,37.50244903564453,173.013671875
2016-08-09,38.41550064086914,37.73569107055664,169.5179443359375
2016-08-10,38.428001403808594,37.6773796081543,168.9502410888672
2016-08-11,38.5620002746582,38.46874237060547,169.2390594482422
2016-08-12,38.62799835205078,38.78529357910156,168.1734161376953
2016-08-15,38.42449951171875,39.46836853027344,169.4382781982422
2016-08-16,38.20199966430664,39.36008071899414,167.6455841064453
2016-08-17,38.23149871826172,39.29343032836914,166.29110717773438
2016-08-18,38.222999572753906,39.535003662109375,166.4604034423828
2016-08-19,37.865501403808594,39.46004104614258,167.0081787109375
2016-08-22,37.9739990234375,39.10183334350586,166.1915283203125
2016-08-23,38.122501373291016,39.0268669128418,166.06207275390625
2016-08-24,37.86249923706055,38.85193634033203,165.3549346923828
2016-08-25,37.96099853515625,38.843605041503906,165.95249938964844
2016-08-26,38.45000076293945,38.80195236206055,166.2711944580078
2016-08-29,38.56449890136719,39.01853561401367,165.89273071289062
2016-08-30,38.37900161743164,39.34341812133789,166.2213897705078
2016-08-31,38.45800018310547,38.9518928527832,171.30067443847656
2016-09-01,38.53099822998047,39.235130310058594,172.97381591796875
2016-09-02,38.62200164794922,39.91819763183594,185.403076171875
2016-09-06,39.44350051879883,40.9261474609375,185.5325469970703
2016-09-07,39.2239990234375,40.742881774902344,181.25999450683594
2016-09-08,39.202999114990234,41.03444290161133,182.44515991210938
2016-09-09,38.00699996948242,40.00983428955078,178.50123596191406
2016-09-12,38.574501037597656,40.28472900390625,178.8099822998047
2016-09-13,38.050498962402344,39.51001739501953,176.22056579589844
2016-09-14,38.054500579833984,39.609981536865234,171.30067443847656
2016-09-15,38.484500885009766,40.251399993896484,173.90005493164062
2016-09-16,38.92599868774414,40.1597785949707,176.47952270507812
2016-09-19,38.755001068115234,40.043155670166016,178.1825714111328
2016-09-20,39.01100158691406,40.059810638427734,178.52117919921875
2016-09-21,39.48699951171875,41.15106964111328,185.9906768798828
2016-09-22,40.23500061035156,41.559242248535156,190.47238159179688
2016-09-23,40.287498474121094,40.88450622558594,186.3292999267578
2016-09-26,39.95800018310547,40.059810638427734,186.09027099609375
2016-09-27,40.80550003051758,40.584617614746094,186.73760986328125
2016-09-28,41.43600082397461,40.85951232910156,186.86721801757812
2016-09-29,41.45249938964844,40.326377868652344,183.1394500732422
2016-09-30,41.865501403808594,40.40134811401367,184.3654022216797
2016-10-03,41.83700180053711,40.492984771728516,185.5913848876953
2016-10-04,41.701499938964844,40.35136032104492,183.98666381835938
2016-10-05,42.21799850463867,41.2010383605957,185.8804473876953
2016-10-06,42.08300018310547,41.18437576293945,185.68109130859375
2016-10-07,41.971500396728516,40.80119705200195,189.20953369140625
2016-10-10,42.08549880981445,41.450950622558594,188.57162475585938
2016-10-11,41.54999923706055,40.28472900390625,183.8670654296875
2016-10-12,41.704498291015625,40.301387786865234,182.6111602783203
2016-10-13,41.4640007019043,39.67662811279297,167.90939331054688
2016-10-14,41.14799880981445,39.851558685302734,166.49400329589844
2016-10-17,40.647499084472656,39.62664031982422,167.34124755859375
2016-10-18,40.88249969482422,40.201416015625,166.9624786376953
2016-10-19,40.884498596191406,40.326377868652344,168.87619018554688
2016-10-20,40.51599884033203,40.19309616088867,170.4909210205078
2016-10-21,40.949501037597656,40.29305648803711,173.3614959716797
2016-10-24,41.90449905395508,40.47632598876953,172.255126953125
2016-10-25,41.75899887084961,40.31804275512695,170.48094177246094
2016-10-26,41.12950134277344,39.93485641479492,170.09222412109375
2016-10-27,40.917999267578125,39.58498764038086,168.88616943359375
2016-10-28,38.816001892089844,39.235130310058594,167.61036682128906
2016-10-31,39.49100112915039,39.21012878417969,167.46083068847656
2016-11-01,39.27050018310547,39.21012878417969,169.23504638671875
2016-11-02,38.27799987792969,38.56870651245117,166.06544494628906
2016-11-03,38.35150146484375,38.51873016357422,165.3378143310547
2016-11-04,37.752498626708984,38.193851470947266,166.34451293945312
2016-11-07,39.246498107910156,39.401729583740234,168.70677185058594
2016-11-08,39.38750076293945,39.634979248046875,174.09906005859375
2016-11-09,38.59400177001953,38.66033935546875,172.2750701904297
2016-11-10,37.11899948120117,38.110557556152344,162.27784729003906
2016-11-11,36.95050048828125,37.71903610229492,155.45022583007812
2016-11-14,35.95349884033203,37.16090393066406,152.99826049804688
2016-11-15,37.1619987487793,37.90229797363281,155.20106506347656
2016-11-16,37.324501037597656,37.519107818603516,156.42703247070312
2016-11-17,37.81999969482422,37.794010162353516,156.75595092773438
2016-11-18,38.007999420166016,37.76068878173828,157.1147918701172
2016-11-21,39.0,38.018917083740234,160.10498046875
2016-11-22,39.26649856567383,38.410438537597656,164.41085815429688
2016-11-23,39.00600051879883,38.20218276977539,166.20497131347656
2016-11-25,39.01850128173828,38.510398864746094,162.6566162109375
2016-11-28,38.3385009765625,38.643680572509766,161.33096313476562
2016-11-29,38.125999450683594,38.87692642211914,162.37750244140625
2016-11-30,37.528499603271484,38.83527755737305,157.30416870117188
2016-12-01,37.182498931884766,38.50206756591797,150.8054656982422
2016-12-02,37.016998291015625,38.22716522216797,152.06134033203125
2016-12-05,37.96799850463867,38.27716064453125,157.43373107910156
2016-12-06,38.236000061035156,38.25216293334961,157.0350341796875
2016-12-07,38.520999908447266,38.75198745727539,165.0786590576172
2016-12-08,38.36650085449219,38.74363708496094,159.43716430664062
2016-12-09,38.43299865722656,38.49374008178711,158.09156799316406
2016-12-12,38.00600051879883,37.71070098876953,153.1776885986328
2016-12-13,38.71699905395508,38.15220260620117,156.30743408203125
2016-12-14,38.441001892089844,37.41914367675781,157.22442626953125
2016-12-15,38.04999923706055,36.99430465698242,158.72947692871094
2016-12-16,37.88850021362305,36.661102294921875,154.46347045898438
2016-12-19,38.29999923706055,36.56113815307617,152.57965087890625
2016-12-20,38.56100082397461,36.57780075073242,152.39027404785156
2016-12-21,38.529998779296875,36.469303131103516,153.8953094482422
2016-12-22,38.31700134277344,36.073997497558594,155.93861389160156
2016-12-23,38.02949905395508,35.998291015625,156.14796447753906
2016-12-27,38.56999969482422,36.14126968383789,157.98193359375
2016-12-28,38.60649871826172,36.41042709350586,155.2582550048828
2016-12-29,38.25749969482422,36.87301254272461,158.14154052734375
2016-12-30,37.493499755859375,36.78049850463867,155.7770538330078
2017-01-03,37.68349838256836,37.16739273071289,160.64572143554688
2017-01-04,37.85900115966797,37.65522003173828,165.4345703125
2017-01-05,39.022499084472656,38.36172866821289,170.8818817138672
2017-01-06,39.79949951171875,38.13463592529297,171.75982666015625
2017-01-09,39.84600067138672,38.27762222290039,173.705322265625
2017-01-10,39.79499816894531,38.857975006103516,177.37673950195312
2017-01-11,39.95100021362305,39.000953674316406,176.3391571044922
2017-01-12,40.68199920654297,38.832733154296875,172.7874298095703
2017-01-13,40.856998443603516,38.950496673583984,176.03985595703125
2017-01-17,40.486000061035156,38.874794006347656,177.63613891601562
2017-01-18,40.374000549316406,39.03459167480469,174.8526153564453
2017-01-19,40.45199966430664,38.84955978393555,174.4934539794922
2017-01-20,40.416500091552734,38.79909896850586,175.760498046875
2017-01-23,40.89400100708008,39.110286712646484,178.30458068847656
2017-01-24,41.12200164794922,39.5056037902832,182.88389587402344
2017-01-25,41.82600021362305,39.766334533691406,182.95376586914062
2017-01-26,41.95750045776367,39.766334533691406,182.9437713623047
2017-01-27,41.78850173950195,39.648582458496094,182.2054901123047
2017-01-30,41.51900100708008,39.48878479003906,184.689697265625
2017-01-31,41.17399978637695,39.539241790771484,184.95907592773438
2017-02-01,41.61750030517578,39.54765319824219,188.1416778564453
2017-02-02,41.997501373291016,39.61494827270508,188.18154907226562
2017-02-03,40.5099983215332,39.623355865478516,189.7080078125
2017-02-06,40.38199996948242,39.774749755859375,191.29432678222656
2017-02-07,40.625,39.75791931152344,191.1646270751953
2017-02-08,40.98550033569336,40.3382682800293,191.40406799316406
2017-02-09,41.06800079345703,40.68312072753906,191.26438903808594
2017-02-10,41.37300109863281,40.81768798828125,194.8260955810547
2017-02-13,41.826499938964844,41.01955032348633,194.6664581298828
2017-02-14,41.81949996948242,40.92702865600586,196.6119384765625
2017-02-15,42.1349983215332,41.406436920166016,199.46527099609375
2017-02-16,42.207000732421875,41.41486358642578,197.54974365234375
2017-02-17,42.253501892089844,41.221405029296875,197.96875
2017-02-21,42.821998596191406,41.55784606933594,198.03860473632812
2017-02-22,42.78049850463867,41.91109848022461,199.9441680908203
2017-02-23,42.609500885009766,41.784942626953125,199.35552978515625
2017-02-24,42.262001037597656,41.28029251098633,207.30702209472656
2017-02-27,42.43199920654297,41.17094802856445,207.74598693847656
2017-02-28,42.25199890136719,40.96908950805664,210.37985229492188
2017-03-01,42.65399932861328,41.44009780883789,210.6791534423828
2017-03-02,42.445499420166016,40.733577728271484,208.31468200683594
2017-03-03,42.49399948120117,40.91862487792969,212.2654571533203
2017-03-06,42.330501556396484,40.876564025878906,210.2800750732422
2017-03-07,42.30099868774414,41.01113510131836,210.80885314941406
2017-03-08,42.525001525878906,41.05319595336914,208.64390563964844
2017-03-09,42.650001525878906,40.65788650512695,208.893310546875
2017-03-10,42.62300109863281,40.876564025878906,210.79885864257812
2017-03-13,42.72949981689453,41.541015625,212.24549865722656
2017-03-14,42.62649917602539,41.30551528930664,211.8065185546875
2017-03-15,42.64849853515625,41.91950225830078,214.62994384765625
2017-03-16,42.67100143432617,42.407325744628906,211.0682373046875
2017-03-17,42.615501403808594,42.306396484375,210.79885864257812
2017-03-20,42.8484992980957,42.89515686035156,215.607666015625
2017-03-21,42.15999984741211,42.264347076416016,205.22186279296875
2017-03-22,42.40299987792969,42.41575241088867,209.14273071289062
2017-03-23,42.36899948120117,42.508262634277344,207.69610595703125
2017-03-24,42.28049850463867,42.54190444946289,210.369873046875
2017-03-27,42.340999603271484,42.38209915161133,211.07821655273438
2017-03-28,42.79999923706055,42.53350067138672,211.0183563232422
2017-03-29,43.715999603271484,42.525089263916016,215.9403839111328
2017-03-30,43.81700134277344,42.28957748413086,212.21641540527344
2017-03-31,44.32699966430664,41.995201110839844,211.128173828125
2017-04-03,44.57550048828125,42.348453521728516,219.594482421875
2017-04-04,45.34149932861328,42.36528396606445,215.57098388671875
2017-04-05,45.4640007019043,42.39051818847656,214.93202209472656
2017-04-06,44.91400146484375,42.38209915161133,217.3680877685547
2017-04-07,44.74399948120117,42.38209915161133,218.745849609375
2017-04-10,45.35200119018555,42.306396484375,218.70590209960938
2017-04-11,45.11800003051758,42.054080963134766,219.42474365234375
2017-04-12,44.811500549316406,42.21388244628906,215.96034240722656
2017-04-13,44.23350143432617,42.02885055541992,215.1117401123047
2017-04-17,45.0994987487793,42.348453521728516,220.1236114501953
2017-04-18,45.18899917602539,41.76811981201172,217.4779052734375
2017-04-19,44.959999084472656,41.71764373779297,218.47628784179688
2017-04-20,45.10300064086914,42.373695373535156,223.04888916015625
2017-04-21,44.92649841308594,42.34004592895508,223.45823669433594
2017-04-24,45.37049865722656,42.659664154052734,225.53485107421875
2017-04-25,45.38100051879883,43.15590286254883,230.25723266601562
2017-04-26,45.464500427246094,43.0802001953125,227.9110107421875
2017-04-27,45.91899871826172,43.00449752807617,229.83790588378906
2017-04-28,46.2495002746582,43.02973556518555,228.54000854492188
2017-05-01,47.4114990234375,43.19795608520508,234.70999145507812
2017-05-02,47.34700012207031,43.181129455566406,234.3805389404297
2017-05-03,47.05149841308594,43.00449752807617,234.59019470214844
2017-05-04,46.87649917602539,42.43256378173828,236.12771606445312
2017-05-05,46.70750045776367,42.5755500793457,274.7152404785156
2017-05-08,47.45199966430664,42.634422302246094,274.5155334472656
2017-05-09,47.64099884033203,43.408226013183594,281.31451416015625
2017-05-10,47.4474983215332,43.80353546142578,281.80377197265625
2017-05-11,47.38100051879883,43.71942138671875,280.4159851074219
2017-05-12,48.067501068115234,44.08108901977539,286.8156433105469
2017-05-15,47.89849853515625,44.51003646850586,295.7611389160156
2017-05-16,48.30350112915039,44.72031021118164,296.7395935058594
2017-05-17,47.237998962402344,44.04743576049805,278.0997314453125
2017-05-18,47.92449951171875,44.13996505737305,270.3722839355469
2017-05-19,47.992000579833984,44.77918243408203,272.1294250488281
2017-05-22,48.53350067138672,45.292236328125,274.9248962402344
2017-05-23,48.57699966430664,45.00627517700195,281.3445129394531
2017-05-24,49.01750183105469,45.0315055847168,285.8172607421875
2017-05-25,49.66899871826172,45.56139373779297,291.9473571777344
2017-05-26,49.78900146484375,45.57821273803711,286.4862060546875
2017-05-30,49.834999084472656,45.603450775146484,279.5274353027344
2017-05-31,49.73099899291992,45.2249641418457,274.6653137207031
2017-06-01,49.79750061035156,45.78007125854492,279.9467468261719
2017-06-02,50.33649826049805,45.813716888427734,279.91680908203125
2017-06-05,50.56700134277344,45.73801803588867,278.439208984375
2017-06-06,50.150001525878906,45.94829559326172,279.58734130859375
2017-06-07,50.503501892089844,46.09126281738281,284.7889099121094
2017-06-08,50.51350021362305,46.93235397338867,287.654296875
2017-06-09,48.91550064086914,46.301536560058594,274.6253967285156
2017-06-12,48.24549865722656,45.91463851928711,270.29241943359375
2017-06-13,49.03950119018555,45.94829559326172,272.5587158203125
2017-06-14,48.82350158691406,45.746429443359375,264.5716552734375
2017-06-15,48.208499908447266,45.275428771972656,262.8743896484375
2017-06-16,49.385501861572266,45.33430099487305,263.0242004394531
2017-06-19,49.75849914550781,46.20901870727539,273.8765869140625
2017-06-20,49.62950134277344,45.83933639526367,270.8315124511719
2017-06-21,50.11149978637695,46.126312255859375,276.5422668457031
2017-06-22,50.064998626708984,46.362632751464844,275.3042907714844
2017-06-23,50.1870002746582,46.4470329284668,274.7851257324219
2017-06-26,49.69900131225586,46.818416595458984,267.5668029785156
2017-06-27,48.8390007019043,46.35420227050781,255.5163116455078
2017-06-28,49.51649856567383,46.70024871826172,262.0395812988281
2017-06-29,48.79650115966797,46.067230224609375,252.16976928710938
2017-06-30,48.400001525878906,46.160064697265625,250.6213836669922
2017-07-03,47.68299865722656,46.4470329284668,250.42156982421875
2017-07-05,48.56999969482422,46.37952423095703,248.7233123779297
2017-07-06,48.25699996948242,45.78025436401367,250.8411407470703
2017-07-07,48.9379997253418,45.83933639526367,255.3365020751953
2017-07-10,49.82350158691406,46.126312255859375,259.55218505859375
2017-07-11,49.70650100708008,46.970340728759766,262.1394958496094
2017-07-12,50.32550048828125,47.957862854003906,274.06719970703125
2017-07-13,50.03150177001953,48.05914306640625,271.26007080078125
2017-07-14,50.09049987792969,48.7343635559082,273.2979736328125
2017-07-17,50.50199890136719,48.44739532470703,275.8353271484375
2017-07-18,51.22249984741211,48.70060729980469,279.9510803222656
2017-07-19,51.34349822998047,49.32518768310547,280.270751953125
2017-07-20,51.435001373291016,49.122615814208984,281.7892150878906
2017-07-21,51.28350067138672,49.07198715209961,279.9710998535156
2017-07-24,51.9474983215332,49.358943939208984,282.0888977050781
2017-07-25,51.993499755859375,49.32518768310547,278.97210693359375
2017-07-26,52.63999938964844,49.83161163330078,285.7251281738281
2017-07-27,52.29999923706055,49.57840347290039,286.3445129394531
2017-07-28,51.00199890136719,50.017295837402344,288.57220458984375
2017-07-31,49.388999938964844,50.14390182495117,288.1226806640625
2017-08-01,49.80950164794922,50.48151397705078,288.58221435546875
2017-08-02,49.794498443603516,50.084815979003906,286.3045654296875
2017-08-03,49.34600067138672,50.11012649536133,292.0785827636719
2017-08-04,49.37900161743164,50.30426788330078,260.2015075683594
2017-08-07,49.61349868774414,50.93728256225586,255.9059295654297
2017-08-08,49.492000579833984,51.325538635253906,251.66029357910156
2017-08-09,49.10049819946289,51.20737838745117,251.26071166992188
2017-08-10,47.84600067138672,49.54463195800781,232.40017700195312
2017-08-11,48.39950180053711,49.460235595703125,239.91241455078125
2017-08-14,49.165000915527344,50.127010345458984,236.69573974609375
2017-08-15,49.137001037597656,50.05949401855469,235.82664489746094
2017-08-16,48.909000396728516,50.9879264831543,241.650634765625
2017-08-17,48.028499603271484,50.127010345458984,233.94857788085938
2017-08-18,47.923500061035156,50.363346099853516,235.8965606689453
2017-08-21,47.66450119018555,50.9288444519043,241.70057678222656
2017-08-22,48.345001220703125,51.654720306396484,243.0391845703125
2017-08-23,47.900001525878906,51.97544860839844,243.28892517089844
2017-08-24,47.622501373291016,51.958560943603516,243.3688507080078
2017-08-25,47.26300048828125,52.12737274169922,246.15599060058594
2017-08-28,47.30099868774414,51.71379089355469,242.2899627685547
2017-08-29,47.702999114990234,51.72224044799805,240.65164184570312
2017-08-30,48.37950134277344,52.12737274169922,246.49562072753906
2017-08-31,49.029998779296875,52.32993698120117,258.2035217285156
2017-09-01,48.912498474121094,52.43122482299805,251.6503143310547
2017-09-05,48.26350021362305,51.75599670410156,256.3654479980469
2017-09-06,48.38999938964844,51.99232482910156,257.6141662597656
2017-09-07,48.9734992980957,52.34682083129883,258.4132995605469
2017-09-08,48.29499816894531,51.94168472290039,259.7120056152344
2017-09-11,48.89799880981445,53.03892517089844,284.9659423828125
2017-09-12,49.12900161743164,53.17396545410156,290.490234375
2017-09-13,49.97999954223633,53.300567626953125,291.90875244140625
2017-09-14,49.61050033569336,53.25837707519531,287.6231994628906
2017-09-15,49.339500427246094,53.72258758544922,282.4185485839844
2017-09-18,48.70949935913086,54.23744201660156,289.41131591796875
2017-09-19,48.49300003051758,54.33872604370117,289.67108154296875
2017-09-20,48.660499572753906,54.24589157104492,289.9008483886719
2017-09-21,48.23249816894531,54.25433349609375,281.57940673828125
2017-09-22,47.755001068115234,53.87451934814453,279.1719055175781
2017-09-25,46.989498138427734,52.22865676879883,269.94140625
2017-09-26,46.93000030517578,52.34682083129883,268.9924011230469
2017-09-27,47.54349899291992,52.751953125,267.12432861328125
2017-09-28,47.81999969482422,52.49874496459961,261.8667907714844
2017-09-29,48.067501068115234,53.249935150146484,258.8082275390625
2017-10-02,47.95949935913086,53.52846145629883,263.5260314941406
2017-10-03,47.85499954223633,54.81138610839844,264.2356872558594
2017-10-04,48.272499084472656,54.74386978149414,263.6859436035156
2017-10-05,49.04249954223633,55.48661804199219,270.1029357910156
2017-10-06,49.479000091552734,55.12367630004883,268.693603515625
2017-10-09,49.54949951171875,55.16588592529297,269.7930908203125
2017-10-10,49.36000061035156,55.71451187133789,273.5113525390625
2017-10-11,49.75,55.495059967041016,274.3609313964844
2017-10-12,50.04650115966797,55.182762145996094,246.14419555664062
2017-10-13,50.14699935913086,55.571014404296875,244.7848358154297
2017-10-16,50.31700134277344,55.83266830444336,232.89044189453125
2017-10-17,50.45650100708008,55.3515739440918,234.67959594726562
2017-10-18,49.849998474121094,55.86643600463867,242.2960205078125
2017-10-19,49.330501556396484,54.887351989746094,235.88902282714844
2017-10-20,49.14550018310547,55.300933837890625,235.61915588378906
2017-10-23,48.314998626708984,54.769187927246094,226.2435760498047
2017-10-24,48.79499816894531,54.72698211669922,225.31399536132812
2017-10-25,48.64550018310547,54.4653434753418,221.4058380126953
2017-10-26,48.621498107910156,54.2880859375,228.89231872558594
2017-10-27,55.04750061035156,55.005516052246094,235.9390106201172
2017-10-30,55.54249954223633,54.583499908447266,234.38973999023438
2017-10-31,55.263999938964844,55.11524963378906,240.19700622558594
2017-11-01,55.183998107910156,55.495059967041016,238.90760803222656
2017-11-02,54.71099853515625,55.5794563293457,235.88902282714844
2017-11-03,55.58000183105469,55.562583923339844,267.22430419921875
2017-11-06,56.03300094604492,56.38972473144531,268.4037170410156
2017-11-07,56.15850067138672,56.59229278564453,265.5050964355469
2017-11-08,56.64400100708008,56.71889114379883,259.9776916503906
2017-11-09,56.45650100708008,56.60917282104492,266.28472900390625
2017-11-10,56.26750183105469,56.879268646240234,270.74261474609375
2017-11-13,56.458499908447266,56.86238479614258,266.95440673828125
2017-11-14,56.84199905395508,56.17873001098633,262.3665771484375
2017-11-15,56.33449935913086,55.78202438354492,263.41607666015625
2017-11-16,56.864498138427734,57.00587463378906,262.3565979003906
2017-11-17,56.49399948120117,57.031185150146484,269.6031799316406
2017-11-20,56.31549835205078,57.723289489746094,265.7149963378906
2017-11-21,56.9744987487793,59.04842758178711,268.6336364746094
2017-11-22,57.80799865722656,58.9471321105957,265.7649841308594
2017-11-24,59.29999923706055,58.61796951293945,271.2524108886719
2017-11-27,59.791500091552734,57.512290954589844,272.4917907714844
2017-11-28,59.68000030517578,57.95962142944336,269.7131042480469
2017-11-29,58.063499450683594,56.51633834838867,267.5741271972656
2017-11-30,58.837501525878906,55.908626556396484,275.0106506347656
2017-12-01,58.11750030517578,55.12367630004883,272.78167724609375
2017-12-04,56.6974983215332,54.89578628540039,271.60223388671875
2017-12-05,57.07849884033203,54.651023864746094,270.6726379394531
2017-12-06,57.61750030517578,53.93360137939453,272.0820007324219
2017-12-07,57.989498138427734,54.26277542114258,272.5517578125
2017-12-08,58.099998474121094,55.29248809814453,276.32000732421875
2017-12-11,58.44599914550781,55.950843811035156,288.6641845703125
2017-12-12,58.25400161743164,55.17433166503906,294.9812316894531
2017-12-13,58.20650100708008,56.204036712646484,318.7900390625
2017-12-14,58.7130012512207,55.478179931640625,320.85906982421875
2017-12-15,58.957000732421875,55.376895904541016,318.7600402832031
2017-12-18,59.52899932861328,55.91707229614258,325.9666442871094
2017-12-19,59.36899948120117,55.67427062988281,329.1251525878906
2017-12-20,58.88100051879883,55.64862060546875,314.7519226074219
2017-12-21,58.737998962402344,56.674556732177734,318.3902282714844
2017-12-22,58.417999267578125,57.093475341796875,314.68194580078125
2017-12-26,58.8380012512207,56.80280685424805,318.3402404785156
2017-12-27,59.112998962402344,56.57196044921875,318.8500061035156
2017-12-28,59.30500030517578,56.76860427856445,315.57000732421875
2017-12-29,58.4734992980957,56.888301849365234,314.6600036621094
2018-01-02,59.45050048828125,59.10260009765625,322.5799865722656
2018-01-03,60.209999084472656,59.57283020019531,329.2799987792969
2018-01-04,60.47949981689453,59.94045639038086,325.8800048828125
2018-01-05,61.457000732421875,60.36793899536133,330.8699951171875
2018-01-08,62.34349822998047,60.66717529296875,340.7900085449219
2018-01-09,62.6349983215332,60.70135498046875,337.6499938964844
2018-01-10,62.71649932861328,60.461978912353516,339.54998779296875
2018-01-11,63.83399963378906,60.61585998535156,342.0199890136719
2018-01-12,65.26000213623047,61.547767639160156,342.4700012207031
2018-01-16,65.24299621582031,61.000587463378906,339.8500061035156
2018-01-17,64.75,61.91538619995117,340.45001220703125
2018-01-18,64.66600036621094,62.02655029296875,341.8800048828125
2018-01-19,64.72899627685547,62.75324249267578,345.30999755859375
2018-01-22,66.3655014038086,63.18925857543945,352.2699890136719
2018-01-23,68.12699890136719,64.12115478515625,355.42999267578125
2018-01-24,67.87550354003906,64.29214477539062,355.6000061035156
2018-01-25,68.89749908447266,63.856117248535156,360.05999755859375
2018-01-26,70.10250091552734,65.59168243408203,381.8599853515625
2018-01-29,70.88400268554688,64.32633209228516,390.2699890136719
2018-01-30,71.89099884033203,63.12942123413086,386.3699951171875
2018-01-31,72.54450225830078,63.958717346191406,387.1000061035156
2018-02-01,69.5,62.505306243896484,378.760009765625
2018-02-02,71.49749755859375,61.3083610534668,368.3900146484375
2018-02-05,69.5,59.48733139038086,351.989990234375
2018-02-06,72.14199829101562,60.71845245361328,350.4599914550781
2018-02-07,70.83899688720703,58.38446044921875,343.54998779296875
2018-02-08,67.5250015258789,55.90510559082031,345.30999755859375
2018-02-09,66.9800033569336,56.28128433227539,335.8599853515625
2018-02-12,69.3115005493164,57.27302551269531,353.45001220703125
2018-02-13,70.72550201416016,57.871490478515625,366.510009765625
2018-02-14,72.55249786376953,59.69252014160156,375.7099914550781
2018-02-15,73.08799743652344,61.18867874145508,379.04998779296875
2018-02-16,72.43450164794922,60.90656661987305,369.8699951171875
2018-02-20,73.4175033569336,60.38501739501953,375.7799987792969
2018-02-21,74.14600372314453,60.94075393676758,373.3399963378906
2018-02-22,74.26699829101562,60.83815002441406,369.5
2018-02-23,75.0,61.847007751464844,387.260009765625
2018-02-26,76.09750366210938,62.41127014160156,392.55999755859375
2018-02-27,75.5989990234375,60.02595138549805,375.44000244140625
2018-02-28,75.62249755859375,59.162452697753906,387.9700012207031
2018-03-01,74.67250061035156,58.97438430786133,385.3800048828125
2018-03-02,75.01249694824219,58.97438430786133,388.9599914550781
2018-03-05,76.18049621582031,59.051307678222656,390.8900146484375
2018-03-06,76.88200378417969,59.649776458740234,410.25
2018-03-07,77.25,59.82931900024414,407.8800048828125
2018-03-08,77.59300231933594,60.06869888305664,397.32000732421875
2018-03-09,78.94450378417969,61.641807556152344,413.94000244140625
2018-03-12,79.91950225830078,61.88975143432617,410.04998779296875
2018-03-13,79.40899658203125,60.855247497558594,406.4100036621094
2018-03-14,79.55000305175781,61.325477600097656,404.9700012207031
2018-03-15,79.11599731445312,62.01799392700195,387.1099853515625
2018-03-16,78.58399963378906,62.10346984863281,378.44000244140625
2018-03-19,77.24649810791016,61.18867874145508,366.510009765625
2018-03-20,79.32550048828125,62.29157257080078,364.7300109863281
2018-03-21,79.09300231933594,61.710201263427734,361.8500061035156
2018-03-22,77.24600219726562,58.589637756347656,350.6000061035156
2018-03-23,74.77799987792969,57.35851287841797,344.7300109863281
2018-03-26,77.79299926757812,59.666873931884766,353.3999938964844
2018-03-27,74.85250091552734,58.41011047363281,352.2099914550781
2018-03-28,71.57099914550781,57.58934783935547,341.2200012207031
2018-03-29,72.36699676513672,58.62384033203125,356.3900146484375
2018-04-02,68.59950256347656,57.20463180541992,347.20001220703125
2018-04-03,69.60250091552734,57.743247985839844,342.8699951171875
2018-04-04,70.52850341796875,57.83729553222656,355.4800109863281
2018-04-05,72.5875015258789,57.991180419921875,351.9599914550781
2018-04-06,70.2614974975586,56.59760665893555,342.5400085449219
2018-04-09,70.30400085449219,57.34141159057617,342.6700134277344
2018-04-10,71.81099700927734,59.05985641479492,347.8299865722656
2018-04-11,71.35250091552734,59.000030517578125,328.70001220703125
2018-04-12,72.42500305175781,59.07695770263672,327.3999938964844
2018-04-13,71.53949737548828,57.991180419921875,329.6700134277344
2018-04-16,72.07499694824219,57.69194412231445,322.7799987792969
2018-04-17,75.19149780273438,57.93987274169922,337.5400085449219
2018-04-18,76.39199829101562,57.93133544921875,345.1000061035156
2018-04-19,77.84549713134766,57.92279052734375,330.0
2018-04-20,76.37449645996094,57.1533317565918,324.489990234375
2018-04-23,75.89299774169922,56.81134033203125,330.4599914550781
2018-04-24,73.00450134277344,56.82844924926758,328.7699890136719
2018-04-25,73.00849914550781,56.4522705078125,336.1300048828125
2018-04-26,75.89800262451172,56.973793029785156,344.45001220703125
2018-04-27,78.63099670410156,57.247371673583984,341.1700134277344
2018-04-30,78.30650329589844,57.1533317565918,339.6099853515625
2018-05-01,79.11299896240234,57.27302551269531,339.4599914550781
2018-05-02,78.48400115966797,57.12767791748047,333.25
2018-05-03,78.60399627685547,56.85409927368164,330.5899963378906
2018-05-04,79.04750061035156,57.452552795410156,329.9700012207031
2018-05-07,80.00700378417969,57.5807991027832,339.30999755859375
2018-05-08,79.61949920654297,58.367347717285156,333.44000244140625
2018-05-09,80.4000015258789,58.65803527832031,325.30999755859375
2018-05-10,80.4540023803711,59.68397521972656,316.6300048828125
2018-05-11,80.14550018310547,59.624122619628906,309.010009765625
2018-05-14,80.0770034790039,60.1370964050293,298.5799865722656
2018-05-15,78.80599975585938,59.02566146850586,290.75
2018-05-16,79.36399841308594,60.27389907836914,305.1300048828125
2018-05-17,79.08799743652344,59.410404205322266,298.8500061035156
2018-05-18,78.71849822998047,59.12825393676758,295.3699951171875
2018-05-21,79.27300262451172,59.58138656616211,290.6000061035156
2018-05-22,79.06999969482422,59.299251556396484,294.760009765625
2018-05-23,80.09300231933594,59.247947692871094,304.7900085449219
2018-05-24,80.15350341796875,59.00856018066406,314.92999267578125
2018-05-25,80.50749969482422,59.145362854003906,314.70001220703125
2018-05-29,80.64350128173828,58.110862731933594,297.7099914550781
2018-05-30,81.24449920654297,58.367347717285156,302.2699890136719
2018-05-31,81.48100280761719,58.846134185791016,290.8299865722656
2018-06-01,82.0770034790039,59.73528289794922,296.6600036621094
2018-06-04,83.26349639892578,60.752662658691406,307.6499938964844
2018-06-05,84.81749725341797,60.90656661987305,307.0199890136719
2018-06-06,84.7874984741211,61.67600631713867,315.0
2018-06-07,84.46499633789062,60.96640396118164,288.8500061035156
2018-06-08,84.19950103759766,60.77830505371094,288.79998779296875
2018-06-11,84.45600128173828,60.80397033691406,297.7300109863281
2018-06-12,84.9375,61.06898880004883,301.1400146484375
2018-06-13,85.24299621582031,60.256778717041016,291.0
2018-06-14,86.19300079345703,60.239681243896484,305.0
2018-06-15,85.79850006103516,59.983211517333984,303.82000732421875
2018-06-18,86.18949890136719,59.39329528808594,294.5799865722656
2018-06-19,86.73899841308594,58.29827117919922,295.260009765625
2018-06-20,87.50399780273438,58.27250289916992,296.4800109863281
2018-06-21,86.51100158691406,57.14742660522461,287.3699951171875
2018-06-22,85.78350067138672,57.602603912353516,290.8599853515625
2018-06-25,83.15750122070312,56.07387161254883,288.2699890136719
2018-06-26,84.55449676513672,55.90209197998047,298.3500061035156
2018-06-27,83.02549743652344,54.1414680480957,285.3500061035156
2018-06-28,85.07250213623047,54.66536331176758,296.79998779296875
2018-06-29,84.98999786376953,55.481266021728516,298.92999267578125
2018-07-02,85.68900299072266,54.691123962402344,295.70001220703125
2018-07-03,84.697998046875,54.57088088989258,297.42999267578125
2018-07-05,84.98650360107422,54.1672248840332,304.4599914550781
2018-07-06,85.53150177001953,55.000308990478516,312.9100036621094
2018-07-09,86.95099639892578,56.168331146240234,309.7699890136719
2018-07-10,87.15350341796875,55.57573699951172,308.1499938964844
2018-07-11,87.75,54.48500061035156,303.239990234375
2018-07-12,89.83100128173828,55.56715393066406,318.04998779296875
2018-07-13,90.65149688720703,55.481266021728516,327.67999267578125
2018-07-16,91.12449645996094,55.094783782958984,343.25
2018-07-17,92.19650268554688,55.16348648071289,359.79998779296875
2018-07-18,92.14600372314453,55.034664154052734,369.3500061035156
2018-07-19,90.64849853515625,53.9782829284668,374.6099853515625
2018-07-20,90.68499755859375,54.6739501953125,373.4599914550781
2018-07-23,90.0999984741211,54.4077033996582,363.2900085449219
2018-07-24,91.46199798583984,55.49843978881836,353.0
2018-07-25,93.18049621582031,56.63212585449219,364.989990234375
2018-07-26,90.4000015258789,55.59291458129883,363.7300109863281
2018-07-27,90.8635025024414,55.197845458984375,354.57000732421875
2018-07-30,88.96099853515625,54.639591217041016,343.25
2018-07-31,88.87200164794922,54.81135940551758,342.9100036621094
2018-08-01,89.8584976196289,53.83228302001953,346.1400146484375
2018-08-02,91.71649932861328,53.12803649902344,339.2699890136719
2018-08-03,91.16449737548828,53.01638412475586,343.8800048828125
2018-08-06,92.38749694824219,52.578372955322266,348.5199890136719
2018-08-07,93.1240005493164,53.497337341308594,347.4200134277344
2018-08-08,94.32599639892578,53.29121017456055,344.42999267578125
2018-08-09,94.9260025024414,53.83228302001953,384.3900146484375
2018-08-10,94.31500244140625,53.38569259643555,372.3500061035156
2018-08-13,94.80999755859375,52.60414123535156,358.8599853515625
2018-08-14,95.98249816894531,51.87411880493164,363.510009765625
2018-08-15,94.13099670410156,49.96748733520508,344.7900085449219
2018-08-16,94.32599639892578,50.49137878417969,334.79998779296875
2018-08-17,94.11100006103516,51.17845916748047,324.20001220703125
2018-08-20,93.83550262451172,51.62505340576172,319.75
2018-08-21,94.1709976196289,52.45813751220703,328.45001220703125
2018-08-22,95.24500274658203,52.75872802734375,344.92999267578125
2018-08-23,95.1449966430664,51.78823471069336,348.3299865722656
2018-08-24,95.26950073242188,52.56978225708008,367.5400085449219
2018-08-27,96.38400268554688,53.62615966796875,374.8500061035156
2018-08-28,96.64099884033203,53.30839920043945,378.17999267578125
2018-08-29,99.90499877929688,53.78073501586914,377.44000244140625
2018-08-30,100.11900329589844,52.054473876953125,340.1499938964844
2018-08-31,100.635498046875,52.1661262512207,342.4100036621094
2018-09-04,101.97550201416016,51.52199172973633,342.2699890136719
2018-09-05,99.74099731445312,50.15644073486328,328.0
2018-09-06,97.91549682617188,49.97607421875,320.760009765625
2018-09-07,97.60350036621094,49.701236724853516,326.5
2018-09-10,96.95050048828125,48.850990295410156,319.42999267578125
2018-09-11,99.35749816894531,48.782283782958984,318.7300109863281
2018-09-12,99.5,49.16017150878906,316.8999938964844
2018-09-13,99.49349975585938,50.42267608642578,320.6700134277344
2018-09-14,98.5094985961914,49.95889663696289,325.0400085449219
2018-09-17,95.40149688720703,49.29759216308594,322.260009765625
2018-09-18,97.05249786376953,49.855831146240234,315.0799865722656
2018-09-19,96.32099914550781,51.02387237548828,315.80999755859375
2018-09-20,97.21499633789062,51.582115173339844,323.0799865722656
2018-09-21,95.75050354003906,52.054473876953125,319.67999267578125
2018-09-24,96.71800231933594,51.25575256347656,331.3800048828125
2018-09-25,98.72750091552734,51.45329284667969,319.6199951171875
2018-09-26,98.74250030517578,51.72811508178711,330.75
2018-09-27,100.64900207519531,51.75387954711914,340.0799865722656
2018-09-28,100.1500015258789,51.43610382080078,340.4700012207031
2018-10-01,100.21800231933594,51.444698333740234,332.489990234375
2018-10-02,98.56549835205078,50.24232482910156,353.8999938964844
2018-10-03,97.63800048828125,50.019020080566406,354.1000061035156
2018-10-04,95.47100067138672,48.704994201660156,339.4599914550781
2018-10-05,94.48249816894531,48.636287689208984,335.6400146484375
2018-10-08,93.22100067138672,48.03509521484375,339.5
2018-10-09,93.51599884033203,47.53696060180664,340.05999755859375
2018-10-10,87.76249694824219,45.913753509521484,319.07000732421875
2018-10-11,85.96800231933594,45.73339080810547,304.8599853515625
2018-10-12,89.43049621582031,47.296485900878906,303.4200134277344
2018-10-15,88.04750061035156,46.39470291137695,294.75
2018-10-16,90.99800109863281,47.348018646240234,308.6000061035156
2018-10-17,91.58650207519531,46.7725944519043,313.3699951171875
2018-10-18,88.53600311279297,45.329734802246094,298.760009765625
2018-10-19,88.20149993896484,45.99104690551758,301.8699951171875
2018-10-22,89.46499633789062,47.45966339111328,313.55999755859375
2018-10-23,88.43499755859375,46.58364486694336,306.8599853515625
2018-10-24,83.20999908447266,44.848785400390625,291.3999938964844
2018-10-25,89.1084976196289,45.887977600097656,297.5899963378906
2018-10-26,82.1405029296875,45.097843170166016,295.3699951171875
2018-10-29,76.94400024414062,43.843929290771484,287.3399963378906
2018-10-30,76.52100372314453,44.53960037231445,310.4100036621094
2018-10-31,79.90049743652344,45.73339080810547,324.5
2018-11-01,83.27649688720703,48.078041076660156,341.6499938964844
2018-11-02,83.27649688720703,48.17250442504883,354.3900146484375
2018-11-05,81.38999938964844,48.03509521484375,357.6199951171875
2018-11-06,82.1405029296875,47.9749641418457,336.19000244140625
2018-11-07,87.77449798583984,49.16017150878906,349.55999755859375
2018-11-08,87.74549865722656,47.66579055786133,331.4700012207031
2018-11-09,85.62149810791016,46.32599639892578,325.69000244140625
2018-11-12,81.84249877929688,45.73339080810547,322.0
2018-11-13,81.55850219726562,46.85847473144531,327.94000244140625
2018-11-14,79.95050048828125,47.305076599121094,336.8599853515625
2018-11-15,80.97200012207031,48.438751220703125,340.7699890136719
2018-11-16,79.67050170898438,48.481689453125,344.6099853515625
2018-11-19,75.614501953125,47.45108413696289,335.3900146484375
2018-11-20,74.77300262451172,46.47199630737305,313.7900085449219
2018-11-21,75.83650207519531,47.57990264892578,319.0
2018-11-23,75.10299682617188,47.03883361816406,309.82000732421875
2018-11-26,79.06649780273438,48.14674758911133,322.17999267578125
2018-11-27,79.07099914550781,48.2412109375,331.7200012207031
2018-11-28,83.88749694824219,49.546653747558594,345.7799987792969
2018-11-29,83.67849731445312,48.59334182739258,357.989990234375
2018-11-30,84.50849914550781,49.36629867553711,351.9700012207031
2018-12-03,88.61799621582031,50.276676177978516,369.510009765625
2018-12-04,83.41999816894531,49.31476593017578,354.8500061035156
2018-12-06,84.95950317382812,48.40439224243164,350.55999755859375
2018-12-07,81.45649719238281,47.545555114746094,346.55999755859375
2018-12-10,82.05149841308594,47.236366271972656,353.5199890136719
2018-12-11,82.16200256347656,47.62285232543945,355.239990234375
2018-12-12,83.177001953125,48.18968963623047,361.3599853515625
2018-12-13,82.91899871826172,48.40439224243164,333.510009765625
2018-12-14,79.59549713134766,47.72590637207031,326.5199890136719
2018-12-17,76.04550170898438,46.78118896484375,310.489990234375
2018-12-18,77.5739974975586,46.46465301513672,310.8299865722656
2018-12-19,74.75399780273438,45.5194091796875,312.3900146484375
2018-12-20,73.04149627685547,45.45869827270508,306.3999938964844
2018-12-21,68.87249755859375,45.14650344848633,286.55999755859375
2018-12-24,67.197998046875,44.77360916137695,257.5199890136719
2018-12-26,73.54499816894531,45.918312072753906,281.80999755859375
2018-12-27,73.08200073242188,45.65816116333008,289.1000061035156
2018-12-28,73.9010009765625,45.77088165283203,292.0899963378906
2018-12-31,75.09850311279297,45.63214874267578,292.8500061035156
2019-01-02,76.95649719238281,45.38064956665039,298.010009765625
2019-01-03,75.01399993896484,44.22726821899414,296.5899963378906
2019-01-04,78.76950073242188,46.022377014160156,315.3299865722656
2019-01-07,81.47550201416016,46.46465301513672,328.94000244140625
2019-01-08,82.8290023803711,46.82020950317383,328.489990234375
2019-01-09,82.97100067138672,47.86951446533203,339.9599914550781
2019-01-10,82.81099700927734,48.2597541809082,339.5899963378906
2019-01-11,82.02799987792969,47.93888473510742,344.95001220703125
2019-01-14,80.8604965209961,47.366539001464844,339.7699890136719
2019-01-15,83.72799682617188,47.93021774291992,350.1000061035156
2019-01-16,84.18900299072266,48.64132308959961,344.9200134277344
2019-01-17,84.66100311279297,48.953521728515625,342.2300109863281
2019-01-18,84.80999755859375,49.5605583190918,350.6600036621094
2019-01-22,81.6084976196289,48.27710723876953,330.8599853515625
2019-01-23,82.0009994506836,48.632659912109375,328.8800048828125
2019-01-24,82.74649810791016,49.274383544921875,339.1499938964844
2019-01-25,83.52850341796875,50.15892028808594,342.8800048828125
2019-01-28,81.89450073242188,49.7686882019043,355.0
2019-01-29,79.69400024414062,49.75135040283203,351.2300109863281
2019-01-30,83.52149963378906,50.7919921875,362.0199890136719
2019-01-31,85.9365005493164,51.433719635009766,364.0
2019-02-01,81.3115005493164,51.121524810791016,364.6600036621094
2019-02-04,81.66549682617188,51.26894760131836,368.0799865722656
2019-02-05,82.94049835205078,52.20552444458008,363.25
2019-02-06,82.01300048828125,51.66786193847656,358.9200134277344
2019-02-07,80.71849822998047,50.91339111328125,358.20001220703125
2019-02-08,79.41100311279297,50.965423583984375,347.82000732421875
2019-02-11,79.55000305175781,51.121524810791016,350.8299865722656
2019-02-12,81.90049743652344,51.31230545043945,364.0
2019-02-13,82.0,51.59848403930664,360.57000732421875
2019-02-14,81.13249969482422,51.346988677978516,359.8399963378906
2019-02-15,80.39749908447266,50.99144744873047,363.1000061035156
2019-02-19,81.37899780273438,51.6331672668457,367.2099914550781
2019-02-20,81.1050033569336,51.95404052734375,368.3399963378906
2019-02-21,80.97200012207031,51.84130096435547,364.9800109863281
2019-02-22,81.5780029296875,52.838584899902344,374.05999755859375
2019-02-25,81.6500015258789,53.80984115600586,375.0899963378906
2019-02-26,81.81999969482422,53.62773513793945,369.489990234375
2019-02-27,82.05449676513672,52.99468231201172,446.67999267578125
2019-02-28,81.99150085449219,52.647796630859375,458.7900085449219
2019-03-01,83.58650207519531,53.081398010253906,451.6400146484375
2019-03-04,84.80850219726562,53.64508819580078,463.79998779296875
2019-03-05,84.62149810791016,54.51228332519531,467.7699890136719
2019-03-06,83.44750213623047,54.10469436645508,461.5299987792969
2019-03-07,81.29750061035156,52.621788024902344,451.1499938964844
2019-03-08,81.04000091552734,51.693878173828125,449.5899963378906
2019-03-11,83.53099822998047,53.020694732666016,481.1099853515625
2019-03-12,83.65499877929688,53.471641540527344,483.4800109863281
2019-03-13,84.54049682617188,53.26350784301758,507.92999267578125
2019-03-14,84.31099700927734,52.9339714050293,493.7900085449219
2019-03-15,85.61799621582031,53.619056701660156,488.7300109863281
2019-03-18,87.10749816894531,54.347511291503906,484.9700012207031
2019-03-19,88.09249877929688,54.52095413208008,482.3599853515625
2019-03-20,89.8635025024414,54.36486053466797,497.95001220703125
2019-03-21,90.96299743652344,54.442901611328125,504.4800109863281
2019-03-22,88.2385025024414,52.76919937133789,497.3699951171875
2019-03-25,88.71299743652344,52.85592269897461,491.29998779296875
2019-03-26,89.18800354003906,52.84725570678711,493.8999938964844
2019-03-27,88.28500366210938,52.80388641357422,484.94000244140625
2019-03-28,88.6709976196289,53.124755859375,497.1499938964844
2019-03-29,89.0374984741211,54.13938522338867,507.7300109863281
2019-04-01,90.70950317382812,54.93721008300781,518.1099853515625
2019-04-02,90.6989974975586,54.73775100708008,509.989990234375
2019-04-03,91.03500366210938,55.10197448730469,508.5799865722656
2019-04-04,90.94300079345703,55.66566467285156,501.4800109863281
2019-04-05,91.86399841308594,56.2987060546875,502.8500061035156
2019-04-08,92.49299621582031,56.23801803588867,506.5
2019-04-09,91.79199981689453,56.211997985839844,505.17999267578125
2019-04-10,92.36650085449219,56.333404541015625,514.3400268554688
2019-04-11,92.20349884033203,55.587608337402344,503.7300109863281
2019-04-12,92.15299987792969,56.39411163330078,504.5199890136719
2019-04-15,92.24349975585938,55.500892639160156,513.6799926757812
2019-04-16,93.1520004272461,56.12527847290039,501.9599914550781
2019-04-17,93.24099731445312,56.255367279052734,498.3800048828125
2019-04-18,93.08450317382812,56.2726936340332,492.0
2019-04-22,94.3655014038086,55.830413818359375,490.7699890136719
2019-04-23,96.1884994506836,55.856449127197266,500.0
2019-04-24,95.0875015258789,55.12799072265625,486.010009765625
2019-04-25,95.11250305175781,54.859161376953125,487.57000732421875
2019-04-26,97.53150177001953,55.119327545166016,489.5199890136719
2019-04-29,96.92150115966797,55.25807571411133,494.1600036621094
2019-04-30,96.32599639892578,55.08463668823242,484.1400146484375
2019-05-01,95.57599639892578,54.98924255371094,484.7300109863281
2019-05-02,95.04100036621094,55.049949645996094,482.3500061035156
2019-05-03,98.12300109863281,56.003875732421875,578.9400024414062
2019-05-06,97.52749633789062,54.39087677001953,567.6900024414062
2019-05-07,96.05000305175781,52.734519958496094,539.4099731445312
2019-05-08,95.88849639892578,52.68248748779297,536.0599975585938
2019-05-09,94.99349975585938,51.806617736816406,542.6400146484375
2019-05-10,94.4990005493164,52.14482498168945,557.8400268554688
2019-05-13,91.13400268554688,50.15892028808594,543.030029296875
2019-05-14,92.00599670410156,51.00011444091797,562.6900024414062
2019-05-15,93.55750274658203,51.46841049194336,572.9299926757812
2019-05-16,95.37850189208984,51.676536560058594,595.72998046875
2019-05-17,93.44999694824219,50.020172119140625,574.5700073242188
2019-05-20,92.94850158691406,48.57194900512695,574.0900268554688
2019-05-21,92.8759994506836,49.3090705871582,572.9500122070312
2019-05-22,92.98400115966797,48.78007888793945,569.489990234375
2019-05-23,90.77400207519531,47.86951446533203,580.6699829101562
2019-05-24,91.16400146484375,47.59201431274414,592.5499877929688
2019-05-28,91.82150268554688,47.96491241455078,600.5800170898438
2019-05-29,90.95950317382812,48.112335205078125,573.6099853515625
2019-05-30,90.81600189208984,48.08631896972656,578.2899780273438
2019-05-31,88.75350189208984,47.98225402832031,570.52001953125
2019-06-03,84.6344985961914,48.285770416259766,568.77001953125
2019-06-04,86.47799682617188,48.2684326171875,551.7100219726562
2019-06-05,86.92500305175781,47.852176666259766,569.1500244140625
2019-06-06,87.71800231933594,47.87818908691406,581.6900024414062
2019-06-07,90.20149993896484,48.407188415527344,604.489990234375
2019-06-10,93.03150177001953,49.265716552734375,616.4600219726562
2019-06-11,93.18499755859375,49.95947265625,613.2999877929688
2019-06-12,92.76599884033203,49.03156280517578,623.4099731445312
2019-06-13,93.51499938964844,49.12696075439453,635.5900268554688
2019-06-14,93.4834976196289,48.55461120605469,616.0
2019-06-17,94.30149841308594,48.85658264160156,618.8499755859375
2019-06-18,95.06849670410156,50.444984436035156,622.75
2019-06-19,95.43949890136719,50.94245529174805,641.3900146484375
2019-06-20,95.90950012207031,51.780296325683594,636.4400024414062
2019-06-21,95.56500244140625,51.49228286743164,630.6500244140625
2019-06-24,95.69499969482422,51.48356246948242,621.7999877929688
2019-06-25,93.91349792480469,50.663169860839844,614.5399780273438
2019-06-26,94.8915023803711,51.40500259399414,609.219970703125
2019-06-27,95.21399688720703,51.911197662353516,610.6699829101562
2019-06-28,94.68150329589844,51.8850212097168,611.77001953125
2019-07-01,96.1094970703125,52.9235954284668,619.3099975585938
2019-07-02,96.71549987792969,52.89741897583008,626.97998046875
2019-07-03,96.94999694824219,52.70541000366211,633.52001953125
2019-07-05,97.14550018310547,52.059566497802734,638.1799926757812
2019-07-08,97.61599731445312,51.41373825073242,629.969970703125
2019-07-09,99.41500091552734,51.28282165527344,640.5599975585938
2019-07-10,100.87049865722656,51.422462463378906,633.3300170898438
2019-07-11,100.05349731445312,51.17809295654297,634.2899780273438
2019-07-12,100.55000305175781,51.41373825073242,644.7899780273438
2019-07-15,101.04949951171875,51.89374923706055,645.1099853515625
2019-07-16,100.49500274658203,51.84138488769531,633.9500122070312
2019-07-17,99.60150146484375,51.71047592163086,631.72998046875
2019-07-18,98.8949966430664,51.780296325683594,648.6699829101562
2019-07-19,98.22599792480469,51.780296325683594,626.7000122070312
2019-07-22,99.28150177001953,51.570838928222656,636.510009765625
2019-07-23,99.72450256347656,52.1468505859375,634.8300170898438
2019-07-24,100.04049682617188,52.487220764160156,660.0
2019-07-25,98.69100189208984,52.19048309326172,652.5
2019-07-26,97.15249633789062,52.29521179199219,654.7100219726562
2019-07-29,95.62249755859375,51.98102569580078,653.3900146484375
2019-07-30,94.92649841308594,51.58828353881836,633.780029296875
2019-07-31,93.33899688720703,51.029727935791016,621.4199829101562
2019-08-01,92.76599884033203,49.45004653930664,626.4500122070312
2019-08-02,91.16200256347656,48.8740348815918,614.7100219726562
2019-08-05,88.25650024414062,46.67470169067383,574.25
2019-08-06,89.3915023803711,47.276893615722656,601.0399780273438
2019-08-07,89.66999816894531,47.69581985473633,613.5399780273438
2019-08-08,91.64450073242188,48.33292770385742,688.0999755859375
2019-08-09,90.37899780273438,47.66090774536133,690.0999755859375
2019-08-12,89.24600219726562,47.1634407043457,623.6500244140625
2019-08-13,91.21700286865234,48.1321907043457,637.5700073242188
2019-08-14,88.14800262451172,46.75325012207031,620.0
2019-08-15,88.80599975585938,47.416542053222656,613.25
2019-08-16,89.62850189208984,48.324195861816406,624.530029296875
2019-08-19,90.80599975585938,49.23186111450195,603.3499755859375
2019-08-20,90.06900024414062,49.15331268310547,612.2999877929688
2019-08-21,91.177001953125,49.49369430541992,629.8300170898438
2019-08-22,90.23300170898438,48.961307525634766,619.4000244140625
2019-08-23,87.48100280761719,47.79181671142578,598.1799926757812
2019-08-26,88.44349670410156,48.30674743652344,602.6199951171875
2019-08-27,88.09149932861328,48.437660217285156,594.1300048828125
2019-08-28,88.2125015258789,48.53366470336914,588.1500244140625
2019-08-29,89.31999969482422,49.083499908447266,593.489990234375
2019-08-30,88.81449890136719,49.2405891418457,594.5999755859375
2019-09-03,89.49199676513672,49.074764251708984,581.0
2019-09-04,90.03099822998047,49.93879699707031,590.0
2019-09-05,92.03600311279297,50.83771896362305,605.6900024414062
2019-09-06,91.67549896240234,50.86389923095703,597.7899780273438
2019-09-09,91.56749725341797,51.125732421875,571.1300048828125
2019-09-10,91.02749633789062,50.92499542236328,549.1699829101562
2019-09-11,91.14949798583984,51.439918518066406,560.8800048828125
2019-09-12,92.17749786376953,51.82393264770508,571.72998046875
2019-09-13,91.96700286865234,52.207942962646484,566.8300170898438
2019-09-16,90.39199829101562,51.65810775756836,554.0499877929688
2019-09-17,91.12750244140625,51.53591537475586,549.97998046875
2019-09-18,90.87300109863281,51.28282165527344,542.52001953125
2019-09-19,91.07499694824219,51.08209228515625,549.3099975585938
2019-09-20,89.70800018310547,50.79408264160156,547.969970703125
2019-09-23,89.26499938964844,50.471168518066406,540.0900268554688
2019-09-24,87.08049774169922,49.615875244140625,537.2899780273438
2019-09-25,88.41649627685547,49.903865814208984,551.8699951171875
2019-09-26,86.99199676513672,49.55477523803711,549.8599853515625
2019-09-27,86.27249908447266,48.47257614135742,541.52001953125
2019-09-30,86.79550170898438,48.94386291503906,551.22998046875
2019-10-01,86.78250122070312,48.68202590942383,550.4299926757812
2019-10-02,85.6614990234375,48.67329406738281,544.0900268554688
2019-10-03,86.22100067138672,49.52859878540039,558.1900024414062
2019-10-04,86.98249816894531,49.476234436035156,559.219970703125
2019-10-07,86.63300323486328,49.1183967590332,548.8699951171875
2019-10-08,85.27549743652344,48.324195861816406,525.6300048828125
2019-10-09,86.09950256347656,48.987491607666016,532.030029296875
2019-10-10,86.01300048828125,49.659507751464844,542.4099731445312
2019-10-11,86.59600067138672,50.628273010253906,554.2100219726562
2019-10-14,86.82150268554688,50.444984436035156,555.5800170898438
2019-10-15,88.36900329589844,51.047183990478516,566.5499877929688
2019-10-16,88.87149810791016,51.134456634521484,548.97998046875
2019-10-17,89.3740005493164,51.21300506591797,549.25
2019-10-18,87.87550354003906,50.383888244628906,536.27001953125
2019-10-21,89.28299713134766,50.951175689697266,545.3800048828125
2019-10-22,88.2864990234375,50.619529724121094,536.8900146484375
2019-10-23,88.1084976196289,50.41880416870117,541.4099731445312
2019-10-24,89.03900146484375,50.575897216796875,551.6199951171875
2019-10-25,88.06649780273438,51.134456634521484,549.8099975585938
2019-10-28,88.85399627685547,51.77156448364258,540.030029296875
2019-10-29,88.135498046875,51.21300506591797,542.010009765625
2019-10-30,88.99949645996094,51.22173309326172,551.0499877929688
2019-10-31,88.83300018310547,51.029727935791016,521.52001953125
2019-11-01,89.5719985961914,51.81520080566406,490.0
2019-11-04,90.23300170898438,52.679229736328125,485.7900085449219
2019-11-05,90.08550262451172,52.9759635925293,485.05999755859375
2019-11-06,89.78849792480469,52.984683990478516,482.95001220703125
2019-11-07,89.41000366210938,53.62179183959961,491.989990234375
2019-11-08,89.29399871826172,53.35124588012695,494.4200134277344
2019-11-11,88.5824966430664,52.70541000366211,497.6199951171875
2019-11-12,88.9000015258789,52.36503601074219,499.5
2019-11-13,87.65550231933594,51.61446762084961,513.72998046875
2019-11-14,87.7300033569336,51.53591537475586,536.5399780273438
2019-11-15,86.97450256347656,51.64065170288086,550.0999755859375
2019-11-18,87.62650299072266,51.75410461425781,533.010009765625
2019-11-19,87.6395034790039,52.286495208740234,536.3300170898438
2019-11-20,87.27649688720703,51.75410461425781,547.8499755859375
2019-11-21,86.7354965209961,51.78902053833008,562.0
2019-11-22,87.28600311279297,51.86756896972656,565.5
2019-11-25,88.69200134277344,52.775230407714844,585.0
2019-11-26,89.84700012207031,52.8886833190918,583.1500244140625
2019-11-27,90.92549896240234,53.080684661865234,589.4000244140625
2019-11-29,90.04000091552734,52.06829071044922,580.5800170898438
2019-12-02,89.08000183105469,51.91992950439453,580.0
2019-12-03,88.49800109863281,51.64938735961914,575.239990234375
2019-12-04,88.03450012207031,51.87629318237305,575.239990234375
2019-12-05,87.02400207519531,52.37376022338867,578.52001953125
2019-12-06,87.58000183105469,52.801414489746094,583.0
2019-12-09,87.47550201416016,52.34758377075195,584.5599975585938
2019-12-10,86.96050262451172,52.653053283691406,586.6900024414062
2019-12-11,87.43599700927734,53.52579116821289,580.3099975585938
2019-12-12,88.0165023803711,54.40727615356445,579.97998046875
2019-12-13,88.0469970703125,54.20654296875,567.6699829101562
2019-12-16,88.46050262451172,54.994056701660156,582.1799926757812
2019-12-17,89.53299713134766,55.610679626464844,585.8400268554688
2019-12-18,89.20149993896484,55.85732650756836,582.0
2019-12-19,89.61399841308594,55.71638870239258,582.5499877929688
2019-12-20,89.32499694824219,55.97184371948242,592.5399780273438
2019-12-23,89.6500015258789,56.007080078125,594.1500244140625
2019-12-24,89.46050262451172,56.04230880737305,594.530029296875
2019-12-26,93.4384994506836,56.54442596435547,597.239990234375
2019-12-27,93.48999786376953,56.614891052246094,599.239990234375
2019-12-30,92.34449768066406,56.37705612182617,583.8499755859375
2019-12-31,92.39199829101562,56.456329345703125,571.9400024414062
2020-01-02,94.90049743652344,58.3414421081543,610.1900024414062
2020-01-03,93.74849700927734,57.249141693115234,607.7999877929688
2020-01-06,95.14399719238281,57.15223693847656,606.5499877929688
2020-01-07,95.34300231933594,57.39889144897461,625.0
2020-01-08,94.59850311279297,57.566253662109375,633.4400024414062
2020-01-09,95.05249786376953,58.19169235229492,646.4299926757812
2020-01-10,94.15799713134766,58.57047653198242,669.47998046875
2020-01-13,94.56500244140625,59.706817626953125,691.0999755859375
2020-01-14,93.47200012207031,59.02853775024414,652.0700073242188
2020-01-15,93.10099792480469,58.79069900512695,659.97998046875
2020-01-16,93.89700317382812,59.1518669128418,666.4600219726562
2020-01-17,93.23600006103516,59.40732955932617,673.010009765625
2020-01-21,94.5999984741211,57.25794982910156,658.4600219726562
2020-01-22,94.37300109863281,57.566253662109375,663.1500244140625
2020-01-23,94.22899627685547,56.81749725341797,663.3300170898438
2020-01-24,93.08200073242188,55.84852600097656,660.5800170898438
2020-01-27,91.41699981689453,53.734378814697266,653.8599853515625
2020-01-28,92.6624984741211,54.27172088623047,674.719970703125
2020-01-29,92.9000015258789,54.800254821777344,668.6099853515625
2020-01-30,93.53399658203125,53.963409423828125,671.0800170898438
2020-01-31,100.43599700927734,52.95039367675781,663.0
2020-02-03,100.20999908447266,53.70795440673828,677.97998046875
2020-02-04,102.4834976196289,55.76924133300781,709.8599853515625
2020-02-05,101.99349975585938,55.76042938232422,675.8400268554688
2020-02-06,102.5114974975586,56.033504486083984,671.0
2020-02-07,103.96399688720703,55.45212173461914,646.02001953125
2020-02-10,106.69550323486328,56.0599365234375,658.22998046875
2020-02-11,107.54000091552734,56.84393310546875,651.6199951171875
2020-02-12,108.0,57.945045471191406,699.8200073242188
2020-02-13,107.49349975585938,57.15223693847656,718.530029296875
2020-02-14,106.74349975585938,57.09939193725586,735.010009765625
2020-02-18,107.78350067138672,57.09939193725586,728.4500122070312
2020-02-19,108.51100158691406,57.522212982177734,742.739990234375
2020-02-20,107.65499877929688,56.8703498840332,742.5900268554688
2020-02-21,104.79850006103516,56.65011978149414,735.5999755859375
2020-02-24,100.4645004272461,54.7562141418457,673.4600219726562
2020-02-25,98.63700103759766,54.439090728759766,630.0
2020-02-26,98.97949981689453,55.099761962890625,632.0499877929688
2020-02-27,94.21499633789062,54.447906494140625,600.0
2020-02-28,94.1875,54.72978973388672,616.030029296875
2020-03-02,97.69750213623047,55.46092224121094,642.1099853515625
2020-03-03,95.44950103759766,55.152610778808594,624.72998046875
2020-03-04,98.79149627685547,56.04230880737305,653.6300048828125
2020-03-05,96.20149993896484,55.91899108886719,627.8800048828125
2020-03-06,95.05449676513672,54.71216583251953,614.510009765625
2020-03-09,90.03050231933594,52.56279754638672,539.6400146484375
2020-03-10,94.59100341796875,54.58003616333008,599.0700073242188
2020-03-11,91.04299926757812,52.71255111694336,550.719970703125
2020-03-12,83.83049774169922,48.74853515625,502.0
2020-03-13,89.25,51.320735931396484,535.6900024414062
2020-03-16,84.4574966430664,46.3084716796875,467.32000732421875
2020-03-17,90.39199829101562,48.60759353637695,490.69000244140625
2020-03-18,91.5,46.123470306396484,452.1700134277344
2020-03-19,94.04650115966797,46.458221435546875,463.5299987792969
2020-03-20,92.30449676513672,46.33488845825195,452.8800048828125
2020-03-23,95.1415023803711,46.49345397949219,457.6499938964844
2020-03-24,97.00499725341797,49.250648498535156,490.0
2020-03-25,94.29199981689453,50.21962356567383,482.6499938964844
2020-03-26,97.77449798583984,51.796417236328125,489.55999755859375
2020-03-27,95.00499725341797,49.20660400390625,471.42999267578125
2020-03-30,98.19750213623047,50.31652069091797,473.2900085449219
2020-03-31,97.48600006103516,50.431034088134766,488.5799865722656
2020-04-01,95.38500213623047,48.63401412963867,447.3399963378906
2020-04-02,95.94149780273438,50.09629821777344,462.8699951171875
2020-04-03,95.32949829101562,49.506103515625,454.4700012207031
2020-04-06,99.87950134277344,51.45287322998047,506.1600036621094
2020-04-07,100.58000183105469,51.46167755126953,525.6699829101562
2020-04-08,102.1500015258789,51.505733489990234,544.0
2020-04-09,102.13800048828125,51.43525314331055,533.280029296875
2020-04-13,108.44349670410156,51.523345947265625,543.0
2020-04-14,114.16600036621094,52.624454498291016,562.02001953125
2020-04-15,115.38400268554688,52.00782775878906,588.6400146484375
2020-04-16,120.40950012207031,52.5892219543457,612.7100219726562
2020-04-17,118.75,53.00324249267578,597.5
2020-04-20,119.68049621582031,52.92396545410156,601.6400146484375
2020-04-21,116.40599822998047,51.673095703125,573.3800048828125
2020-04-22,118.17449951171875,52.809444427490234,601.0499877929688
2020-04-23,119.97250366210938,52.42184829711914,586.7100219726562
2020-04-24,120.51100158691406,52.553985595703125,571.27001953125
2020-04-27,118.80000305175781,53.3027458190918,589.469970703125
2020-04-28,115.7040023803711,53.135372161865234,598.5399780273438
2020-04-29,118.635498046875,54.03388214111328,602.4199829101562
2020-04-30,123.69999694824219,52.83586883544922,583.510009765625
2020-05-01,114.302001953125,50.818626403808594,605.52001953125
2020-05-04,115.79949951171875,51.003623962402344,607.4000244140625
2020-05-05,115.88999938964844,51.717140197753906,620.9400024414062
2020-05-06,117.56300354003906,52.095916748046875,742.8800048828125
2020-05-07,118.38050079345703,52.527557373046875,772.02001953125
2020-05-08,118.98049926757812,53.77842330932617,784.52001953125
2020-05-11,120.44999694824219,53.936981201171875,781.1099853515625
2020-05-12,117.84750366210938,53.5229606628418,762.0900268554688
2020-05-13,118.39600372314453,53.734378814697266,768.5399780273438
2020-05-14,119.44249725341797,53.58462905883789,777.27001953125
2020-05-15,120.48899841308594,53.126564025878906,775.0499877929688
2020-05-18,121.31300354003906,55.23189926147461,794.5599975585938
2020-05-19,122.46649932861328,55.0380973815918,805.9600219726562
2020-05-20,124.89700317382812,55.39926528930664,828.3099975585938
2020-05-21,122.33699798583984,54.04269027709961,814.7100219726562
2020-05-22,121.84400177001953,52.04306411743164,841.3099975585938
2020-05-26,121.09300231933594,53.00324249267578,834.1699829101562
2020-05-27,120.51950073242188,52.57160568237305,820.8300170898438
2020-05-28,120.05500030517578,52.18400955200195,827.1599731445312
2020-05-29,122.11849975585938,53.734378814697266,851.6699829101562
2020-06-01,123.552001953125,54.67693328857422,844.0800170898438
2020-06-02,123.62049865722656,55.87494659423828,859.77001953125
2020-06-03,123.91999816894531,56.66774368286133,853.52001953125
2020-06-04,123.02999877929688,56.033504486083984,839.989990234375
2020-06-05,124.1500015258789,56.993675231933594,866.9299926757812
2020-06-08,126.2030029296875,56.83511734008789,858.8599853515625
2020-06-09,130.04299926757812,56.764652252197266,866.4299926757812
2020-06-10,132.37249755859375,57.50459671020508,886.780029296875
2020-06-11,127.89800262451172,55.32878875732422,855.0
2020-06-12,127.2509994506836,56.17444610595703,896.4299926757812
2020-06-15,128.63400268554688,56.10106658935547,924.0
2020-06-16,130.7635040283203,56.80839920043945,950.260009765625
2020-06-17,132.0489959716797,57.28586196899414,935.72998046875
2020-06-18,132.69900512695312,57.613014221191406,926.02001953125
2020-06-19,133.75050354003906,57.54227828979492,952.9600219726562
2020-06-22,135.6909942626953,58.329193115234375,984.5399780273438
2020-06-23,138.2205047607422,59.16916275024414,977.489990234375
2020-06-24,136.72000122070312,58.620975494384766,953.77001953125
2020-06-25,137.72900390625,58.40876388549805,971.4400024414062
2020-06-26,134.64349365234375,57.99319076538086,973.1699829101562
2020-06-29,134.0189971923828,57.97551727294922,980.8300170898438
2020-06-30,137.9409942626953,57.86941146850586,985.77001953125
2020-07-01,143.93499755859375,58.38224411010742,977.1400146484375
2020-07-02,144.51499938964844,60.33626937866211,988.4199829101562
2020-07-06,152.8520050048828,64.7218017578125,995.9299926757812
2020-07-07,150.00599670410156,63.46625518798828,1007.239990234375
2020-07-08,154.0554962158203,66.19837188720703,1015.0
2020-07-09,159.13150024414062,66.35753631591797,1017.4500122070312
2020-07-10,160.0,65.75628662109375,1035.8299560546875
2020-07-13,155.1999969482422,65.00471496582031,981.969970703125
2020-07-14,154.1999969482422,64.4388427734375,972.6300048828125
2020-07-15,150.44349670410156,64.5361099243164,971.6300048828125
2020-07-16,149.9949951171875,62.56439971923828,956.6199951171875
2020-07-17,148.09849548339844,62.909236907958984,964.719970703125
2020-07-20,159.8419952392578,64.27086639404297,1024.81005859375
2020-07-21,156.9145050048828,64.7659912109375,1018.9000244140625
2020-07-22,154.99549865722656,63.775718688964844,1019.3900146484375
2020-07-23,149.32749938964844,63.598899841308594,982.2999877929688
2020-07-24,150.44549560546875,62.72355270385742,988.989990234375
2020-07-27,152.760498046875,62.794281005859375,1070.43994140625
2020-07-28,150.01649475097656,62.56439971923828,1039.56005859375
2020-07-29,151.67649841308594,63.7403564453125,1086.9100341796875
2020-07-30,152.593994140625,63.36014938354492,1107.5
2020-07-31,158.23399353027344,63.22753143310547,1124.6199951171875
2020-08-03,155.59449768066406,64.49189758300781,1172.6199951171875
2020-08-04,156.94149780273438,65.43798828125,1173.9300537109375
2020-08-05,160.25149536132812,65.96849822998047,1225.449951171875
2020-08-06,161.25,66.11878967285156,1219.9599609375
2020-08-07,158.3730010986328,63.96139907836914,1193.969970703125
2020-08-10,157.4080047607422,63.57235336303711,1124.31005859375
2020-08-11,154.0334930419922,63.4927864074707,1100.010009765625
2020-08-12,158.11199951171875,64.42115783691406,1111.6400146484375
2020-08-13,158.05099487304688,63.943721771240234,1157.050048828125
2020-08-14,157.4010009765625,63.90835952758789,1156.43994140625
2020-08-17,159.12049865722656,65.234619140625,1189.8699951171875
2020-08-18,165.62449645996094,65.43798828125,1208.6400146484375
2020-08-19,163.0240020751953,64.74832153320312,1212.449951171875
2020-08-20,164.86849975585938,64.94283294677734,1218.300048828125
2020-08-21,164.23599243164062,65.65017700195312,1202.280029296875
2020-08-24,165.3730010986328,66.63162231445312,1212.0899658203125
2020-08-25,167.32449340820312,67.67495727539062,1224.0
2020-08-26,172.09249877929688,67.92251586914062,1215.9300537109375
2020-08-27,170.0,67.45391082763672,1201.4000244140625
2020-08-28,170.08999633789062,68.3027114868164,1178.9000244140625
2020-08-31,172.54800415039062,66.8880386352539,1168.5899658203125
2020-09-01,174.95599365234375,68.38228607177734,1209.260009765625
2020-09-02,176.57249450683594,68.24966430664062,1195.9599609375
2020-09-03,168.39999389648438,66.33983612060547,1087.1199951171875
2020-09-04,164.7310028076172,66.14532470703125,1083.3800048828125
2020-09-08,157.49200439453125,64.22665405273438,1022.530029296875
2020-09-09,163.4304962158203,64.8279037475586,1057.3399658203125
2020-09-10,158.7554931640625,63.581214904785156,1040.989990234375
2020-09-11,155.81100463867188,64.30622863769531,1032.97998046875
2020-09-14,155.14849853515625,65.2522964477539,1036.77001953125
2020-09-15,157.80650329589844,66.15416717529297,1029.989990234375
2020-09-16,153.90499877929688,65.92427825927734,1003.0
2020-09-17,150.43649291992188,65.49986267089844,980.1500244140625
2020-09-18,147.74549865722656,65.42029571533203,998.0599975585938
2020-09-21,148.02349853515625,65.1727294921875,1011.989990234375
2020-09-22,156.44949340820312,64.75716400146484,1060.969970703125
2020-09-23,149.9929962158203,64.07633972167969,1020.9600219726562
2020-09-24,150.989501953125,63.56352996826172,1034.6300048828125
2020-09-25,154.75650024414062,63.307098388671875,1062.0
2020-09-28,158.70249938964844,64.09402465820312,1093.4300537109375
2020-09-29,157.24400329589844,64.01445007324219,1082.8699951171875
2020-09-30,157.43649291992188,65.57943725585938,1082.47998046875
2020-10-01,161.06300354003906,66.18069458007812,1115.3399658203125
2020-10-02,156.25,65.42029571533203,1079.3299560546875
2020-10-05,159.9600067138672,65.77396392822266,1090.5799560546875
2020-10-06,154.9980010986328,66.34868621826172,1091.3900146484375
2020-10-07,159.7845001220703,67.09138488769531,1145.0
2020-10-08,159.52749633789062,67.51580047607422,1160.3699951171875
2020-10-09,164.33250427246094,67.87831115722656,1199.8399658203125
2020-10-12,172.14649963378906,69.23993682861328,1215.75
2020-10-13,172.18150329589844,69.2841567993164,1269.1700439453125
2020-10-14,168.1855010986328,68.6121826171875,1238.699951171875
2020-10-15,166.9324951171875,68.02861785888672,1257.8900146484375
2020-10-16,163.635498046875,68.7978515625,1271.3800048828125
2020-10-19,160.36050415039062,68.38228607177734,1284.050048828125
2020-10-20,160.85049438476562,69.2045669555664,1333.6600341796875
2020-10-21,159.2469940185547,69.37257385253906,1299.1300048828125
2020-10-22,158.82000732421875,69.16036224365234,1294.3199462890625
2020-10-23,160.22000122070312,69.43445587158203,1312.1600341796875
2020-10-26,160.3520050048828,68.8243637084961,1281.43994140625
2020-10-27,164.31649780273438,69.9472885131836,1282.469970703125
2020-10-28,158.13900756835938,68.5679702758789,1273.5899658203125
2020-10-29,160.55050659179688,69.92959594726562,1300.97998046875
2020-10-30,151.8074951171875,68.71827697753906,1214.050048828125
2020-11-02,150.2239990234375,69.85002899169922,1215.8599853515625
2020-11-03,152.42050170898438,68.9658432006836,1233.969970703125
2020-11-04,162.05799865722656,72.00741577148438,1315.68994140625
2020-11-05,166.10000610351562,72.82086181640625,1437.800048828125
2020-11-06,165.56849670410156,73.2187271118164,1485.8599853515625
2020-11-09,157.18699645996094,72.5467758178711,1330.719970703125
2020-11-10,151.75100708007812,70.150634765625,1226.030029296875
2020-11-11,156.8695068359375,70.45125579833984,1304.489990234375
2020-11-12,155.51400756835938,70.50431060791016,1296.0
2020-11-13,156.4405059814453,71.14091491699219,1301.6600341796875
2020-11-16,156.55299377441406,71.31775665283203,1286.31005859375
2020-11-17,156.7830047607422,71.01713562011719,1300.81005859375
2020-11-18,155.2729949951172,70.61925506591797,1318.0899658203125
2020-11-19,155.8509979248047,70.98177337646484,1370.300048828125
2020-11-20,154.97000122070312,72.06047058105469,1416.989990234375
2020-11-23,154.91949462890625,71.73331451416016,1451.77001953125
2020-11-24,155.9029998779297,72.5467758178711,1439.280029296875
2020-11-25,159.2534942626953,71.83056640625,1480.3599853515625
2020-11-27,159.76699829101562,72.88275146484375,1513.4300537109375
2020-11-30,158.40199279785156,70.56620025634766,1553.3299560546875
2020-12-01,161.00399780273438,71.12323760986328,1521.6600341796875
2020-12-02,160.17649841308594,70.69882202148438,1522.8599853515625
2020-12-03,159.3365020751953,71.3531265258789,1560.3399658203125
2020-12-04,158.12899780273438,71.38849639892578,1557.3800048828125
2020-12-07,157.89999389648438,71.0259780883789,1575.5999755859375
2020-12-08,158.864501953125,71.24702453613281,1615.8800048828125
2020-12-09,155.2100067138672,70.06224060058594,1536.5400390625
2020-12-10,155.07449340820312,71.04367065429688,1589.52001953125
2020-12-11,155.8209991455078,70.38052368164062,1606.6300048828125
2020-12-14,157.84849548339844,69.96533966064453,1618.06005859375
2020-12-15,158.25599670410156,70.26827239990234,1668.989990234375
2020-12-16,162.04800415039062,70.8384780883789,1669.5400390625
2020-12-17,161.8040008544922,71.62249755859375,1679.989990234375
2020-12-18,160.08250427246094,71.57794189453125,1723.6800537109375
2020-12-21,160.3090057373047,71.23938751220703,1697.8900146484375
2020-12-22,160.3260040283203,70.68699645996094,1732.3900146484375
2020-12-23,159.2635040283203,71.09683990478516,1670.010009765625
2020-12-24,158.63450622558594,69.15459442138672,1690.47998046875
2020-12-28,164.197998046875,68.95857238769531,1663.719970703125
2020-12-29,166.10000610351562,70.52664947509766,1673.489990234375
2020-12-30,164.29249572753906,72.0947036743164,1712.93994140625
2020-12-31,162.84649658203125,72.13923645019531,1675.219970703125
2021-01-04,159.3314971923828,72.3797836303711,1640.0
2021-01-05,160.92550659179688,74.70513916015625,1650.0
2021-01-06,156.91900634765625,73.163818359375,1571.97998046875
2021-01-07,158.10800170898438,73.72511291503906,1597.969970703125
2021-01-08,159.13499450683594,76.1306381225586,1719.0
2021-01-11,155.7104949951172,74.50911712646484,1761.550048828125
2021-01-12,156.04150390625,75.37332916259766,1810.0899658203125
2021-01-13,158.29449462890625,76.00589752197266,1798.18994140625
2021-01-14,156.37350463867188,76.46919250488281,1852.530029296875
2021-01-15,155.21249389648438,76.308837890625,1851.780029296875
2021-01-19,156.03799438476562,79.04401397705078,1913.2099609375
2021-01-20,163.16900634765625,81.43172454833984,1984.3399658203125
2021-01-21,165.34950256347656,81.16443634033203,1940.18994140625
2021-01-22,164.6114959716797,81.1288070678711,1965.050048828125
2021-01-25,164.6999969482422,82.77703094482422,1880.0
2021-01-26,166.30650329589844,82.01082611083984,1807.739990234375
2021-01-27,161.62899780273438,79.40038299560547,1718.699951171875
2021-01-28,161.88099670410156,79.38256072998047,1844.72998046875
2021-01-29,160.30999755859375,77.97488403320312,1779.510009765625
2021-02-01,167.1439971923828,80.26460266113281,1896.7900390625
2021-02-02,169.0,81.06643676757812,1909.989990234375
2021-02-03,165.62649536132812,81.78809356689453,1870.52001953125
2021-02-04,166.5500030517578,81.81482696533203,1893.3499755859375
2021-02-05,167.6074981689453,82.32266998291016,1918.1300048828125
2021-02-08,166.14700317382812,82.4295654296875,1900.8900146484375
2021-02-09,165.25,83.99761962890625,1878.0
2021-02-10,164.32899475097656,84.68364715576172,1905.27001953125
2021-02-11,163.10650634765625,85.98440551757812,1942.25
2021-02-12,163.885498046875,85.86857604980469,1943.0
2021-02-16,163.44749450683594,86.0289535522461,1939.8699951171875
2021-02-17,165.4320068359375,86.59024810791016,1890.25
2021-02-18,166.4114990234375,84.55001068115234,1891.0899658203125
2021-02-19,162.4949951171875,85.21821594238281,1910.3900146484375
2021-02-22,159.03700256347656,81.7257308959961,1788.8199462890625
2021-02-23,159.72500610351562,81.90391540527344,1775.7900390625
2021-02-24,157.97650146484375,80.26460266113281,1714.0
2021-02-25,152.85800170898438,78.49162292480469,1613.06005859375
2021-02-26,154.64649963378906,77.60958862304688,1638.1099853515625
2021-03-01,157.3070068359375,80.01512908935547,1713.280029296875
2021-03-02,154.72650146484375,78.33126831054688,1642.4100341796875
2021-03-03,150.25,77.95706176757812,1528.0
2021-03-04,148.8784942626953,75.5515365600586,1458.6400146484375
2021-03-05,150.0229949951172,75.89898681640625,1470.239990234375
2021-03-08,147.59750366210938,72.4154281616211,1369.5400390625
2021-03-09,153.1425018310547,75.37332916259766,1452.010009765625
2021-03-10,152.8820037841797,74.05476379394531,1435.5699462890625
2021-03-11,155.67950439453125,77.45814514160156,1570.780029296875
2021-03-12,154.47450256347656,75.32878875732422,1550.1500244140625
2021-03-15,154.08399963378906,75.1595230102539,1581.3199462890625
2021-03-16,154.59300231933594,75.61388397216797,1550.489990234375
2021-03-17,156.7864990234375,75.81880950927734,1537.6199951171875
2021-03-18,151.39950561523438,75.09715270996094,1436.1700439453125
2021-03-19,153.7480010986328,75.64061737060547,1448.8900146484375
2021-03-22,155.5435028076172,75.37332916259766,1476.1099853515625
2021-03-23,156.875,73.8765640258789,1446.6500244140625
2021-03-24,154.35350036621094,70.68699645996094,1387.8499755859375
2021-03-25,152.31300354003906,70.6781005859375,1402.5
2021-03-26,152.60150146484375,72.47779083251953,1431.969970703125
2021-03-29,153.7864990234375,71.96105194091797,1403.4200439453125
2021-03-30,152.76449584960938,72.64707946777344,1428.030029296875
2021-03-31,154.70399475097656,72.78961944580078,1472.1400146484375
2021-04-01,158.0500030517578,73.8765640258789,1510.5
2021-04-05,161.3365020751953,74.03692626953125,1503.449951171875
2021-04-06,161.1909942626953,74.79423522949219,1547.7900390625
2021-04-07,163.96949768066406,72.64707946777344,1542.0
2021-04-08,164.96499633789062,73.60037231445312,1588.0
2021-04-09,168.61000061035156,72.5045166015625,1584.72998046875
2021-04-12,168.96949768066406,72.61141967773438,1593.6500244140625
2021-04-13,170.0,72.7540054321289,1598.199951171875
2021-04-14,166.64999389648438,72.6292495727539,1546.56005859375
2021-04-15,168.95449829101562,72.87871551513672,1599.47998046875
2021-04-16,169.9720001220703,73.22618865966797,1591.8800048828125
2021-04-19,168.60049438476562,73.19947052001953,1570.989990234375
2021-04-20,166.7344970703125,72.59362030029297,1533.4100341796875
2021-04-21,168.1009979248047,73.1727294921875,1576.989990234375
2021-04-22,165.45199584960938,73.52018737792969,1563.4599609375
2021-04-23,167.04400634765625,74.65168762207031,1600.9100341796875
2021-04-26,170.4499969482422,73.83202362060547,1623.010009765625
2021-04-27,170.8715057373047,74.16165161132812,1604.93994140625
2021-04-28,172.9250030517578,74.60712432861328,1622.0
2021-04-29,173.5655059814453,74.21511840820312,1588.22998046875
2021-04-30,173.37100219726562,73.03907775878906,1570.97998046875
2021-05-03,169.32449340820312,72.85197448730469,1571.530029296875
2021-05-04,165.593505859375,71.97887420654297,1526.9100341796875
2021-05-05,163.52699279785156,71.95213317871094,1530.5400390625
2021-05-06,165.31849670410156,72.0323257446289,1446.3399658203125
2021-05-07,164.58050537109375,71.96105194091797,1481.260009765625
2021-05-10,159.52450561523438,69.80498504638672,1384.4599609375
2021-05-11,161.19549560546875,70.33953857421875,1381.4200439453125
2021-05-12,157.5970001220703,69.49314880371094,1302.489990234375
2021-05-13,158.07350158691406,68.3260269165039,1296.6500244140625
2021-05-14,161.14500427246094,69.70696258544922,1323.0999755859375
2021-05-17,163.51950073242188,70.47318267822266,1336.780029296875
2021-05-18,161.61399841308594,71.1859359741211,1346.06005859375
2021-05-19,161.58999633789062,71.2304916381836,1322.31005859375
2021-05-20,162.38400268554688,71.7828598022461,1374.989990234375
2021-05-21,160.1540069580078,70.72264099121094,1367.1199951171875
2021-05-24,162.24949645996094,70.91864776611328,1367.3299560546875
2021-05-25,162.95249938964844,72.4243392944336,1365.4200439453125
2021-05-26,163.25799560546875,72.89653778076172,1385.469970703125
2021-05-27,161.5054931640625,73.20835876464844,1355.0
2021-05-28,161.15350341796875,72.91435241699219,1358.6700439453125
2021-06-01,160.9324951171875,74.91006469726562,1368.8699951171875
2021-06-02,161.69949340820312,74.53587341308594,1362.449951171875
2021-06-03,159.35049438476562,73.06581115722656,1324.1500244140625
2021-06-04,160.31100463867188,73.68055725097656,1325.4200439453125
2021-06-07,159.90049743652344,73.02127075195312,1325.18994140625
2021-06-08,163.20550537109375,72.59362030029297,1311.530029296875
2021-06-09,164.0574951171875,72.48670959472656,1316.6600341796875
2021-06-10,167.4824981689453,73.00190734863281,1373.3499755859375
2021-06-11,167.3415069580078,72.75188446044922,1392.75
2021-06-14,169.19349670410156,72.90367889404297,1432.6300048828125
2021-06-15,169.156494140625,71.81436157226562,1404.780029296875
2021-06-16,170.7624969482422,70.6982650756836,1427.22998046875
2021-06-17,174.46200561523438,71.81436157226562,1462.5799560546875
2021-06-18,174.34500122070312,71.71614074707031,1468.06005859375
2021-06-21,172.697998046875,71.67150115966797,1476.3399658203125
2021-06-22,175.27200317382812,71.15363311767578,1505.0
2021-06-23,175.1909942626953,72.07330322265625,1532.760009765625
2021-06-24,172.45399475097656,72.89472961425781,1542.3900146484375
2021-06-25,170.072998046875,74.12692260742188,1541.719970703125
2021-06-28,172.1945037841797,74.56443786621094,1570.719970703125
2021-06-29,172.40699768066406,74.39478302001953,1583.0
2021-06-30,172.00799560546875,73.60904693603516,1557.7900390625
2021-07-01,171.64849853515625,73.01081085205078,1544.989990234375
2021-07-02,175.5489959716797,71.93936920166016,1551.9599609375
2021-07-06,183.78700256347656,69.93931579589844,1553.9599609375
2021-07-07,184.82899475097656,69.65360260009766,1540.9000244140625
2021-07-08,186.57049560546875,67.63568878173828,1526.9300537109375
2021-07-09,185.9669952392578,69.4035873413086,1554.969970703125
2021-07-12,185.92750549316406,69.17144775390625,1526.0
2021-07-13,183.8679962158203,69.93931579589844,1548.2099609375
2021-07-14,184.08399963378906,69.85003662109375,1507.010009765625
2021-07-15,181.55999755859375,70.4928970336914,1508.47998046875
2021-07-16,178.68150329589844,69.65360260009766,1512.510009765625
2021-07-19,177.47950744628906,68.7249984741211,1497.27001953125
2021-07-20,178.6595001220703,68.60892486572266,1542.1500244140625
2021-07-21,179.25999450683594,69.23394012451172,1550.1700439453125
2021-07-22,181.90150451660156,69.2249984741211,1591.219970703125
2021-07-23,182.83200073242188,66.82315826416016,1613.81005859375
2021-07-26,184.99099731445312,63.064125061035156,1585.7099609375
2021-07-27,181.3195037841797,60.528358459472656,1580.0
2021-07-28,181.51600646972656,64.26952362060547,1637.030029296875
2021-07-29,179.99600219726562,64.03738403320312,1641.52001953125
2021-07-30,166.37950134277344,63.635562896728516,1568.699951171875
2021-08-02,166.57400512695312,64.48381805419922,1578.6500244140625
2021-08-03,168.31199645996094,63.72486114501953,1575.699951171875
2021-08-04,167.73599243164062,64.64453887939453,1570.0
2021-08-05,168.79949951171875,63.89451217651367,1786.1099853515625
2021-08-06,167.2469940185547,63.108787536621094,1756.27001953125
2021-08-09,167.093505859375,64.23382568359375,1755.739990234375
2021-08-10,166.03399658203125,64.80525207519531,1878.530029296875
2021-08-11,164.60549926757812,64.95704650878906,1887.5699462890625
2021-08-12,165.1750030517578,63.912376403808594,1842.6700439453125
2021-08-13,164.69850158691406,63.57308578491211,1851.5999755859375
2021-08-16,164.94949340820312,62.3587532043457,1795.0
2021-08-17,162.09800720214844,60.572994232177734,1767.989990234375
2021-08-18,160.06100463867188,60.98373031616211,1784.1300048828125
2021-08-19,159.3874969482422,59.421180725097656,1759.9599609375
2021-08-20,159.99749755859375,59.046173095703125,1786.5400390625
2021-08-23,163.2935028076172,60.33192443847656,1810.0
2021-08-24,165.28900146484375,62.96592330932617,1855.2900390625
2021-08-25,164.95899963378906,62.4926872253418,1871.93994140625
2021-08-26,165.8000030517578,61.52839660644531,1835.6800537109375
2021-08-27,167.48150634765625,61.590877532958984,1865.0
2021-08-30,171.07850646972656,61.823028564453125,1878.9000244140625
2021-08-31,173.5395050048828,63.20700454711914,1867.449951171875
2021-09-01,173.9499969482422,64.82310485839844,1896.510009765625
2021-09-02,173.156005859375,64.36775207519531,1931.3299560546875
2021-09-03,173.90249633789062,64.3230972290039,1946.010009765625
2021-09-07,175.46449279785156,66.01957702636719,1953.8299560546875
2021-09-08,176.27499389648438,65.00170135498047,1906.1400146484375
2021-09-09,174.20799255371094,64.42131805419922,1883.4100341796875
2021-09-10,173.45750427246094,64.18916320800781,1847.4100341796875
2021-09-13,172.85850524902344,63.93916702270508,1852.6099853515625
2021-09-14,172.5,62.59984588623047,1856.3399658203125
2021-09-15,173.7895050048828,61.92124938964844,1889.260009765625
2021-09-16,174.41200256347656,60.85873031616211,1881.3499755859375
2021-09-17,173.12600708007812,61.52839660644531,1878.22998046875
2021-09-20,167.7864990234375,59.072967529296875,1820.699951171875
2021-09-21,167.18150329589844,59.68011474609375,1838.5899658203125
2021-09-22,169.00250244140625,60.85873031616211,1879.489990234375
2021-09-23,170.8000030517578,60.71586227416992,1886.489990234375
2021-09-24,171.2760009765625,59.474761962890625,1869.6199951171875
2021-09-27,170.2899932861328,60.314064025878906,1768.1500244140625
2021-09-28,165.79800415039062,60.153350830078125,1682.010009765625
2021-09-29,165.05599975585938,59.474761962890625,1662.989990234375
2021-09-30,164.2519989013672,60.29621124267578,1679.4000244140625
2021-10-01,164.16299438476562,59.7069091796875,1667.5999755859375
2021-10-04,159.48899841308594,58.43901443481445,1592.75
2021-10-05,161.0500030517578,59.072967529296875,1585.43994140625
2021-10-06,163.10049438476562,58.88545608520508,1548.5699462890625
2021-10-07,165.1215057373047,61.28730392456055,1554.0400390625
2021-10-08,164.43099975585938,61.76053237915039,1511.18994140625
2021-10-11,162.31500244140625,61.63552474975586,1459.3199462890625
2021-10-12,162.3665008544922,61.25160217285156,1461.25
2021-10-13,164.21400451660156,62.68912887573242,1518.4300537109375
2021-10-14,164.9929962158203,62.21590042114258,1524.25
2021-10-15,170.4510040283203,62.88555145263672,1563.0899658203125
2021-10-18,172.33700561523438,63.16234588623047,1592.6199951171875
2021-10-19,172.20750427246094,64.77845764160156,1591.260009765625
2021-10-20,170.7530059814453,64.83203887939453,1604.010009765625
2021-10-21,171.75050354003906,64.70704650878906,1583.93994140625
2021-10-22,166.77749633789062,64.71595764160156,1503.780029296875
2021-10-25,166.01849365234375,64.93025207519531,1536.510009765625
2021-10-26,168.80349731445312,63.50166320800781,1544.6600341796875
2021-10-27,169.62449645996094,62.81413269042969,1500.0
2021-10-28,172.32850646972656,62.8587760925293,1516.8699951171875
2021-10-29,168.6215057373047,61.823028564453125,1481.02001953125
2021-11-01,165.90550231933594,62.787349700927734,1489.6600341796875
2021-11-02,165.6374969482422,61.01051330566406,1508.7099609375
2021-11-03,169.1999969482422,61.608741760253906,1531.9300537109375
2021-11-04,173.85000610351562,61.403385162353516,1556.489990234375
2021-11-05,175.94949340820312,60.403350830078125,1629.760009765625
2021-11-08,174.44900512695312,61.00157928466797,1650.0
2021-11-09,178.81149291992188,60.501583099365234,1709.97998046875
2021-11-10,174.1024932861328,61.09086608886719,1592.219970703125
2021-11-11,173.625,63.082008361816406,1577.0799560546875
2021-11-12,176.25750732421875,63.09091567993164,1597.1500244140625
2021-11-15,177.28399658203125,62.62663269042969,1633.2099609375
2021-11-16,177.03500366210938,63.38558578491211,1541.550048828125
2021-11-17,177.4499969482422,62.742698669433594,1487.3299560546875
2021-11-18,184.80299377441406,61.00157928466797,1446.0999755859375
2021-11-19,183.82850646972656,61.32302474975586,1401.27001953125
2021-11-22,178.6284942626953,60.67121505737305,1314.8299560546875
2021-11-23,179.0019989013672,60.260494232177734,1285.0
2021-11-24,179.02049255371094,60.483707427978516,1273.0
2021-11-26,175.22799682617188,58.9122428894043,1258.7099609375
2021-11-29,178.07850646972656,58.54615783691406,1234.0999755859375
2021-11-30,175.35350036621094,58.2247314453125,1188.4100341796875
2021-12-01,172.18600463867188,57.81399917602539,1104.199951171875
2021-12-02,171.8679962158203,57.9925651550293,1129.219970703125
2021-12-03,169.489501953125,56.331817626953125,1052.949951171875
2021-12-06,171.36849975585938,57.251487731933594,1112.1400146484375
2021-12-07,176.1645050048828,58.34080123901367,1178.260009765625
2021-12-08,176.1580047607422,58.87653350830078,1210.4000244140625
2021-12-09,174.17100524902344,58.84081268310547,1131.8399658203125
2021-12-10,172.21200561523438,58.84081268310547,1144.5
2021-12-13,169.5675048828125,57.87576675415039,1180.0
2021-12-14,169.0915069580078,57.71387481689453,1190.4000244140625
2021-12-15,173.31500244140625,56.35580062866211,1210.1199951171875
2021-12-16,168.87100219726562,56.50869369506836,1178.030029296875
2021-12-17,170.0175018310547,55.84314727783203,1187.550048828125
2021-12-20,167.07899475097656,54.59299850463867,1187.3599853515625
2021-12-21,170.41700744628906,56.24787139892578,1224.510009765625
2021-12-22,171.03700256347656,56.05000686645508,1227.93994140625
2021-12-23,171.06849670410156,56.418758392333984,1262.72998046875
2021-12-27,169.66949462890625,56.22988510131836,1299.1099853515625
2021-12-28,170.66099548339844,55.654273986816406,1316.280029296875
2021-12-29,169.2010040283203,54.826839447021484,1323.56005859375
2021-12-30,168.64450073242188,56.7964973449707,1356.4599609375
2021-12-31,166.7169952392578,56.454734802246094,1348.4000244140625
2022-01-03,170.4044952392578,56.44573974609375,1332.93994140625
2022-01-04,167.52200317382812,55.39344787597656,1241.3800048828125
2022-01-05,164.35699462890625,54.14330291748047,1129.68994140625
2022-01-06,163.25399780273438,54.880802154541016,1156.780029296875
2022-01-07,162.5540008544922,55.75320816040039,1085.3599853515625
2022-01-10,161.48599243164062,55.879119873046875,1053.31005859375
2022-01-11,165.36199951171875,57.381103515625,1166.0699462890625
2022-01-12,165.20700073242188,58.62226486206055,1210.9100341796875
2022-01-13,161.21400451660156,56.841468811035156,1131.010009765625
2022-01-14,162.13800048828125,57.27317428588867,1122.739990234375
2022-01-18,158.91749572753906,56.55366516113281,1100.75
2022-01-19,156.2989959716797,56.83247375488281,1060.93994140625
2022-01-20,151.66749572753906,58.30747604370117,1091.31005859375
2022-01-21,142.64300537109375,57.129276275634766,1052.56005859375
2022-01-24,144.54400634765625,56.31083297729492,1026.6300048828125
2022-01-25,139.98599243164062,56.067996978759766,1001.6500244140625
2022-01-26,138.87249755859375,55.024696350097656,975.6400146484375
2022-01-27,139.6374969482422,53.918453216552734,992.5
2022-01-28,143.97799682617188,53.79254150390625,1048.6300048828125
2022-01-31,149.57350158691406,56.30183410644531,1132.06005859375
2022-02-01,151.19349670410156,56.65260314941406,1138.1099853515625
2022-02-02,150.6125030517578,56.166927337646484,1082.5999755859375
2022-02-03,138.8455047607422,55.789180755615234,999.739990234375
2022-02-04,157.63949584960938,56.12196350097656,1035.3299560546875
2022-02-07,157.9355010986328,55.735225677490234,1035.1400146484375
2022-02-08,161.4134979248047,56.35580062866211,1050.8699951171875
2022-02-09,161.1894989013672,57.59695816040039,1133.199951171875
2022-02-10,159.0034942626953,57.111289978027344,1122.4200439453125
2022-02-11,153.2935028076172,55.9600715637207,1091.0899658203125
2022-02-14,155.16700744628906,55.52836608886719,1119.010009765625
2022-02-15,156.510498046875,56.80549621582031,1170.300048828125
2022-02-16,158.10049438476562,56.88643264770508,1133.8399658203125
2022-02-17,154.65249633789062,56.44573974609375,1021.0700073242188
2022-02-18,152.60150146484375,55.37546157836914,937.260009765625
2022-02-22,150.19749450683594,53.8914680480957,887.8599853515625
2022-02-23,144.82699584960938,53.3068733215332,920.5700073242188
2022-02-24,151.35800170898438,53.028053283691406,1033.5899658203125
2022-02-25,153.7884979248047,53.3068733215332,1111.3900146484375
2022-02-28,153.56300354003906,52.7132682800293,1126.6500244140625
2022-03-01,151.14199829101562,52.69527816772461,1124.52001953125
2022-03-02,152.05250549316406,52.30854034423828,1140.9000244140625
2022-03-03,147.89849853515625,50.93247604370117,1096.760009765625
2022-03-04,145.64100646972656,49.88918685913086,1055.780029296875
2022-03-07,137.4530029296875,47.99147033691406,957.8699951171875
2022-03-08,136.01449584960938,47.40686798095703,914.780029296875
2022-03-09,139.2790069580078,48.3332405090332,984.760009765625
2022-03-10,146.8175048828125,46.21067810058594,931.2899780273438
2022-03-11,145.52450561523438,44.16006088256836,891.6900024414062
2022-03-14,141.85299682617188,40.9852180480957,882.469970703125
2022-03-15,147.3665008544922,40.67942810058594,952.3400268554688
2022-03-16,153.10400390625,49.1966552734375,1075.969970703125
2022-03-17,157.23899841308594,47.343910217285156,1149.0899658203125
2022-03-18,161.25050354003906,49.52043533325195,1185.530029296875
2022-03-21,161.4915008544922,47.667686462402344,1153.8399658203125
2022-03-22,164.88900756835938,49.50244140625,1215.0699462890625
2022-03-23,163.4080047607422,49.18766403198242,1212.449951171875
2022-03-24,163.64950561523438,48.72896194458008,1236.43994140625
2022-03-25,164.77349853515625,47.74863052368164,1166.3299560546875
2022-03-28,168.99049377441406,48.306251525878906,1225.1600341796875
2022-03-29,169.31500244140625,49.2236328125,1256.5
2022-03-30,166.30099487304688,49.32256317138672,1209.8499755859375
2022-03-31,162.99749755859375,47.56875228881836,1189.47998046875
2022-04-01,163.55999755859375,49.24162292480469,1224.1300048828125
2022-04-04,168.34649658203125,50.80656433105469,1265.010009765625
2022-04-05,164.05499267578125,49.39451217651367,1218.1500244140625
2022-04-06,158.75599670410156,48.58506393432617,1163.969970703125
2022-04-07,157.7845001220703,47.73064422607422,1173.1400146484375
2022-04-08,154.4604949951172,47.856563568115234,1160.800048828125
2022-04-11,151.1219940185547,46.714332580566406,1125.68994140625
2022-04-12,150.78750610351562,46.66037368774414,1115.97998046875
2022-04-13,155.54100036621094,47.43384552001953,1135.75
2022-04-14,151.7064971923828,46.957176208496094,1060.3399658203125
2022-04-18,152.78500366210938,46.597415924072266,1070.0400390625
2022-04-19,158.11549377441406,46.282623291015625,1130.3499755859375
2022-04-20,153.9980010986328,44.879581451416016,1080.1600341796875
2022-04-21,148.29600524902344,43.341617584228516,1014.010009765625
2022-04-22,144.35000610351562,43.61144256591797,979.8200073242188
2022-04-25,146.07400512695312,42.77500534057617,1041.9200439453125
2022-04-26,139.39100646972656,41.82164764404297,1019.8400268554688
2022-04-27,138.16700744628906,43.314640045166016,1024.739990234375
2022-04-28,144.59649658203125,43.75534439086914,1040.0
2022-04-29,124.28150177001953,45.38323211669922,973.6300048828125
2022-05-02,124.5,45.626068115234375,1002.7899780273438
2022-05-03,124.25350189208984,46.174705505371094,996.6400146484375
2022-05-04,125.92849731445312,46.381561279296875,1023.2100219726562
2022-05-05,116.40699768066406,44.043148040771484,913.219970703125
2022-05-06,114.77249908447266,42.73902893066406,927.5499877929688
2022-05-09,108.78900146484375,41.17409133911133,770.989990234375
2022-05-10,108.85900115966797,41.77667999267578,774.4400024414062
2022-05-11,105.37200164794922,41.73171615600586,679.6799926757812
2022-05-12,106.93049621582031,41.77667999267578,722.9299926757812
2022-05-13,113.05500030517578,43.45854187011719,794.9600219726562
2022-05-16,110.81050109863281,43.37759780883789,787.8099975585938
2022-05-17,115.36849975585938,44.74467086791992,834.8800048828125
2022-05-18,107.11250305175781,43.51250457763672,749.2999877929688
2022-05-19,107.31900024414062,44.58277130126953,801.5700073242188
2022-05-20,107.59100341796875,44.73567581176758,775.6500244140625
2022-05-23,107.55699920654297,44.753665924072266,774.2999877929688
2022-05-24,104.0999984741211,43.03582763671875,699.8599853515625
2022-05-25,106.7750015258789,43.4405517578125,723.0
2022-05-26,111.07749938964844,44.94253921508789,783.4400024414062
2022-05-27,115.14649963378906,45.15838623046875,811.4400024414062
2022-05-31,120.20950317382812,46.57942199707031,785.8800048828125
2022-06-01,121.68399810791016,46.129730224609375,762.239990234375
2022-06-02,125.51100158691406,47.41585922241211,836.739990234375
2022-06-03,122.3499984741211,46.687355041503906,788.9000244140625
2022-06-06,124.79000091552734,47.79360580444336,803.989990234375
2022-06-07,123.0,48.65701675415039,824.6799926757812
2022-06-08,121.18000030517578,50.2039680480957,824.6199951171875
2022-06-09,116.1500015258789,48.225040435791016,748.4099731445312
2022-06-10,109.6500015258789,48.34261703491211,691.6900024414062
2022-06-13,103.66999816894531,46.26239013671875,626.9400024414062
2022-06-14,102.30999755859375,47.72760009765625,616.4000244140625
2022-06-15,107.66999816894531,48.65917205810547,672.6900024414062
2022-06-16,103.66000366210938,46.922637939453125,612.7000122070312
2022-06-17,106.22000122070312,47.736629486083984,635.219970703125
2022-06-21,108.68000030517578,49.020957946777344,656.7000122070312
2022-06-22,108.94999694824219,48.2612190246582,677.4000244140625
2022-06-23,112.44000244140625,49.120445251464844,698.6400146484375
2022-06-24,116.45999908447266,50.47711181640625,739.4600219726562
2022-06-27,113.22000122070312,50.61277389526367,717.3099975585938
2022-06-28,107.4000015258789,50.621822357177734,665.0
2022-06-29,108.91999816894531,50.34143829345703,660.1300048828125
2022-06-30,106.20999908447266,50.47711181640625,636.8699951171875
2022-07-01,109.55999755859375,50.495201110839844,659.9500122070312
2022-07-05,113.5,50.305267333984375,713.5700073242188
2022-07-06,114.33000183105469,49.55457305908203,704.5499877929688
2022-07-07,116.33000183105469,50.667049407958984,721.6199951171875
2022-07-08,115.54000091552734,50.214820861816406,708.6300048828125
2022-07-11,111.75,47.98084259033203,659.9199829101562
2022-07-12,109.22000122070312,47.736629486083984,653.6300048828125
2022-07-13,110.4000015258789,47.51957702636719,655.75
2022-07-14,110.62999725341797,46.94072723388672,655.6900024414062
2022-07-15,113.55000305175781,46.4071044921875,689.989990234375
2022-07-18,113.76000213623047,47.166839599609375,691.8400268554688
2022-07-19,118.20999908447266,47.600975036621094,724.75
2022-07-20,122.7699966430664,47.221107482910156,779.6799926757812
2022-07-21,124.62999725341797,47.54670333862305,789.2000122070312
2022-07-22,122.41999816894531,46.452327728271484,763.9199829101562
2022-07-25,121.13999938964844,46.66939163208008,762.780029296875
2022-07-26,114.80999755859375,46.470420837402344,727.7899780273438
2022-07-27,120.97000122070312,46.93168258666992,791.6699829101562
2022-07-28,122.27999877929688,46.4071044921875,803.75
2022-07-29,134.9499969482422,44.94190216064453,813.7100219726562
2022-08-01,135.38999938964844,44.417327880859375,813.969970703125
2022-08-02,134.16000366210938,44.16408157348633,837.5900268554688
2022-08-03,139.52000427246094,44.543949127197266,890.8699951171875
2022-08-04,142.57000732421875,45.22227096557617,1034.8299560546875
2022-08-05,140.8000030517578,44.869544982910156,1024.81005859375
2022-08-08,139.41000366210938,44.53490447998047,1024.25
2022-08-09,137.8300018310547,44.272613525390625,995.5
2022-08-10,142.69000244140625,44.272613525390625,1064.22998046875
2022-08-11,140.63999938964844,45.07756805419922,1032.469970703125
2022-08-12,143.5500030517578,45.204193115234375,1081.0799560546875
2022-08-15,143.17999267578125,44.99617385864258,1082.6600341796875
2022-08-16,144.77999877929688,44.72483444213867,1053.75
2022-08-17,142.10000610351562,44.589168548583984,997.9000244140625
2022-08-18,142.3000030517578,44.155033111572266,977.52001953125
2022-08-19,138.22999572753906,43.83848571777344,909.760009765625
2022-08-22,133.22000122070312,44.01032257080078,878.0900268554688
2022-08-23,133.6199951171875,44.09172439575195,887.0399780273438
2022-08-24,133.8000030517578,44.09172439575195,898.0
2022-08-25,137.27999877929688,45.93679428100586,919.1799926757812
2022-08-26,130.75,45.56597137451172,877.7999877929688
2022-08-29,129.7899932861328,45.17706298828125,875.1699829101562
2022-08-30,128.72999572753906,44.127899169921875,862.0999755859375
2022-08-31,126.7699966430664,44.94190216064453,855.3599853515625
2022-09-01,127.81999969482422,44.516815185546875,858.7899780273438
2022-09-02,127.51000213623047,43.70280838012695,855.9099731445312
2022-09-06,126.11000061035156,42.8616828918457,857.9299926757812
2022-09-07,129.47999572753906,43.458614349365234,887.6900024414062
2022-09-08,129.82000732421875,42.897857666015625,922.5399780273438
2022-09-09,133.27000427246094,43.738990783691406,970.989990234375
2022-09-12,136.4499969482422,44.372100830078125,1002.010009765625
2022-09-13,126.81999969482422,42.897857666015625,943.9000244140625
2022-09-14,128.5500030517578,42.970211029052734,960.3300170898438
2022-09-15,126.27999877929688,42.61747360229492,965.780029296875
2022-09-16,123.52999877929688,41.776344299316406,919.1099853515625
2022-09-19,124.66000366210938,41.875831604003906,933.0999755859375
2022-09-20,122.19000244140625,41.62259292602539,905.6900024414062
2022-09-21,118.54000091552734,40.392539978027344,887.5
2022-09-22,117.30999755859375,40.157386779785156,850.0
2022-09-23,113.77999877929688,39.415740966796875,815.010009765625
2022-09-26,115.1500015258789,39.605674743652344,799.5800170898438
2022-09-27,114.41000366210938,39.4519157409668,804.6900024414062
2022-09-28,118.01000213623047,39.759429931640625,865.239990234375
2022-09-29,114.80000305175781,38.78262710571289,829.6799926757812
2022-09-30,113.0,38.49320602416992,827.780029296875
2022-10-03,115.87999725341797,38.71027374267578,882.2999877929688
2022-10-04,121.08999633789062,40.256874084472656,948.25
2022-10-05,120.94999694824219,40.45585632324219,933.760009765625
2022-10-06,120.30000305175781,40.03981018066406,929.1799926757812
2022-10-07,114.55999755859375,38.98160934448242,881.989990234375
2022-10-10,113.66999816894531,37.66111373901367,872.5999755859375
2022-10-11,112.20999908447266,36.75667190551758,834.6699829101562
2022-10-12,112.9000015258789,36.74763488769531,820.6500244140625
2022-10-13,112.52999877929688,36.58482360839844,822.0599975585938
2022-10-14,106.9000015258789,36.14164733886719,756.8800048828125
2022-10-17,113.79000091552734,37.19984817504883,850.6599731445312
2022-10-18,116.36000061035156,37.06418228149414,853.2899780273438
2022-10-19,115.06999969482422,35.54471206665039,815.4500122070312
2022-10-20,115.25,35.761783599853516,820.469970703125
2022-10-21,119.31999969482422,36.08738327026367,844.9000244140625
2022-10-24,119.81999969482422,32.60526657104492,827.1599731445312
2022-10-25,120.5999984741211,33.193153381347656,862.969970703125
2022-10-26,115.66000366210938,34.66740417480469,833.3599853515625
2022-10-27,110.95999908447266,33.79008865356445,836.8200073242188
2022-10-28,103.41000366210938,32.795196533203125,881.75
2022-10-31,102.44000244140625,32.180179595947266,901.6199951171875
2022-11-01,96.79000091552734,33.573020935058594,919.3400268554688
2022-11-02,92.12000274658203,33.8443489074707,851.280029296875
2022-11-03,89.30000305175781,34.30562210083008,870.8800048828125
2022-11-04,90.9800033569336,36.80189514160156,938.5700073242188
2022-11-07,90.52999877929688,36.77476119995117,940.780029296875
2022-11-08,89.9800033569336,36.72049331665039,937.0800170898438
2022-11-09,86.13999938964844,35.336692810058594,897.6199951171875
2022-11-10,96.62999725341797,37.308380126953125,935.530029296875
2022-11-11,100.79000091552734,38.773582458496094,974.8900146484375
2022-11-14,98.48999786376953,39.026832580566406,959.5800170898438
2022-11-15,98.94000244140625,40.98043441772461,1020.6799926757812
2022-11-16,97.12000274658203,40.247833251953125,972.8200073242188
2022-11-17,94.8499984741211,40.98043441772461,927.1300048828125
2022-11-18,94.13999938964844,39.84988021850586,962.0800170898438
2022-11-21,92.45999908447266,39.189632415771484,963.030029296875
2022-11-22,93.19999694824219,38.80976486206055,957.1599731445312
2022-11-23,94.12999725341797,39.216766357421875,962.4299926757812
2022-11-25,93.41000366210938,38.502254486083984,951.5700073242188
2022-11-28,93.94999694824219,38.93638229370117,921.3400268554688
2022-11-29,92.41999816894531,40.6276969909668,889.260009765625
2022-11-30,96.54000091552734,42.51798629760742,930.989990234375
2022-12-01,95.5,42.16525650024414,941.010009765625
2022-12-02,94.12999725341797,43.196319580078125,945.0700073242188
2022-12-05,91.01000213623047,43.15109634399414,881.9000244140625
2022-12-06,88.25,43.74803161621094,863.0900268554688
2022-12-07,88.45999908447266,43.042572021484375,863.8099975585938
2022-12-08,90.3499984741211,44.372100830078125,884.239990234375
2022-12-09,89.08999633789062,44.08267593383789,896.47998046875
2022-12-12,90.55000305175781,43.70280838012695,880.25
2022-12-13,92.48999786376953,44.081016540527344,870.6500244140625
2022-12-14,91.58000183105469,44.38394546508789,867.2999877929688
2022-12-15,88.44999694824219,43.41089630126953,835.0900268554688
2022-12-16,87.86000061035156,43.456790924072266,843.97998046875
2022-12-19,84.91999816894531,43.117149353027344,884.27001953125
2022-12-20,85.19000244140625,42.56636047363281,875.9099731445312
2022-12-21,86.7699966430664,43.465980529785156,900.0999755859375
2022-12-22,83.79000091552734,43.181400299072266,873.260009765625
2022-12-23,85.25,42.92436981201172,878.3200073242188
2022-12-27,83.04000091552734,44.613441467285156,854.2999877929688
2022-12-28,81.81999969482422,43.29156494140625,839.5700073242188
2022-12-29,84.18000030517578,44.42066192626953,866.280029296875
2022-12-30,84.0,43.603668212890625,846.239990234375
2023-01-03,85.81999969482422,45.08161163330078,826.1099853515625
2023-01-04,85.13999938964844,47.74372100830078,837.4400024414062
2023-01-05,83.12000274658203,47.707008361816406,856.0900268554688
2023-01-06,86.08000183105469,47.97321701049805,873.469970703125
2023-01-09,87.36000061035156,48.14763259887695,897.3099975585938
2023-01-10,89.87000274658203,48.63416290283203,915.780029296875
2023-01-11,95.08999633789062,49.02888488769531,936.7999877929688
2023-01-12,95.2699966430664,48.67088317871094,1024.31005859375
2023-01-13,98.12000274658203,49.4603385925293,1082.9200439453125
2023-01-17,96.05000305175781,48.85447311401367,1070.0
2023-01-18,95.45999908447266,48.24861145019531,1068.9200439453125
2023-01-19,93.68000030517578,49.1390380859375,1072.739990234375
2023-01-20,97.25,50.19470977783203,1098.0899658203125
2023-01-23,97.5199966430664,50.78221130371094,1095.0
2023-01-24,96.31999969482422,50.72713851928711,1109.9100341796875
2023-01-25,97.18000030517578,50.85565185546875,1130.6400146484375
2023-01-26,99.22000122070312,51.590023040771484,1188.5799560546875
2023-01-27,102.23999786376953,51.4706916809082,1221.27001953125
2023-01-30,100.55000305175781,49.53376770019531,1161.800048828125
2023-01-31,103.12999725341797,49.184940338134766,1181.68994140625
2023-02-01,105.1500015258789,50.32322311401367,1214.2900390625
2023-02-02,112.91000366210938,49.414432525634766,1226.5799560546875
2023-02-03,103.38999938964844,48.23025131225586,1187.25
2023-02-06,102.18000030517578,47.59684753417969,1175.43994140625
2023-02-07,102.11000061035156,47.83552169799805,1173.81005859375
2023-02-08,100.05000305175781,47.36735534667969,1166.9000244140625
2023-02-09,98.23999786376953,48.358768463134766,1143.6500244140625
2023-02-10,97.61000061035156,47.09196472167969,1104.949951171875
2023-02-13,99.54000091552734,47.936500549316406,1112.3199462890625
2023-02-14,99.69999694824219,47.50504684448242,1132.31005859375
2023-02-15,101.16000366210938,47.12868118286133,1159.5999755859375
2023-02-16,98.1500015258789,47.064430236816406,1119.6400146484375
2023-02-17,97.19999694824219,46.11891174316406,1100.8699951171875
2023-02-21,94.58000183105469,45.623207092285156,1099.3299560546875
2023-02-22,95.79000091552734,45.347816467285156,1118.260009765625
2023-02-23,95.81999969482422,45.090782165527344,1136.260009765625
2023-02-24,93.5,43.842342376708984,1156.8800048828125
2023-02-27,93.76000213623047,44.402305603027344,1182.989990234375
2023-02-28,94.2300033569336,43.93414306640625,1220.0
2023-03-01,92.16999816894531,45.63239288330078,1208.719970703125
2023-03-02,92.12999725341797,46.28414535522461,1218.52001953125
2023-03-03,94.9000015258789,46.366764068603516,1226.739990234375
2023-03-06,93.75,45.75172805786133,1256.260009765625
2023-03-07,93.55000305175781,44.75113296508789,1264.9100341796875
2023-03-08,93.91999816894531,44.41149139404297,1252.5699462890625
2023-03-09,92.25,42.84175109863281,1201.7900390625
2023-03-10,90.7300033569336,42.89683151245117,1168.0400390625
2023-03-13,92.43000030517578,43.26402282714844,1162.3299560546875
2023-03-14,94.87999725341797,43.50270080566406,1214.9599609375
2023-03-15,96.19999694824219,42.814212799072266,1188.9599609375
2023-03-16,100.04000091552734,43.3191032409668,1214.739990234375
2023-03-17,98.94999694824219,43.181400299072266,1201.1500244140625
2023-03-20,97.70999908447266,43.016170501708984,1182.75
2023-03-21,100.61000061035156,43.68629455566406,1220.4200439453125
2023-03-22,98.69999694824219,43.81481170654297,1186.6300048828125
2023-03-23,98.70999908447266,45.01734924316406,1191.550048828125
2023-03-24,98.12999725341797,44.7878532409668,1187.280029296875
2023-03-27,98.04000091552734,44.1360969543457,1191.7900390625
2023-03-28,97.23999786376953,45.57731246948242,1196.739990234375
2023-03-29,100.25,45.57731246948242,1224.8800048828125
2023-03-30,102.0,46.247432708740234,1266.800048828125
2023-03-31,103.29000091552734,45.79762268066406,1318.06005859375
2023-04-03,102.41000366210938,45.7884521484375,1313.6400146484375
2023-04-04,103.94999694824219,45.641571044921875,1301.9000244140625
2023-04-05,101.0999984741211,45.0999641418457,1250.050048828125
2023-04-06,102.05999755859375,45.65074920654297,1245.0
2023-04-10,102.16999816894531,45.46715545654297,1251.6199951171875
2023-04-11,99.91999816894531,45.49469757080078,1285.06005859375
2023-04-12,97.83000183105469,44.29214859008789,1256.0400390625
2023-04-13,102.4000015258789,45.21929931640625,1296.1199951171875
2023-04-14,102.51000213623047,44.83375549316406,1301.8800048828125
2023-04-17,102.73999786376953,45.770084381103516,1314.739990234375
2023-04-18,102.30000305175781,45.623207092285156,1321.469970703125
2023-04-19,104.30000305175781,45.11832809448242,1308.2900390625
2023-04-20,103.80999755859375,44.769500732421875,1293.77001953125
2023-04-21,106.95999908447266,44.0534782409668,1281.9200439453125
2023-04-24,106.20999908447266,43.49351501464844,1273.6199951171875
2023-04-25,102.56999969482422,42.35523223876953,1229.550048828125
2023-04-26,104.9800033569336,42.98862838745117,1235.6300048828125
2023-04-27,109.81999969482422,43.576133728027344,1244.9200439453125
2023-04-28,105.44999694824219,43.80562973022461,1277.489990234375
2023-05-01,102.05000305175781,43.63120651245117,1291.6500244140625
2023-05-02,103.62999725341797,42.83257293701172,1255.739990234375
2023-05-03,103.6500015258789,42.74995422363281,1279.989990234375
2023-05-04,104.0,43.475154876708984,1213.3800048828125
2023-05-05,105.66000366210938,43.95249557495117,1243.5899658203125
2023-05-08,105.83000183105469,44.0534782409668,1284.5
2023-05-09,106.62000274658203,43.35581970214844,1248.050048828125
2023-05-10,110.19000244140625,43.19058609008789,1288.9200439453125
2023-05-11,112.18000030517578,43.53023147583008,1296.52001953125
2023-05-12,110.26000213623047,42.42866897583008,1279.6700439453125
2023-05-15,111.19999694824219,44.1360969543457,1296.800048828125
2023-05-16,113.4000015258789,43.695465087890625,1275.3900146484375
2023-05-17,115.5,43.38336181640625,1320.1500244140625
2023-05-18,118.1500015258789,42.61226272583008,1332.489990234375
2023-05-19,116.25,42.465389251708984,1310.8800048828125
2023-05-22,115.01000213623047,43.06206512451172,1339.6199951171875
2023-05-23,114.98999786376953,41.87788391113281,1299.8299560546875
2023-05-24,116.75,41.115966796875,1284.1300048828125
2023-05-25,115.0,40.289798736572266,1249.9100341796875
2023-05-26,120.11000061035156,41.01498794555664,1282.260009765625
2023-05-30,121.66000366210938,39.86752700805664,1249.719970703125
2023-05-31,120.58000183105469,39.69310760498047,1239.0
2023-06-01,122.7699966430664,40.702880859375,1258.02001953125
2023-06-02,124.25,41.78608322143555,1270.6700439453125
2023-06-05,125.30000305175781,41.59331512451172,1289.489990234375
2023-06-06,126.61000061035156,42.217533111572266,1254.449951171875
2023-06-07,121.2300033569336,41.71623229980469,1208.2900390625
2023-06-08,124.25,42.20734405517578,1209.739990234375
2023-06-09,123.43000030517578,42.15174865722656,1208.550048828125
2023-06-12,126.56999969482422,42.15174865722656,1238.1500244140625
2023-06-13,126.66000366210938,42.73551559448242,1209.52001953125
2023-06-14,126.41999816894531,43.40267562866211,1211.8399658203125
2023-06-15,127.11000061035156,44.26443099975586,1223.77001953125
2023-06-16,125.48999786376953,44.14397048950195,1194.739990234375
2023-06-20,125.77999877929688,42.34633255004883,1197.739990234375
2023-06-21,124.83000183105469,41.98495864868164,1210.9000244140625
2023-06-22,130.14999389648438,41.81816482543945,1241.510009765625
2023-06-23,129.3300018310547,40.9378776550293,1226.489990234375
2023-06-26,127.33000183105469,41.10466384887695,1155.510009765625
2023-06-27,129.17999267578125,42.012752532958984,1162.0899658203125
2023-06-28,129.0399932861328,41.679168701171875,1207.68994140625
2023-06-29,127.9000015258789,41.04906463623047,1171.449951171875
2023-06-30,130.36000061035156,41.456787109375,1184.5999755859375
2023-07-03,130.22000122070312,42.13321304321289,1193.75
2023-07-05,130.3800048828125,41.79036331176758,1247.3599853515625
2023-07-06,128.36000061035156,40.76182174682617,1153.5899658203125
2023-07-07,129.77999877929688,41.62356948852539,1153.8199462890625
2023-07-10,127.12999725341797,41.63283920288086,1087.1500244140625
2023-07-11,128.77999877929688,41.98495864868164,1121.5799560546875
2023-07-12,130.8000030517578,43.07836151123047,1141.1300048828125
2023-07-13,134.3000030517578,43.9679069519043,1146.719970703125
2023-07-14,134.67999267578125,43.21735382080078,1135.719970703125
2023-07-17,133.55999755859375,42.976436614990234,1179.1700439453125
2023-07-18,132.8300018310547,42.096153259277344,1208.6600341796875
2023-07-19,135.36000061035156,42.253665924072266,1225.75
2023-07-20,129.9600067138672,42.059085845947266,1198.3399658203125
2023-07-21,130.0,42.04981994628906,1221.030029296875
2023-07-24,128.8000030517578,42.98569869995117,1198.4300537109375
2023-07-25,129.1300048828125,43.50460433959961,1181.8399658203125
2023-07-26,128.14999389648438,44.17176818847656,1176.22998046875
2023-07-27,128.25,43.532405853271484,1169.9000244140625
2023-07-28,132.2100067138672,45.848941802978516,1225.02001953125
2023-07-31,133.67999267578125,46.14546203613281,1238.050048828125
2023-08-01,131.69000244140625,45.13544464111328,1210.4000244140625
2023-08-02,128.2100067138672,43.83818435668945,1164.81005859375
2023-08-03,128.91000366210938,44.89453125,1323.1099853515625
2023-08-04,139.57000732421875,44.43122100830078,1296.1600341796875
2023-08-07,142.22000122070312,44.004974365234375,1358.81005859375
2023-08-08,139.94000244140625,43.300750732421875,1328.3599853515625
2023-08-09,137.85000610351562,43.449005126953125,1312.6600341796875
2023-08-10,138.55999755859375,43.754791259765625,1387.06005859375
2023-08-11,138.41000366210938,42.47605895996094,1330.0
2023-08-14,140.57000732421875,42.1702766418457,1296.52001953125
2023-08-15,137.6699981689453,41.47531509399414,1286.0400390625
2023-08-16,135.07000732421875,40.715492248535156,1247.43994140625
2023-08-17,133.97999572753906,41.12320327758789,1196.56005859375
2023-08-18,133.22000122070312,40.140987396240234,1199.5899658203125
2023-08-21,134.67999267578125,40.06686019897461,1228.510009765625
2023-08-22,134.25,39.95566177368164,1242.72998046875
2023-08-23,135.52000427246094,40.511634826660156,1258.8699951171875
2023-08-24,131.83999633789062,40.54869842529297,1215.31005859375
2023-08-25,133.25999450683594,40.54869842529297,1237.8399658203125
2023-08-28,133.13999938964844,41.373390197753906,1249.4599609375
2023-08-29,134.91000366210938,42.2722053527832,1304.6600341796875
2023-08-30,135.07000732421875,42.04055404663086,1343.1300048828125
2023-08-31,138.00999450683594,41.61430740356445,1372.3599853515625
2023-09-01,138.1199951171875,42.52238845825195,1421.6400146484375
2023-09-05,137.27000427246094,41.994224548339844,1435.050048828125
2023-09-06,135.36000061035156,42.012752532958984,1425.969970703125
2023-09-07,137.85000610351562,40.76182174682617,1436.3499755859375
2023-09-08,138.22999572753906,40.669158935546875,1428.18994140625
2023-09-11,143.10000610351562,41.33631896972656,1422.9300537109375
2023-09-12,141.22999572753906,41.33631896972656,1399.1400146484375
2023-09-13,144.85000610351562,41.021270751953125,1397.4599609375
2023-09-14,144.72000122070312,41.24365997314453,1383.4300537109375
2023-09-15,140.38999938964844,40.974945068359375,1396.6600341796875
2023-09-18,139.97999572753906,40.900814056396484,1383.72998046875
2023-09-19,137.6300048828125,40.641361236572266,1342.6400146484375
2023-09-20,135.2899932861328,40.33557891845703,1326.3399658203125
2023-09-21,129.3300018310547,39.55721664428711,1293.280029296875
2023-09-22,129.1199951171875,40.798885345458984,1276.9599609375
2023-09-25,131.27000427246094,40.22438049316406,1290.530029296875
2023-09-26,125.9800033569336,39.76108169555664,1268.6199951171875
2023-09-27,125.9800033569336,39.89080047607422,1256.52001953125
2023-09-28,125.9800033569336,39.80740737915039,1274.1400146484375
2023-09-29,127.12000274658203,40.11319351196289,1267.8800048828125
2023-10-02,129.4600067138672,39.92786407470703,1259.4100341796875
2023-10-03,124.72000122070312,39.14024353027344,1228.280029296875
2023-10-04,127.0,38.86225891113281,1231.56005859375
2023-10-05,125.95999908447266,39.08464813232422,1214.3800048828125
2023-10-06,127.95999908447266,39.95566177368164,1237.530029296875
2023-10-09,128.25999450683594,39.918601989746094,1238.3800048828125
2023-10-10,129.47999572753906,40.68769073486328,1258.31005859375
2023-10-11,131.8300018310547,41.00273895263672,1243.949951171875
2023-10-12,132.3300018310547,40.261451721191406,1229.9599609375
2023-10-13,129.7899932861328,40.00199508666992,1223.5
2023-10-16,132.5500030517578,40.11319351196289,1226.199951171875
2023-10-17,131.47000122070312,39.82594299316406,1240.6500244140625
2023-10-18,128.1300048828125,39.14024353027344,1211.699951171875
2023-10-19,128.39999389648438,38.61206817626953,1179.9599609375
2023-10-20,125.16999816894531,37.9171142578125,1169.6700439453125
2023-10-23,126.55999755859375,38.139495849609375,1180.1300048828125
2023-10-24,128.55999755859375,39.232913970947266,1221.989990234375
2023-10-25,121.38999938964844,38.639869689941406,1190.97998046875
2023-10-26,119.56999969482422,38.64913558959961,1175.0
2023-10-27,127.73999786376953,38.84372329711914,1200.449951171875
2023-10-30,132.7100067138672,39.34410095214844,1226.239990234375
2023-10-31,133.08999633789062,38.74180221557617,1240.739990234375
2023-11-01,137.0,38.7325325012207,1300.010009765625
2023-11-02,138.07000732421875,39.056854248046875,1319.5
2023-11-03,138.60000610351562,40.07612228393555,1387.7900390625
2023-11-06,139.74000549316406,40.317047119140625,1374.77001953125
2023-11-07,142.7100067138672,40.25218200683594,1382.719970703125
2023-11-08,142.0800018310547,40.00199508666992,1367.3399658203125
2023-11-09,140.60000610351562,39.47382736206055,1341.3800048828125
2023-11-10,143.55999755859375,39.38116455078125,1374.3900146484375
2023-11-13,142.58999633789062,39.77034378051758,1378.2900390625
2023-11-14,145.8000030517578,40.73402404785156,1430.510009765625
2023-11-15,143.1999969482422,41.586509704589844,1442.550048828125
2023-11-16,142.8300018310547,40.057594299316406,1469.550048828125
2023-11-17,145.17999267578125,40.09465789794922,1448.0
2023-11-20,146.1300048828125,40.974945068359375,1481.989990234375
2023-11-21,143.89999389648438,40.27998352050781,1495.47998046875
2023-11-22,146.7100067138672,40.242916107177734,1525.0
2023-11-24,146.74000549316406,40.446773529052734,1535.5
2023-11-27,147.72999572753906,39.964927673339844,1599.2099609375
2023-11-28,147.02999877929688,40.07612228393555,1589.0899658203125
2023-11-29,146.32000732421875,39.30703353881836,1610.5799560546875
2023-11-30,146.08999633789062,39.547950744628906,1620.4599609375
2023-12-01,147.02999877929688,39.205108642578125,1652.010009765625
2023-12-04,144.83999633789062,38.55647659301758,1599.6300048828125
2023-12-05,146.8800048828125,37.89857864379883,1584.5999755859375
2023-12-06,144.52000427246094,37.88005065917969,1569.25
2023-12-07,146.8800048828125,37.9171142578125,1590.93994140625
2023-12-08,147.4199981689453,37.48160171508789,1577.97998046875
2023-12-11,145.88999938964844,37.787384033203125,1614.699951171875
2023-12-12,147.47999572753906,37.991241455078125,1616.9200439453125
2023-12-13,148.83999633789062,37.9171142578125,1612.1600341796875
2023-12-14,147.4199981689453,38.29702377319336,1603.510009765625
2023-12-15,149.97000122070312,38.17656326293945,1606.18994140625
2023-12-18,154.07000732421875,37.86151885986328,1619.5699462890625
2023-12-19,153.7899932861328,38.3155517578125,1629.989990234375
2023-12-20,152.1199951171875,37.29396057128906,1597.43994140625
2023-12-21,153.83999633789062,38.3288459777832,1598.3299560546875
2023-12-22,153.4199981689453,37.3034553527832,1589.0799560546875
2023-12-26,153.41000366210938,37.56930160522461,1576.6400146484375
2023-12-27,153.33999633789062,37.531314849853516,1590.8800048828125
2023-12-28,153.3800048828125,38.4142951965332,1581.5999755859375
2023-12-29,151.94000244140625,38.68014144897461,1571.5400390625
2024-01-02,149.92999267578125,37.702213287353516,1529.1600341796875
2024-01-03,148.47000122070312,38.23390579223633,1500.0
2024-01-04,144.57000732421875,37.759185791015625,1519.3800048828125
2024-01-05,145.24000549316406,37.436378479003906,1538.8299560546875
2024-01-08,149.10000610351562,37.05659484863281,1575.5999755859375
2024-01-09,151.3699951171875,36.53440475463867,1573.3399658203125
2024-01-10,153.72999572753906,36.49642562866211,1598.1600341796875
2024-01-11,155.17999267578125,36.93317413330078,1591.6800537109375
2024-01-12,154.6199951171875,36.81924057006836,1658.5799560546875
2024-01-16,153.16000366210938,35.74637985229492,1672.6700439453125
2024-01-17,151.7100067138672,34.93935012817383,1635.280029296875
2024-01-18,153.5,35.062782287597656,1661.97998046875
2024-01-19,155.33999633789062,35.16721725463867,1726.18994140625
2024-01-22,154.77999877929688,34.25575637817383,1756.300048828125
2024-01-23,156.02000427246094,35.54698944091797,1759.9100341796875
2024-01-24,156.8699951171875,36.44895935058594,1762.699951171875
2024-01-25,157.75,36.515419006347656,1738.800048828125
2024-01-26,159.1199951171875,36.24007797241211,1795.800048828125
2024-01-29,161.25999450683594,35.584964752197266,1777.4300537109375
2024-01-30,159.0,34.92036056518555,1735.300048828125
2024-01-31,155.1999969482422,34.69249725341797,1711.81005859375
2024-02-01,159.27999877929688,34.83491134643555,1748.280029296875
2024-02-02,171.80999755859375,34.21778106689453,1772.9000244140625
2024-02-05,170.30999755859375,34.67350769042969,1774.75
2024-02-06,169.14999389648438,36.56289291381836,1710.3900146484375
2024-02-07,170.52999877929688,36.05968475341797,1713.8699951171875
2024-02-08,169.83999633789062,35.40457534790039,1732.8299560546875
2024-02-09,174.4499969482422,35.736881256103516,1742.260009765625
2024-02-12,172.33999633789062,36.316036224365234,1733.22998046875
2024-02-13,168.63999938964844,35.556488037109375,1706.239990234375
2024-02-14,170.97999572753906,36.16412353515625,1746.3699951171875
2024-02-15,169.8000030517578,36.25906753540039,1771.8299560546875
2024-02-16,169.50999450683594,36.8287353515625,1768.780029296875
2024-02-20,167.0800018310547,36.52491760253906,1740.010009765625
2024-02-21,168.58999633789062,37.29396057128906,1737.77001953125
2024-02-22,174.5800018310547,37.759185791015625,1817.97998046875
2024-02-23,174.99000549316406,37.88261032104492,1629.3199462890625
2024-02-26,174.72999572753906,37.55030822753906,1610.1300048828125
2024-02-27,173.5399932861328,38.06300735473633,1607.43994140625
2024-02-28,173.16000366210938,36.94266128540039,1579.489990234375
2024-02-29,176.75999450683594,37.01862335205078,1595.300048828125
2024-03-01,178.22000122070312,37.62626266479492,1612.75
2024-03-04,177.5800018310547,36.94266128540039,1560.0799560546875
2024-03-05,174.1199951171875,36.53440475463867,1527.2900390625
2024-03-06,173.50999450683594,37.10407638549805,1525.5899658203125
2024-03-07,176.82000732421875,36.8667106628418,1529.93994140625
2024-03-08,175.35000610351562,36.99013900756836,1512.5
2024-03-11,171.9600067138672,37.79716110229492,1547.3199462890625
2024-03-12,175.38999938964844,38.57570266723633,1545.56005859375
2024-03-13,176.55999755859375,38.718116760253906,1550.6199951171875
2024-03-14,178.75,38.138954162597656,1561.27001953125
2024-03-15,174.4199981689453,38.0250244140625,1499.510009765625
2024-03-18,174.47999572753906,38.262386322021484,1509.050048828125
2024-03-19,175.89999389648438,38.0250244140625,1519.43994140625
2024-03-20,178.14999389648438,38.40480041503906,1528.8399658203125
2024-03-21,178.14999389648438,38.07249450683594,1555.68994140625
2024-03-22,178.8699951171875,37.531314849853516,1571.989990234375
2024-03-25,179.7100067138672,37.45536422729492,1550.0699462890625
2024-03-26,178.3000030517578,37.578792572021484,1537.4599609375
2024-03-27,179.8300018310547,37.52182388305664,1522.6500244140625
2024-03-28,180.3800048828125,37.72120666503906,1511.9599609375
2024-04-01,180.97000122070312,38.338340759277344,1528.949951171875
2024-04-02,180.69000244140625,38.452274322509766,1512.510009765625
2024-04-03,182.41000366210938,38.338340759277344,1504.97998046875
2024-04-04,180.0,38.18643569946289,1487.81005859375
2024-04-05,185.07000732421875,37.930084228515625,1501.719970703125
2024-04-08,185.19000244140625,38.110477447509766,1488.5799560546875
2024-04-09,185.6699981689453,38.452274322509766,1495.010009765625
2024-04-10,185.9499969482422,38.195926666259766,1478.0
2024-04-11,189.0500030517578,38.49025344848633,1507.56005859375
2024-04-12,186.1300048828125,37.29396057128906,1444.1400146484375
2024-04-15,183.6199951171875,37.436378479003906,1415.8800048828125
2024-04-16,183.32000732421875,36.999637603759766,1397.8800048828125
2024-04-17,181.27999877929688,37.06609344482422,1397.8599853515625
2024-04-18,179.22000122070312,37.54081726074219,1370.25
2024-04-19,174.6300048828125,37.417381286621094,1356.4300537109375
2024-04-22,177.22999572753906,38.1579475402832,1368.22998046875
2024-04-23,179.5399932861328,38.65165710449219,1395.0
2024-04-24,176.58999633789062,39.24980545043945,1370.0
2024-04-25,173.6699981689453,39.449188232421875,1363.8299560546875
2024-04-26,179.6199951171875,40.208736419677734,1406.0
2024-04-29,180.9600067138672,40.60750198364258,1438.3599853515625
2024-04-30,175.0,39.75300216674805,1458.699951171875
2024-05-01,179.0,40.03783416748047,1456.510009765625
2024-05-02,184.72000122070312,42.22154998779297,1505.989990234375
2024-05-03,186.2100067138672,42.50638198852539,1630.56005859375
2024-05-06,188.6999969482422,42.4683952331543,1653.8499755859375
2024-05-07,188.75999450683594,42.003177642822266,1688.68994140625
2024-05-08,188.0,41.71834182739258,1716.780029296875
2024-05-09,189.5,42.62031555175781,1695.4000244140625
2024-05-10,187.47999572753906,42.89564895629883,1693.969970703125
2024-05-13,186.57000732421875,43.769134521484375,1677.3399658203125
2024-05-14,187.07000732421875,43.56025314331055,1683.9100341796875
2024-05-15,185.99000549316406,43.92103958129883,1718.5
2024-05-16,183.6300048828125,44.74705505371094,1739.1500244140625
2024-05-17,184.6999969482422,45.041378021240234,1749.1700439453125
2024-05-20,183.5399932861328,44.66160583496094,1787.72998046875
2024-05-21,183.14999389648438,43.93053436279297,1772.0699462890625
2024-05-22,183.1300048828125,43.56975173950195,1736.780029296875
2024-05-23,181.0500030517578,42.772220611572266,1707.4000244140625
2024-05-24,180.75,42.69626998901367,1693.5699462890625
2024-05-28,182.14999389648438,42.72474670410156,1708.0
2024-05-29,182.02000427246094,42.250030517578125,1709.8599853515625
2024-05-30,179.32000732421875,42.36396026611328,1699.949951171875
2024-05-31,176.44000244140625,41.60441589355469,1725.5799560546875
2024-06-03,178.33999633789062,41.75632095336914,1693.1400146484375
2024-06-04,179.33999633789062,42.069637298583984,1630.6500244140625
2024-06-05,181.27999877929688,42.26902389526367,1604.9000244140625
2024-06-06,185.0,42.316490173339844,1621.0899658203125
2024-06-07,184.3000030517578,41.42402267456055,1600.1600341796875
2024-06-10,187.05999755859375,41.727840423583984,1601.8800048828125
2024-06-11,187.22999572753906,41.29014205932617,1580.0
2024-06-12,186.88999938964844,41.36642837524414,1599.3399658203125
2024-06-13,183.8300018310547,41.36642837524414,1580.530029296875
2024-06-14,183.66000366210938,41.12803649902344,1582.1400146484375
2024-06-17,184.05999755859375,41.4713249206543,1559.22998046875
2024-06-18,182.80999755859375,41.509464263916016,1573.4000244140625
2024-06-20,186.10000610351562,41.60483169555664,1585.030029296875
2024-06-21,189.0800018310547,41.118499755859375,1600.050048828125
2024-06-24,185.57000732421875,41.39503860473633,1582.8599853515625
2024-06-25,186.33999633789062,40.96592330932617,1642.280029296875
2024-06-26,193.61000061035156,41.042213439941406,1678.9599609375
2024-06-27,197.85000610351562,40.15538024902344,1660.8900146484375
2024-06-28,193.25,40.21259689331055,1643.4000244140625
2024-07-01,197.1999969482422,40.41284942626953,1597.5999755859375
2024-07-02,200.0,40.67031478881836,1596.47998046875
2024-07-03,197.58999633789062,41.35689163208008,1591.43994140625
2024-07-05,200.0,40.717994689941406,1658.9599609375
2024-07-08,199.2899932861328,40.35563278198242,1683.75
2024-07-09,199.33999633789062,40.88010025024414,1722.050048828125
2024-07-10,199.7899932861328,40.717994689941406,1703.550048828125
2024-07-11,195.0500030517578,41.547611236572266,1708.6500244140625
2024-07-12,194.49000549316406,41.967185974121094,1761.219970703125
2024-07-15,192.72000122070312,41.08035659790039,1743.989990234375
2024-07-16,193.02000427246094,41.061283111572266,1720.4300537109375
2024-07-17,187.92999267578125,40.508209228515625,1670.0899658203125
2024-07-18,183.75,40.21259689331055,1623.260009765625
2024-07-19,183.1300048828125,40.06955337524414,1649.989990234375
2024-07-22,182.5500030517578,40.78474426269531,1687.3800048828125
2024-07-23,186.41000366210938,39.99327087402344,1692.22998046875
2024-07-24,180.8300018310547,39.54508590698242,1642.550048828125
2024-07-25,179.85000610351562,39.049224853515625,1625.1500244140625
2024-07-26,182.5,39.33529281616211,1651.68994140625
2024-07-29,183.1999969482422,39.22087097167969,1621.4000244140625
2024-07-30,181.7100067138672,38.83943557739258,1626.1500244140625
2024-07-31,186.97999572753906,39.5927619934082,1668.9000244140625
2024-08-01,184.07000732421875,39.05875778198242,1606.06005859375
2024-08-02,167.89999389648438,38.92525863647461,1776.1400146484375
2024-08-05,161.02000427246094,38.73454284667969,1776.0
2024-08-06,161.92999267578125,38.67732620239258,1810.3900146484375
2024-08-07,162.77000427246094,38.87757873535156,1859.699951171875
2024-08-08,165.8000030517578,39.74533462524414,1869.4000244140625
2024-08-09,166.94000244140625,39.583229064941406,1883.6199951171875
2024-08-12,166.8000030517578,39.99327087402344,1901.8199462890625
2024-08-13,170.22999572753906,40.21259689331055,1916.199951171875
2024-08-14,170.10000610351562,39.392513275146484,1898.5699462890625
2024-08-15,177.58999633789062,39.97419738769531,1996.43994140625
2024-08-16,177.05999755859375,40.62263107299805,1977.969970703125
2024-08-19,178.22000122070312,40.918243408203125,2028.0
2024-08-20,178.8800048828125,39.964664459228516,2005.6600341796875
2024-08-21,180.11000061035156,40.42238235473633,2007.4599609375
2024-08-22,176.1300048828125,40.08863067626953,1988.8299560546875
2024-08-23,177.0399932861328,40.546348571777344,2000.31005859375
2024-08-26,175.5,39.7644157409668,2004.699951171875
2024-08-27,173.1199951171875,39.91698455810547,2036.2099609375
2024-08-28,170.8000030517578,39.16365432739258,1995.1700439453125
2024-08-29,172.1199951171875,39.602298736572266,2015.7900390625
2024-08-30,178.5,39.88838195800781,2061.659912109375
2024-09-03,176.25,39.411582946777344,1990.1700439453125
2024-09-04,173.3300018310547,39.27808380126953,1991.5899658203125
2024-09-05,177.88999938964844,39.23994064331055,2038.1800537109375
2024-09-06,171.38999938964844,38.82036209106445,1986.050048828125
2024-09-09,175.39999389648438,38.73454284667969,2029.9100341796875
2024-09-10,179.5500030517578,38.55335998535156,2017.5799560546875
2024-09-11,184.52000427246094,38.887115478515625,2045.8800048828125
2024-09-12,187.0,38.87757873535156,2140.10009765625
2024-09-13,186.49000549316406,39.00154495239258,2122.3701171875
2024-09-16,184.88999938964844,39.192256927490234,2105.510009765625
2024-09-17,186.8800048828125,39.54508590698242,2074.260009765625
2024-09-18,186.42999267578125,39.354373931884766,2102.639892578125
2024-09-19,189.8699951171875,40.67031478881836,2109.39990234375
2024-09-20,191.60000610351562,40.67985153198242,2103.75
2024-09-23,193.8800048828125,41.27107238769531,2102.6298828125
2024-09-24,193.9600067138672,44.970977783203125,2111.0
2024-09-25,192.52999877929688,43.941104888916016,2131.2900390625
2024-09-26,191.16000366210938,47.774505615234375,2100.2099609375
2024-09-27,187.97000122070312,48.62319564819336,2064.7099609375
2024-09-30,186.3300018310547,48.54690933227539,2051.9599609375
2024-10-01,185.1300048828125,50.52082443237305,2066.1201171875
2024-10-02,184.75999450683594,53.858367919921875,1970.719970703125
2024-10-03,181.9600067138672,52.437530517578125,1959.199951171875
2024-10-04,186.50999450683594,54.35422897338867,1960.0
2024-10-07,180.8000030517578,56.90029525756836,1963.22998046875
2024-10-08,182.72000122070312,50.749691009521484,2014.22998046875
2024-10-09,185.1699981689453,49.55770492553711,2047.989990234375
2024-10-10,186.64999389648438,49.920066833496094,2040.5
2024-10-11,188.82000732421875,50.19660949707031,2091.159912109375
2024-10-14,187.5399932861328,49.185813903808594,2079.9599609375
2024-10-15,187.69000244140625,46.763710021972656,2033.6199951171875
2024-10-16,186.88999938964844,47.39307403564453,2046.469970703125
2024-10-17,187.52999877929688,46.115272521972656,2065.8701171875
2024-10-18,188.99000549316406,48.14640808105469,2079.7900390625
2024-10-21,189.07000732421875,47.58378982543945,2100.580078125
2024-10-22,189.6999969482422,48.041507720947266,2067.820068359375
2024-10-23,184.7100067138672,47.76497268676758,2038.699951171875
2024-10-24,186.3800048828125,47.41215133666992,2055.929931640625
2024-10-25,187.8300018310547,47.536109924316406,2047.3499755859375
2024-10-28,188.38999938964844,48.213157653808594,2056.090087890625
2024-10-29,190.8300018310547,47.74589920043945,2026.5699462890625
2024-10-30,192.72999572753906,47.16421127319336,2020.719970703125
2024-10-31,186.39999389648438,46.96396255493164,2037.1800537109375
2024-11-01,197.92999267578125,47.183284759521484,2054.89990234375
2024-11-04,195.77999877929688,47.536109924316406,2063.699951171875
2024-11-05,199.5,48.66134262084961,2090.010009765625
2024-11-06,207.08999633789062,47.34539794921875,2117.300048828125
2024-11-07,210.0500030517578,49.9010009765625,1774.050048828125
2024-11-08,208.17999267578125,47.16421127319336,1872.010009765625
2024-11-11,206.83999633789062,47.17375183105469,1961.1600341796875
2024-11-12,208.91000366210938,45.63848114013672,1977.3900146484375
2024-11-13,214.10000610351562,45.54311752319336,1930.949951171875
2024-11-14,211.47999572753906,45.15215301513672,1876.199951171875
2024-11-15,202.61000061035156,45.180763244628906,1880.0
2024-11-18,201.6999969482422,45.81012725830078,1916.1199951171875
2024-11-19,204.61000061035156,45.47636795043945,1916.510009765625
2024-11-20,202.8800048828125,45.75291442871094,1931.260009765625
2024-11-21,198.3800048828125,45.38101577758789,1968.1500244140625
2024-11-22,197.1199951171875,44.322540283203125,2005.0
2024-11-25,201.4499969482422,44.2271842956543,2099.949951171875
2024-11-26,207.86000061035156,43.960174560546875,2110.0
2024-11-27,205.74000549316406,45.047264099121094,2044.760009765625
2024-11-29,207.88999938964844,45.1235466003418,1985.1700439453125
2024-12-02,210.7100067138672,45.180763244628906,1952.43994140625
2024-12-03,213.44000244140625,45.35240936279297,1929.489990234375
2024-12-04,218.16000366210938,44.90422439575195,1987.4300537109375
2024-12-05,220.5500030517578,45.1902961730957,1984.949951171875
2024-12-06,227.02999877929688,45.59080505371094,1947.1800537109375
2024-12-09,226.08999633789062,49.128597259521484,1844.300048828125
2024-12-10,225.0399932861328,46.906742095947266,1879.1800537109375
2024-12-11,230.25999450683594,46.57299041748047,1897.8699951171875
2024-12-12,228.97000122070312,46.582523345947266,1870.77001953125
2024-12-13,227.4600067138672,45.981773376464844,1823.8599853515625
2024-12-16,232.92999267578125,45.2856559753418,1796.719970703125
2024-12-17,231.14999389648438,45.889156341552734,1809.1199951171875
2024-12-18,220.52000427246094,45.08254623413086,1716.3800048828125
2024-12-19,223.2899932861328,45.40324783325195,1666.0
2024-12-20,224.9199981689453,45.77253723144531,1720.3599853515625
2024-12-23,225.05999755859375,45.957183837890625,1729.8499755859375
2024-12-24,229.0500030517578,46.3653450012207,1743.2900390625
2024-12-26,227.0500030517578,46.48196792602539,1732.760009765625
2024-12-27,223.75,46.132110595703125,1725.469970703125
2024-12-30,221.3000030517578,45.626766204833984,1721.800048828125
2024-12-31,219.38999938964844,45.539302825927734,1700.43994140625
2025-01-02,220.22000122070312,44.72297668457031,1765.0
2025-01-03,224.19000244140625,45.08254623413086,1834.1700439453125
2025-01-06,227.61000061035156,44.33424758911133,1799.4200439453125
2025-01-07,222.11000061035156,43.964962005615234,1771.219970703125
2025-01-08,222.1300048828125,43.6636962890625,1739.0
2025-01-10,218.94000244140625,42.47808074951172,1758.77001953125
2025-01-13,218.4600067138672,42.633567810058594,1740.0
2025-01-14,217.75999450683594,43.5665168762207,1753.6099853515625
2025-01-15,223.35000610351562,44.032989501953125,1838.1500244140625
2025-01-16,220.66000366210938,44.00382995605469,1837.1800537109375
2025-01-17,225.94000244140625,44.907623291015625,1836.0
2025-01-21,230.7100067138672,45.199161529541016,1834.510009765625
2025-01-22,235.00999450683594,45.00480270385742,1818.489990234375
2025-01-23,235.4199981689453,44.946495056152344,1828.72998046875
2025-01-24,234.85000610351562,46.05436325073242,1843.449951171875
2025-01-27,235.4199981689453,46.394500732421875,1846.0
2025-01-28,238.14999389648438,47.0359001159668,1895.530029296875
2025-01-29,237.07000732421875,46.8901252746582,1889.760009765625
2025-01-30,234.63999938964844,48.036865234375,1947.3199462890625
2025-01-31,237.67999267578125,47.04561996459961,1922.18994140625
2025-02-03,237.4199981689453,46.724918365478516,1908.9000244140625
2025-02-04,242.05999755859375,47.90081787109375,1966.4100341796875
2025-02-05,236.1699981689453,47.094207763671875,1975.18994140625
2025-02-06,238.8300018310547,47.73560333251953,2012.800048828125
2025-02-07,229.14999389648438,48.32841110229492,1996.6500244140625
2025-02-10,233.13999938964844,49.57233428955078,2042.219970703125
2025-02-11,232.75999450683594,49.11558532714844,2035.1800537109375
2025-02-12,228.92999267578125,50.40810012817383,2016.72998046875
2025-02-13,230.3699951171875,50.3886604309082,2066.14990234375
2025-02-14,228.67999267578125,51.95328903198242,2109.989990234375
2025-02-18,226.64999389648438,52.46834945678711,2098.75
2025-02-19,226.6300048828125,52.21567916870117,2075.7900390625
2025-02-20,222.8800048828125,53.18749237060547,2110.469970703125
2025-02-21,216.5800018310547,54.198184967041016,2260.0
2025-02-24,212.7100067138672,52.07962417602539,2223.35009765625
2025-02-25,212.8000030517578,52.536376953125,2168.60009765625
2025-02-26,214.35000610351562,53.8386116027832,2197.639892578125
2025-02-27,208.74000549316406,53.36241912841797,2129.800048828125
2025-02-28,212.27999877929688,52.069908142089844,2121.8701171875
2025-03-03,205.02000427246094,51.32160568237305,2070.409912109375
2025-03-04,203.8000030517578,52.08934020996094,2059.8701171875
2025-03-05,208.36000061035156,54.635501861572266,2112.77001953125
2025-03-06,200.6999969482422,54.93675994873047,2045.25
2025-03-07,199.25,54.90761184692383,2009.3399658203125
2025-03-10,194.5399932861328,53.24580383300781,1944.6099853515625
2025-03-11,196.58999633789062,54.25649642944336,1990.1099853515625
2025-03-12,198.88999938964844,54.06212615966797,2004.8299560546875
2025-03-13,193.88999938964844,54.198184967041016,1989.699951171875
2025-03-14,197.9499969482422,55.75308609008789,2021.3699951171875
2025-03-17,195.74000549316406,56.99701690673828,2106.4599609375
2025-03-18,192.82000732421875,56.715187072753906,2002.800048828125
2025-03-19,195.5399932861328,56.66659927368164,2065.93994140625
2025-03-20,194.9499969482422,55.09225082397461,2067.570068359375
2025-03-21,196.2100067138672,54.08156967163086,2095.27001953125
2025-03-24,203.25999450683594,54.042694091796875,2134.31005859375
2025-03-25,205.7100067138672,53.44988250732422,2191.300048828125
2025-03-26,201.1300048828125,53.44988250732422,2074.969970703125
2025-03-27,201.36000061035156,54.237056732177734,2095.85009765625
2025-03-28,192.72000122070312,53.032005310058594,2048.070068359375
2025-03-31,190.25999450683594,52.86679458618164,1950.8699951171875
2025-04-01,192.1699981689453,53.01256561279297,1915.0
2025-04-02,196.00999450683594,52.6335563659668,1934.030029296875
2025-04-03,178.41000366210938,52.15736770629883,1945.550048828125
2025-04-04,171.0,48.59080123901367,1841.2900390625
2025-04-07,175.25999450683594,44.70353698730469,1794.72998046875
2025-04-08,170.66000366210938,43.94552230834961,1826.1099853515625
2025-04-09,191.10000610351562,46.705482482910156,1980.6600341796875
2025-04-10,181.22000122070312,46.62773513793945,1933.989990234375
2025-04-11,184.8699951171875,48.279823303222656,1996.949951171875
2025-04-14,182.1199951171875,49.1350212097168,2037.1199951171875
2025-04-15,179.58999633789062,48.756011962890625,2118.320068359375
2025-04-16,174.3300018310547,47.77447509765625,2064.3701171875
2025-04-17,172.61000061035156,47.90081787109375,2099.3701171875
2025-04-21,167.32000732421875,47.99799346923828,2056.429931640625
2025-04-22,173.17999267578125,49.46543884277344,2128.330078125
2025-04-23,180.60000610351562,50.204017639160156,2139.919921875
2025-04-24,186.5399932861328,50.505279541015625,2204.81005859375
2025-04-25,188.99000549316406,50.44697189331055,2225.85009765625
2025-04-28,187.6999969482422,50.3886604309082,2208.39990234375
2025-04-29,187.38999938964844,50.223453521728516,2280.860107421875
2025-04-30,184.4199981689453,50.204017639160156,2330.85009765625
2025-05-01,190.1999969482422,50.135990142822266,2294.52001953125
2025-05-02,189.97999572753906,51.9144172668457,2280.68994140625
2025-05-05,186.35000610351562,51.894981384277344,2246.5400390625
2025-05-06,185.00999450683594,52.42947769165039,2229.0
2025-05-07,188.7100067138672,51.20499038696289,2262.090087890625
2025-05-08,192.0800018310547,51.94356918334961,2410.0
2025-05-09,193.05999755859375,51.74920654296875,2450.0
2025-05-12,208.63999938964844,53.50819396972656,2504.610107421875
2025-05-13,211.3699951171875,53.15834045410156,2515.1201171875
2025-05-14,210.25,54.03297424316406,2564.0
2025-05-15,205.1699981689453,53.032005310058594,2586.489990234375
2025-05-16,205.58999633789062,52.88623046875,2584.919921875
2025-05-19,206.16000366210938,53.15834045410156,2578.35009765625
2025-05-20,204.07000732421875,53.644248962402344,2579.2099609375
2025-05-21,201.1199951171875,53.44017028808594,2601.969970703125
2025-05-22,203.10000610351562,53.206932067871094,2606.010009765625
2025-05-23,200.99000549316406,53.236080169677734,2507.830078125
2025-05-27,206.02000427246094,52.51694107055664,2555.169921875
2025-05-28,204.72000122070312,51.82695388793945,2550.7099609375
2025-05-29,205.6999969482422,52.34201431274414,2545.489990234375
2025-05-30,205.00999450683594,51.33132553100586,2563.2900390625
2025-06-02,206.64999389648438,51.7589225769043,2593.43994140625
2025-06-03,205.7100067138672,52.244834899902344,2602.260009765625
2025-06-04,207.22999572753906,53.24580383300781,2573.9599609375
2025-06-05,207.91000366210938,53.44017028808594,2581.739990234375
2025-06-06,213.57000732421875,53.37213897705078,2482.389892578125
2025-06-09,216.97999572753906,53.95522689819336,2448.60009765625
2025-06-10,217.61000061035156,54.12043762207031,2396.43994140625
2025-06-11,213.1999969482422,54.28564453125,2387.0
2025-06-12,213.24000549316406,54.21761703491211,2368.820068359375
2025-06-13,212.10000610351562,53.22637176513672,2371.97998046875
2025-06-16,216.10000610351562,53.987945556640625,2454.760009765625
2025-06-17,214.82000732421875,53.42853546142578,2389.47998046875
2025-06-18,212.52000427246094,52.92801284790039,2402.75
2025-06-20,209.69000244140625,52.506004333496094,2403.81005859375
2025-06-23,208.47000122070312,53.124298095703125,2452.889892578125
2025-06-24,212.77000427246094,54.53754425048828,2528.949951171875
2025-06-25,211.99000549316406,54.498287200927734,2540.5
2025-06-26,217.1199951171875,54.50810241699219,2560.199951171875
2025-06-27,223.3000030517578,54.154788970947266,2560.050048828125
2025-06-30,219.38999938964844,54.07627487182617,2613.6298828125
2025-07-01,220.4600067138672,54.24311828613281,2501.39990234375
2025-07-02,219.9199981689453,53.97813415527344,2472.050048828125
2025-07-03,223.41000366210938,53.703338623046875,2514.050048828125
2025-07-07,223.47000122070312,53.60519027709961,2501.080078125
2025-07-08,219.36000061035156,54.10572052001953,2476.60009765625
2025-07-09,222.5399932861328,53.56593704223633,2477.080078125
2025-07-10,222.25999450683594,53.987945556640625,2402.10009765625
2025-07-11,225.02000427246094,53.9290657043457,2387.449951171875
2025-07-14,225.69000244140625,54.517913818359375,2380.25
2025-07-15,226.35000610351562,55.626922607421875,2390.0
2025-07-16,223.19000244140625,55.46007537841797,2405.14990234375
2025-07-17,223.8800048828125,55.86246109008789,2351.139892578125
2025-07-18,226.1300048828125,56.38261413574219,2413.570068359375
2025-07-21,229.3000030517578,56.73592758178711,2379.06005859375
2025-07-22,227.47000122070312,57.5799446105957,2384.719970703125
2025-07-23,228.2899932861328,58.149169921875,2394.429931640625
2025-07-24,232.22999572753906,58.08047103881836,2391.050048828125
2025-07-25,231.44000244140625,57.835121154785156,2362.56005859375
2025-07-28,232.7899932861328,57.60939407348633,2354.110107421875
2025-07-29,231.00999450683594,57.47199249267578,2384.89990234375
2025-07-30,230.19000244140625,56.8144416809082,2381.389892578125
2025-07-31,234.11000061035156,56.36298751831055,2373.889892578125
2025-08-01,214.75,55.46989440917969,2375.919921875
2025-08-04,211.64999389648438,56.402244567871094,2395.830078125
2025-08-05,213.75,56.784996032714844,2408.02001953125
2025-08-06,222.30999755859375,57.27570724487305,2317.219970703125
2025-08-07,223.1300048828125,57.118682861328125,2334.820068359375
2025-08-08,222.69000244140625,57.108863830566406,2353.699951171875
2025-08-11,221.3000030517578,56.7457389831543,2292.0400390625
2025-08-12,221.47000122070312,57.638832092285156,2350.830078125
2025-08-13,224.55999755859375,59.43483352661133,2327.300048828125
2025-08-14,230.97999572753906,58.1982421875,2319.800048828125
2025-08-15,231.02999877929688,58.57118225097656,2392.300048828125
2025-08-18,231.49000549316406,58.924495697021484,2364.010009765625
2025-08-19,228.00999450683594,58.482852935791016,2342.93994140625
2025-08-20,223.80999755859375,58.80672073364258,2335.97998046875
2025-08-21,221.9499969482422,58.88523864746094,2337.43994140625
2025-08-22,228.83999633789062,60.42606735229492,2430.6201171875
2025-08-25,227.94000244140625,60.39662551879883,2407.739990234375
2025-08-26,228.7100067138672,60.47513961791992,2405.530029296875
2025-08-27,229.1199951171875,58.90486526489258,2413.429931640625
2025-08-28,231.60000610351562,59.32687759399414,2472.2900390625
2025-08-29,229.0,60.170902252197266,2472.909912109375
2025-09-02,225.33999633789062,60.49476623535156,2379.760009765625
2025-09-03,225.99000549316406,60.190528869628906,2373.1201171875
2025-09-04,235.67999267578125,59.179664611816406,2417.800048828125
2025-09-05,232.3300018310547,60.21015548706055,2417.489990234375
2025-09-08,235.83999633789062,61.14250183105469,2346.9599609375
2025-09-09,238.24000549316406,61.8000602722168,2373.010009765625
2025-09-10,230.3300018310547,61.378047943115234,2348.989990234375
2025-09-11,229.9499969482422,63.01701736450195,2338.199951171875
2025-09-12,228.14999389648438,62.76184844970703,2339.360107421875
2025-09-15,231.42999267578125,63.23292922973633,2335.820068359375
2025-09-16,234.0500030517578,63.65494155883789,2390.139892578125
2025-09-17,231.6199951171875,64.57747650146484,2446.320068359375
2025-09-18,231.22999572753906,63.54698181152344,2476.3701171875
2025-09-19,231.47999572753906,63.24274826049805,2452.340087890625
2025-09-22,227.6300048828125,63.23292922973633,2460.659912109375
2025-09-23,220.7100067138672,62.477237701416016,2494.35009765625
2025-09-24,220.2100067138672,63.38014602661133,2510.969970703125
2025-09-25,218.14999389648438,63.55680465698242,2492.25
2025-09-26,219.77999877929688,63.124977111816406,2468.419921875
2025-09-29,222.1699981689453,64.31249237060547,2501.31005859375
2025-09-30,219.57000732421875,64.62654876708984,2336.93994140625
2025-10-01,220.6300048828125,65.01911926269531,2176.909912109375
2025-10-02,222.41000366210938,65.745361328125,2246.60009765625
2025-10-03,219.50999450683594,65.31354522705078,2172.75
2025-10-06,220.89999389648438,65.40187072753906,2154.219970703125
2025-10-07,221.77999877929688,64.58729553222656,2187.570068359375
2025-10-08,225.22000122070312,64.90133666992188,2179.889892578125
2025-10-09,227.74000549316406,63.91011428833008,2275.0
2025-10-10,216.3699951171875,60.249412536621094,2133.669921875
2025-10-13,220.07000732421875,62.123924255371094,2175.909912109375
2025-10-14,216.38999938964844,61.41730499267578,2157.820068359375
2025-10-15,215.57000732421875,62.074851989746094,2048.35009765625
2025-10-16,214.47000122070312,62.22207260131836,2043.06005859375
2025-10-17,213.0399932861328,62.13374328613281,2024.97998046875
2025-10-20,216.47999572753906,62.92869186401367,2102.110107421875
2025-10-21,222.02999877929688,62.26132583618164,2142.050048828125
2025-10-22,217.9499969482422,61.85894012451172,2095.2099609375
2025-10-23,221.08999633789062,62.91887664794922,2148.320068359375
2025-10-24,224.2100067138672,63.31144332885742,2161.110107421875
2025-10-27,226.97000122070312,64.37137603759766,2282.320068359375
2025-10-28,229.25,63.91011428833008,2290.139892578125
2025-10-29,230.3000030517578,64.27323913574219,2295.919921875
2025-10-30,222.86000061035156,63.18385696411133,2360.760009765625
2025-10-31,244.22000122070312,62.38890838623047,2327.260009765625
2025-11-03,254.0,62.36928176879883,2316.39990234375
2025-11-04,249.32000732421875,61.56451416015625,2305.68994140625
2025-11-05,250.1999969482422,62.18281173706055,2301.8798828125
2025-11-06,243.0399932861328,62.78147888183594,2128.330078125
2025-11-07,244.41000366210938,62.428165435791016,2108.60009765625
2025-11-10,248.39999389648438,63.49790954589844,2092.0400390625
2025-11-11,249.10000610351562,63.33106994628906,2099.570068359375
2025-11-12,244.1999969482422,63.38014602661133,2103.909912109375
2025-11-13,237.5800018310547,63.26237487792969,2031.050048828125
2025-11-14,234.69000244140625,62.32020950317383,2048.889892578125
2025-11-17,232.8699951171875,61.61358642578125,2057.719970703125
2025-11-18,222.5500030517578,61.26027297973633,2058.81005859375
2025-11-19,222.69000244140625,60.75975036621094,2077.179931640625
2025-11-20,217.13999938964844,59.7488899230957,1899.75
2025-11-21,220.69000244140625,59.788143157958984,1951.780029296875
2025-11-24,226.27999877929688,60.80882263183594,2008.9200439453125
2025-11-25,229.6699981689453,61.04436492919922,2055.0
2025-11-26,229.16000366210938,60.75975036621094,2033.3199462890625
2025-11-28,233.22000122070312,61.04436492919922,2071.780029296875
2025-12-01,233.8800048828125,61.49581527709961,2064.550048828125
2025-12-02,234.4199981689453,61.083621978759766,2115.909912109375
2025-12-03,232.3800048828125,60.730308532714844,2119.830078125
2025-12-04,229.11000061035156,60.82844924926758,2139.56005859375
2025-12-05,229.52999877929688,61.49581527709961,2066.419921875
2025-12-08,226.88999938964844,61.06399154663086,2088.360107421875
2025-12-09,227.9199981689453,60.21015548706055,2074.47998046875
2025-12-10,231.77999877929688,60.6616096496582,1970.72998046875
2025-12-11,230.27999877929688,60.54383850097656,2019.81005859375
2025-12-12,226.19000244140625,60.37699508666992,2015.8900146484375
2025-12-15,222.5399932861328,59.739070892333984,1966.760009765625
2025-12-16,222.55999755859375,59.30693817138672,1933.719970703125
2025-12-17,221.27000427246094,59.078453063964844,1916.280029296875
2025-12-18,226.75999450683594,59.595027923583984,1964.4599609375
2025-12-19,227.35000610351562,60.230812072753906,1997.6099853515625
2025-12-22,228.42999267578125,60.48910140991211,1993.6500244140625
2025-12-23,232.13999938964844,60.270545959472656,1995.0699462890625
2025-12-24,232.3800048828125,60.21094512939453,1998.2099609375
2025-12-26,232.52000427246094,60.866600036621094,2005.7099609375
2025-12-29,232.07000732421875,59.9725227355957,2014.969970703125
2025-12-30,232.52999877929688,60.18114471435547,2020.8800048828125
2025-12-31,230.82000732421875,59.67449951171875,2014.260009765625
2026-01-02,226.5,61.83021545410156,1973.699951171875
2026-01-05,233.05999755859375,62.257381439208984,2148.6201171875
2026-01-06,240.92999267578125,62.297115325927734,2187.0400390625
2026-01-07,241.55999755859375,61.47258377075195,2162.610107421875
2026-01-08,246.2899932861328,61.86994934082031,2179.800048828125
2026-01-09,247.3800048828125,61.81034469604492,2178.409912109375
2026-01-12,246.47000122070312,63.8369140625,2149.89990234375
2026-01-13,242.60000610351562,63.101783752441406,2073.570068359375
2026-01-14,236.64999389648438,63.131587982177734,2101.949951171875
2026-01-15,238.17999267578125,63.17132568359375,2098.85009765625
2026-01-16,239.1199951171875,62.108367919921875,2075.010009765625
2026-01-20,231.0,61.24409866333008,2034.8199462890625
2026-01-21,231.30999755859375,62.07856750488281,2057.77001953125
2026-01-22,234.33999633789062,62.36665725708008,2153.75
2026-01-23,239.16000366210938,62.32692337036133,2137.2900390625
2026-01-26,238.4199981689453,62.2474479675293,2212.6201171875
2026-01-27,244.67999267578125,62.87329864501953,2295.0
2026-01-28,243.00999450683594,63.48921585083008,2268.60009765625
2026-01-29,241.72999572753906,63.80711364746094,2218.139892578125
2026-01-30,239.3000030517578,61.98916244506836,2147.7900390625
2026-02-02,242.9600067138672,61.20436096191406,2147.219970703125
2026-02-03,238.6199951171875,60.66791534423828,2099.89990234375
2026-02-04,232.99000549316406,59.91292190551758,2052.780029296875
2026-02-05,222.69000244140625,59.70429992675781,2034.760009765625
2026-02-06,210.32000732421875,61.26396179199219,1970.1500244140625
2026-02-09,208.72000122070312,61.56199264526367,2035.5899658203125
2026-02-10,206.9600067138672,61.58185958862305,2025.3199462890625
2026-02-11,204.0800018310547,61.522254943847656,2018.1800537109375
2026-02-12,199.60000610351562,60.18114471435547,2007.0
2026-02-13,198.7899932861328,59.95265579223633,1988.260009765625
2026-02-17,201.14999389648438,60.21094512939453,1975.510009765625
2026-02-18,204.7899932861328,60.5487060546875,2009.050048828125
2026-02-19,204.86000061035156,60.320220947265625,1996.550048828125
2026-02-20,210.11000061035156,60.60831069946289,1996.8699951171875
2026-02-23,205.27000427246094,60.359954833984375,1864.4599609375
2026-02-24,208.55999755859375,60.03213119506836,1922.56005859375
2026-02-25,210.63999938964844,60.270545959472656,1767.7099609375
2026-02-26,207.9199981689453,58.840030670166016,1740.8800048828125
2026-02-27,210.0,58.67115020751953,1757.5799560546875
2026-03-02,208.38999938964844,58.1247673034668,1777.0
2026-03-03,208.72999572753906,56.52537155151367,1714.010009765625
2026-03-04,216.82000732421875,56.75385665893555,1769.030029296875
2026-03-05,218.94000244140625,55.81011199951172,1780.3599853515625
2026-03-06,213.2100067138672,56.3465576171875,1787.8599853515625
2026-03-09,213.49000549316406,57.29029846191406,1769.52001953125
2026-03-10,214.3300018310547,58.31352233886719,1742.0899658203125
2026-03-11,212.64999389648438,57.926090240478516,1766.0999755859375
2026-03-12,209.52999877929688,57.300235748291016,1680.0
2026-03-13,207.6699981689453,57.399574279785156,1670.0
2026-03-16,211.74000549316406,58.31352233886719,1732.3299560546875
2026-03-17,215.1999969482422,58.05522918701172,1728.1400146484375
2026-03-18,209.8699951171875,56.85319900512695,1690.260009765625
2026-03-19,208.75999450683594,56.43596649169922,1666.9300537109375
2026-03-20,205.3699951171875,54.84649658203125,1635.760009765625
2026-03-23,210.13999938964844,55.223995208740234,1666.0799560546875
2026-03-24,207.24000549316406,55.27366638183594,1612.02001953125
2026-03-25,211.7100067138672,56.27701950073242,1639.469970703125
2026-03-26,207.5399932861328,54.67761993408203,1630.989990234375
2026-03-27,199.33999633789062,54.45906448364258,1599.52001953125
2026-03-30,200.9499969482422,54.58821105957031,1619.199951171875
2026-03-31,208.27000427246094,55.81011199951172,1729.02001953125
2026-04-01,210.57000732421875,55.63129806518555,1718.969970703125
2026-04-02,209.77000427246094,55.47235107421875,1715.52001953125
2026-04-06,212.7899932861328,55.46241760253906,1710.3699951171875
2026-04-07,213.77000427246094,55.243865966796875,1742.300048828125
2026-04-08,221.25,56.92273712158203,1775.739990234375
2026-04-09,233.64999389648438,56.83332824707031,1793.2099609375
2026-04-10,238.3800048828125,56.80352783203125,1773.9599609375
2026-04-13,239.88999938964844,56.972408294677734,1831.9300537109375
2026-04-14,249.02000427246094,57.637996673583984,1840.6600341796875
2026-04-15,248.5,57.64793014526367,1872.1199951171875
2026-04-16,249.6999969482422,58.303585052490234,1822.1300048828125
2026-04-17,250.55999755859375,58.899635314941406,1855.8299560546875
2026-04-20,248.27999877929688,58.909568786621094,1870.0799560546875
2026-04-21,249.91000366210938,57.777076721191406,1854.1800537109375
2026-04-22,255.36000061035156,57.91615295410156,1860.97998046875
2026-04-23,255.0800018310547,56.89293670654297,1809.199951171875
2026-04-24,263.989990234375,57.42938232421875,1835.219970703125
2026-04-27,261.1199951171875,56.74392318725586,1839.280029296875
2026-04-28,259.70001220703125,56.38629150390625,1791.989990234375
2026-04-29,263.0400085449219,56.455833435058594,1767.02001953125
2026-04-30,265.05999755859375,57.19095993041992,1792.6300048828125
2026-05-01,268.260009765625,57.33997344970703,1850.050048828125
2026-05-04,272.04998779296875,56.92273712158203,1813.530029296875
2026-05-05,273.54998779296875,56.843265533447266,1817.31005859375
2026-05-06,274.989990234375,58.32345199584961,1841.1400146484375
2026-05-07,271.1700134277344,57.94595718383789,1870.010009765625
2026-05-08,272.67999267578125,57.93601989746094,1632.52001953125
2026-05-11,268.989990234375,58.31352233886719,1557.300048828125
2026-05-12,265.82000732421875,57.826744079589844,1578.780029296875
2026-05-13,270.1300048828125,59.39634323120117,1562.0
2026-05-14,267.2200012207031,57.71746826171875,1607.3699951171875
2026-05-15,264.1400146484375,56.26708221435547,1546.81005859375
2026-05-18,264.8599853515625,55.98892593383789,1585.9100341796875
2026-05-19,259.3399963378906,56.207481384277344,1594.8599853515625
2026-05-20,265.010009765625,56.247215270996094,1651.199951171875
2026-05-21,268.4599914550781,55.59156036376953,1677.9000244140625
2026-05-22,266.32000732421875,55.1743278503418,1664.4200439453125
2026-05-26,265.2900085449219,55.73063659667969,1648.0400390625
2026-05-27,271.8500061035156,55.094852447509766,1696.1700439453125
2026-05-28,274.0,54.62794876098633,1695.530029296875
2026-05-29,270.6400146484375,54.737220764160156,1695.6500244140625
2026-06-01,261.260009765625,55.035247802734375,1730.97998046875
2026-06-02,256.5199890136719,56.81346130371094,1672.8299560546875
2026-06-03,250.02000427246094,55.611427307128906,1638.5400390625
2026-06-04,253.7899932861328,55.363075256347656,1634.780029296875
2026-06-05,246.02999877929688,54.081565856933594,1607.800048828125
2026-06-08,245.22000122070312,53.57492446899414,1611.989990234375
2026-06-09,244.19000244140625,53.94248962402344,1641.1600341796875
2026-06-10,238.0,53.75374221801758,1588.2900390625
2026-06-11,241.50999450683594,53.98222732543945,1610.0
2026-06-12,238.5500030517578,54.46900177001953,1589.5999755859375
2026-06-15,246.02000427246094,54.93000030517578,1646.3599853515625
2026-06-16,246.0,54.130001068115234,1674.0799560546875
2026-06-17,237.5,53.0,1631.8199462890625
2026-06-18,244.38999938964844,52.77000045776367,1635.1500244140625
2026-06-22,232.7899932861328,52.86000061035156,1589.449951171875
2026-06-23,234.11000061035156,51.810001373291016,1583.6600341796875
2026-06-24,234.27000427246094,51.43000030517578,1659.5699462890625
2026-06-25,227.00999450683594,50.779998779296875,1619.25
2026-06-26,232.69000244140625,50.47999954223633,1675.0999755859375
2026-06-29,240.13999938964844,50.790000915527344,1683.1300048828125
2026-06-30,238.33999633789062,51.029998779296875,1697.3900146484375
2026-07-01,241.6999969482422,51.529998779296875,1742.18994140625
2026-07-02,242.6699981689453,50.90999984741211,1763.3599853515625
2026-07-06,244.16000366210938,52.02000045776367,1805.6800537109375
2026-07-07,245.97999572753906,51.779998779296875,1813.6099853515625
2026-07-08,243.6199951171875,52.849998474121094,1809.3800048828125
2026-07-09,247.0399932861328,53.189998626708984,1807.8299560546875
2026-07-10,245.33999633789062,53.130001068115234,1852.219970703125
2026-07-13,247.30999755859375,52.529998779296875,1867.300048828125
2026-07-14,247.49000549316406,53.22999954223633,1873.8800048828125
2026-07-15,254.9600067138672,54.150001525878906,1843.18994140625
2026-07-16,249.88999938964844,54.13999938964844,1857.4200439453125
2026-07-17,247.22999572753906,52.95000076293945,1813.9100341796875
2026-07-20,249.99000549316406,54.08000183105469,1832.4200439453125
2026-07-21,247.5500030517578,54.0,1822.6500244140625
2026-07-22,244.85000610351562,53.56999969482422,1799.2099609375
2026-07-23,233.66000366210938,53.349998474121094,1798.699951171875
2026-07-24,232.11000061035156,53.33000183105469,1801.43994140625
2026-07-27,231.38999938964844,54.2599983215332,1819.739990234375
2026-07-28,230.86000061035156,54.40999984741211,1862.52001953125
2026-07-29,226.64999389648438,55.06999969482422,1863.31005859375
2026-07-30,235.5,55.5,1885.72998046875
2026-07-31,271.5799865722656,55.79999923706055,1877.949951171875
