date,strat_ret,bh_ret,cum_strat,cum_bh,drawdown,fold
2021-06-09,0.0,0.0045855951045041,1.0,1.0045855951045042,0.0,1
2021-06-10,0.0,0.0016668775168994,1.0,1.0062601162467848,0.0,1
2021-06-11,0.001718190060564,0.002218190060564,1.001718190060564,1.0084921924349854,0.0,1
2021-06-14,-0.0018397414430611,-0.0018397414430611,0.9998752875920415,1.0066368275535593,-0.0018397414430611138,1
2021-06-15,-0.0005,-0.0055903516235487,0.9993753499482455,1.0010093737303214,-0.0023388215723395295,1
2021-06-16,-0.0,-0.0003298194902475,0.9993753499482455,1.0006792213289448,-0.0023388215723395295,1
2021-06-17,-0.0,-0.0135914004931031,0.9993753499482455,0.9870785892667365,-0.0023388215723395295,1
2021-06-18,0.013725572222688899,0.0142255722226889,1.0130923484915353,1.0011203470278205,0.0,1
2021-06-21,-0.0005,0.0053364483802861,1.0125858023172896,1.0064627740821885,-0.0004999999999999585,1
2021-06-22,-0.0017114789094349,-0.0012114789094349,1.0108527830726304,1.0052434656582567,-0.0022106231699800683,1
2021-06-23,0.0058921457669474,0.0058921457669474,1.0168088750194189,1.0111665066891866,0.0,1
2021-06-24,-0.0005,0.0035587226169941,1.0163004705819092,1.0147649678060884,-0.0004999999999999489,1
2021-06-25,0.0,0.0019993508771988,1.0163004705819092,1.016793839034622,-0.0004999999999999489,1
2021-06-28,4.912141954909995e-05,0.0005491214195491,1.0163503927037125,1.0173521823109015,-0.0004509031411606987,1
2021-06-29,0.0008480495370072,0.0008480495370072,1.017212308183682,1.0182149473580835,0.0,1
2021-06-30,0.0055196559828906,0.0055196559828906,1.0228269701864179,1.023835143584137,0.0,1
2021-07-01,0.0076077926527593,0.0076077926527593,1.0306084256952461,1.0316242690671333,0.0,1
2021-07-02,-0.0005,-0.0018225708212456,1.0300931214823985,1.0297440607758428,-0.0004999999999999996,1
2021-07-06,0.0,0.0035190074826567,1.0300931214823985,1.0333677378309343,-0.0004999999999999996,1
2021-07-07,-0.0,-0.0081643174099968,1.0300931214823985,1.0249309956180321,-0.0004999999999999996,1
2021-07-08,0.0101178247009372,0.0106178247009372,1.0405154231111986,1.0358135332600615,0.0,1
2021-07-09,-0.0005,0.003571345005743,1.039995165399643,1.039512780748951,-0.0004999999999999095,1
2021-07-12,-0.0,-0.0034243258194744,1.039995165399643,1.0359531502941588,-0.0004999999999999095,1
2021-07-13,0.0009934694105234,0.0014934694105234,1.0410283687835598,1.0375003146348585,0.0,1
2021-07-14,-0.0034309554548123,-0.0034309554548123,1.0374566468230675,1.0339406972709926,-0.0034309554548122654,1
2021-07-15,-0.0005,-0.0078619275945245,1.036937918499656,1.025811930372016,-0.0039292399770847085,1
2021-07-16,-0.0,-0.0148815608559056,1.036937918499656,1.0105462477034708,-0.0039292399770847085,1
2021-07-19,0.013738044263146499,0.0142380442631465,1.0511834175221393,1.0249344499082294,0.0,1
2021-07-20,-0.0005,0.0080634660825589,1.0506578258133783,1.0331989740819105,-0.0004999999999999206,1
2021-07-21,0.0,0.002085404158657,1.0506578258133783,1.0353536115191813,-0.0004999999999999206,1
2021-07-22,0.0,0.0102409946045682,1.0506578258133783,1.0459566622685694,-0.0004999999999999206,1
2021-07-23,0.0019471512606120999,0.0024471512606121,1.0527036155233829,1.0485162764331857,0.0,1
2021-07-26,-0.0045599050608242,-0.0045599050608242,1.0479033869794099,1.0437351417579215,-0.004559905060824189,1
2021-07-27,-0.0005,-0.000413358789152,1.0473794352859203,1.043303704663529,-0.005057625108293698,1
2021-07-28,0.0,0.0041259190146844,1.0473794352859203,1.047608291256691,-0.005057625108293698,1
2021-07-29,-0.0,-0.00485579277893,1.0473794352859203,1.0425213224808596,-0.005057625108293698,1
2021-07-30,-0.0,-0.0020952620651126,1.0473794352859203,1.0403369671017946,-0.005057625108293698,1
2021-08-02,0.007588752702255499,0.0080887527022555,1.0553277388057332,1.0487519955556954,0.0,1
2021-08-03,-0.0049231913376947,-0.0049231913376947,1.0501321584236158,1.0435887888157855,-0.0049231913376946955,1
2021-08-04,0.0063012180767292,0.0063012180767292,1.0567492701632295,1.0501646693565436,0.0,1
2021-08-05,-0.0005,0.0016656009064681,1.056220895528148,1.0519138245817647,-0.0004999999999998777,1
2021-08-06,-0.0,-0.0008203841788177,1.056220895528148,1.0510508511225982,-0.0004999999999998777,1
2021-08-09,0.0,0.0012303240198592,1.056220895528148,1.0523439842308278,-0.0004999999999998777,1
2021-08-10,0.0020042151300138,0.0025042151300138,1.0583377894276023,1.0549792799581177,0.0,1
2021-08-11,-0.0005,0.0029776220252071,1.0578086205328885,1.058120609498258,-0.0004999999999999723,1
2021-08-12,0.0013206214304536,0.0018206214304536,1.0592055852664828,1.0600470465559153,0.0,1
2021-08-13,0.0023427612254784,0.0023427612254784,1.0616870510414553,1.0625304836737695,0.0,1
2021-08-16,-0.0065639983661451,-0.0065639983661451,1.0547181389730618,1.0555560353149556,-0.006563998366145138,1
2021-08-17,-0.0109961594718113,-0.0109961594718113,1.043120290119102,1.0439489728191995,-0.017487979065149643,1
2021-08-18,0.0015297762954198,0.0015297762954198,1.0447160308121977,1.0455459812114463,-0.015984955465558382,1
2021-08-19,-0.0005,0.0079269591941171,1.0441936727967915,1.0538339815400826,-0.016476962987825625,1
2021-08-20,0.0082717758368017,0.0087717758368017,1.0528310087883732,1.0630779769953564,-0.008341480895330539,1
2021-08-23,-0.0005,0.0015736394845111,1.0523045932839792,1.0647508784750706,-0.008837310154882726,1
2021-08-24,0.0015943412862569001,0.0020943412862569,1.0539823259427696,1.0669808301994392,-0.007257058557065184,1
2021-08-25,-0.0059135085770496,-0.0059135085770496,1.0477495924182483,1.0606712299085073,-0.013127652456093528,1
2021-08-26,-0.0005,0.0089046087299309,1.0472257176220392,1.070116092201937,-0.013621088629865438,1
2021-08-27,0.0,0.0043755465322849,1.0472257176220392,1.0747984349583135,-0.013621088629865438,1
2021-08-30,-0.0019642674195299997,-0.00146426741953,1.0451686862640202,1.0732246426274423,-0.015558600588781404,1
2021-08-31,-0.0005,0.0005198242166106,1.0446461019208881,1.0737825307865434,-0.01605082128848702,1
2021-09-01,0.0025661847693158,0.0030661847693158,1.0473268568369625,1.0770749464279985,-0.013525825892296903,1
2021-09-02,-0.0002355268747051,-0.0002355268747051,1.047080183215577,1.0768212663320431,-0.013758167071501789,1
2021-09-03,-0.0005,-0.0035868552036091,1.0465566431239692,1.0729588643695431,-0.014251287987965964,1
2021-09-07,-0.0,-0.0012063726315518,1.0465566431239692,1.0716644761607867,-0.014251287987965964,1
2021-09-08,-0.0,-0.0042932263905593,1.0465566431239692,1.0670635779499085,-0.014251287987965964,1
2021-09-09,-0.008423101849228001,-0.007923101849228,1.03774138992795,1.0586091245422098,-0.022554349786988576,1
2021-09-10,-0.0005,0.002560391918119,1.037222519232986,1.0613195787891347,-0.023043072612095036,1
2021-09-13,-0.0,-0.0054156514909265,1.037222519232986,1.0555718418299158,-0.023043072612095036,1
2021-09-14,0.0078270006419154,0.0083270006419154,1.0453408605568317,1.0643615892344214,-0.015396430114306196,1
2021-09-15,-0.0015978063376657,-0.0015978063376657,1.043670608304813,1.0626609455415748,-0.01696963593835787,1
2021-09-16,-0.0005,-0.0097854240472145,1.0431487730006608,1.0522623575710366,-0.01746115112038858,1
2021-09-17,-0.0,-0.0168189649417986,1.0431487730006608,1.034564393869475,-0.01746115112038858,1
2021-09-20,-0.001431829395528,-0.000931829395528,1.0416551619235694,1.0336003563557008,-0.018867979126462677,1
2021-09-21,0.0096925770100609,0.0096925770100609,1.051751484798441,1.0436186074073048,-0.009358281457109277,1
2021-09-22,0.0120751080788342,0.0120751080788342,1.0644514976494566,1.0562204148848304,0.0,1
2021-09-23,-0.0005,0.0016549742939113,1.0639192719006318,1.0579684325201693,-0.0004999999999999938,1
2021-09-24,-0.0,-0.0028559448223314,1.0639192719006318,1.0549469330531231,-0.0004999999999999938,1
2021-09-27,-0.0,-0.020370467779519,1.0639192719006318,1.0334571705442621,-0.0004999999999999938,1
2021-09-28,0.0011910318095907,0.0016910318095907,1.0651864335963022,1.035204779493502,0.0,1
2021-09-29,-0.0005,-0.0122942775730631,1.064653840379504,1.0224776845894472,-0.0004999999999999569,1
2021-09-30,0.0113044176631988,0.0118044176631988,1.0766891320578826,1.0345474382296416,0.0,1
2021-10-01,-0.012970222510544,-0.012970222510544,1.0627242344404073,1.0211291277580898,-0.012970222510544088,1
2021-10-04,0.0103453881219547,0.0103453881219547,1.0737185291123004,1.0316931049073803,-0.002759016374489205,1
2021-10-05,-0.0005,0.0041426196930594,1.0731816698477443,1.0359670170809632,-0.003257636866301862,1
2021-10-06,0.0,0.0085979607278337,1.0731816698477443,1.0448742208091564,-0.003257636866301862,1
2021-10-07,-0.0,-0.0018205877029255,1.0731816698477443,1.0429719356516474,-0.003257636866301862,1
2021-10-08,-0.0,-0.007266729530881,1.0731816698477443,1.0353929406869673,-0.003257636866301862,1
2021-10-11,-0.0029503810349519,-0.0024503810349519,1.0700153750019674,1.0328558334613849,-0.006198406631224768,1
2021-10-12,0.0035755432014504,0.0035755432014504,1.0738412612015031,1.036548854114796,-0.002645026100464434,1
2021-10-13,0.0166791745397547,0.0166791745397547,1.0917520470250734,1.0538376333715596,0.0,1
2021-10-14,-0.0005,0.0075923962103719,1.091206171001561,1.061838786225517,-0.0004999999999998884,1
2021-10-15,0.002454282281159,0.002954282281159,1.0938842989721416,1.0649757577371104,0.0,1
2021-10-18,-0.0005,0.0077019161459456,1.0933373568226556,1.0731781117206665,-0.0004999999999998607,1
2021-10-19,0.0034111328513038003,0.0039111328513038,1.097066875798071,1.0773754538887172,0.0,1
2021-10-20,-0.0005,0.0026067673251511,1.096518342360172,1.0801839210188342,-0.0004999999999999285,1
2021-10-21,-0.0015325003850492,-0.0010325003850492,1.0948379275782916,1.0790686307044584,-0.002031734134856649,1
2021-10-22,0.0053387159373313,0.0053387159373313,1.1006829562710485,1.0848294716006746,0.0,1
2021-10-25,0.000910353583488,0.000910353583488,1.101684966944574,1.0858170499976196,0.0,1
2021-10-26,-0.0044428928455224,-0.0044428928455224,1.0967902986869165,1.080992881194639,-0.004442892845522381,1
2021-10-27,0.0095859674465397,0.0095859674465397,1.10730409478581,1.091355243763712,0.0,1
2021-10-28,-0.0005,0.0020405804182207,1.1067504427384172,1.0935822419034587,-0.0004999999999998799,1
2021-10-29,0.0012127255031586,0.0017127255031586,1.1080926272259581,1.095455248098968,0.0,1
2021-11-01,0.0040387310987358,0.0040387310987358,1.1125679153798154,1.0998794972767387,0.0,1
2021-11-02,-0.0005,0.0060849087303135,1.1120116314221256,1.1065721636320107,-0.0004999999999999096,1
2021-11-03,0.0042047088103904,0.0047047088103904,1.116687316526023,1.111778263439583,0.0,1
2021-11-04,-0.0005,0.0034572990197562,1.11612897286776,1.1156220133399588,-0.0005000000000000043,1
2021-11-05,0.0003624603348952,0.0008624603348952,1.1165335253490518,1.1165841930752005,-0.0001377208952722396,1
2021-11-08,-0.0005,-0.0033177324438194,1.1159752585863774,1.1128796654715791,-0.0006376520348245383,1
2021-11-09,-0.0,-0.0080674166016256,1.1159752585863774,1.103901601582742,-0.0006376520348245383,1
2021-11-10,-0.00017880331015300002,0.000321196689847,1.1157757185160933,1.1042561711230874,-0.0008163413306829997,1
2021-11-11,-0.0005,0.0075185746731339,1.1152178306568352,1.1125586036039452,-0.0013159331600176459,1
2021-11-12,-0.0001585515724673,0.0003414484275327,1.115041011116141,1.112938484989684,-0.001474276089213108,1
2021-11-15,0.0039523049744532,0.0039523049744532,1.1194479932510948,1.1173371573001691,0.0,1
2021-11-16,-0.0024285904556658,-0.0024285904556658,1.116729312539071,1.1146236029441892,-0.002428590455665814,1
2021-11-17,0.0033802593467419,0.0033802593467419,1.1205041472355617,1.1183913197961404,0.0,1
2021-11-18,-0.001790794888583,-0.001790794888583,1.1184975541360562,1.1163885103372138,-0.0017907948885829673,1
2021-11-19,-0.0028173512830412,-0.0028173512830412,1.1153463536168327,1.1132432517352429,-0.004603100873347076,1
2021-11-22,0.0013187814553446,0.0013187814553446,1.1168172517042687,1.1147113762909189,-0.003290389902071364,1
2021-11-23,-0.0005,0.0026776815490783,1.1162588430784166,1.1176962183757608,-0.0037887447071203004,1
2021-11-24,-0.0230516604329632,-0.0225516604329632,1.0905272232724805,1.0924903127917436,-0.026753068283627834,1
2021-11-26,0.0121869849071042,0.0121869849071042,1.1038174620832883,1.105804475744894,-0.014892122615915071,1
2021-11-29,-0.0196551752624711,-0.0196551752624711,1.0821217364082654,1.084069694968103,-0.03425459059834006,1
2021-11-30,-0.0005,-0.0111780235832408,1.0815806755400612,1.071951938351873,-0.034737463303040915,1
2021-12-01,0.0147098642291152,0.0152098642291152,1.0974905804300903,1.088256181794342,-0.020538582442777245,1
2021-12-02,-0.0005,-0.0087367403048101,1.0969418351398752,1.0787483701489005,-0.0210283131515559,1
2021-12-03,0.011278973930424199,0.0117789739304242,1.1093142135016096,1.091454919078372,-0.0099865170169688,1
2021-12-06,0.0204725776840064,0.0204725776840064,1.1320247349134938,1.113799814697795,0.0,1
2021-12-07,-0.0005,0.0026318192884084,1.131458722546037,1.1167311345335424,-0.0004999999999999417,1
2021-12-08,-0.0072750628597429996,-0.006775062859743,1.1232272892163102,1.1091652108996455,-0.0077714253283130115,1
2021-12-09,0.0093773747273778,0.0093773747273778,1.1337602124113082,1.1195662687168224,0.0,1
2021-12-10,-0.0005,-0.0088528294163029,1.1331933323051027,1.1096549395196256,-0.000499999999999896,1
2021-12-13,-0.0,-0.0069554356413654,1.1331933323051027,1.1019368060036736,-0.000499999999999896,1
2021-12-14,0.0,0.0155144299422582,1.1331933323051027,1.1190327273812135,-0.000499999999999896,1
2021-12-15,-0.0,-0.00885544262414,1.1331933323051027,1.1091231972693543,-0.000499999999999896,1
2021-12-16,-0.0,-0.0107080415536896,1.1331933323051027,1.097246659984833,-0.000499999999999896,1
2021-12-17,-0.011184134680981901,-0.0106841346809819,1.1205195454570118,1.0855235288912974,-0.011678542613641213,1
2021-12-20,0.0175990130823478,0.0175990130823478,1.1402395835965362,1.1046276716774517,0.0,1
2021-12-21,0.0099548642632672,0.0099548642632672,1.151590513878844,1.1156240902104495,0.0,1
2021-12-22,0.0062140773236833,0.0062140773236833,1.1587465863773074,1.122556664571181,0.0,1
2021-12-23,-0.0005,0.0140475624549859,1.1581672130841187,1.1383258494260053,-0.000500000000000031,1
2021-12-27,-0.0,-0.0008221948620456,1.1581672130841187,1.1373899237612737,-0.000500000000000031,1
2021-12-28,0.0007885454551013,0.0012885454551013,1.1590804805762436,1.1388555023782143,0.0,1
2021-12-29,-0.0005,-0.0027791073613496,1.1585009403359554,1.1356905006680416,-0.0005000000000000397,1
2021-12-30,-0.0030189772456462,-0.0025189772456462,1.1550034523580215,1.1328297221387622,-0.0035174677570233705,1
2021-12-31,0.005764217818548,0.005764217818548,1.161661143838588,1.1393595994084953,0.0,1
2022-01-03,-0.0005,-0.0003329301210434,1.1610803132666687,1.1389802722791522,-0.0004999999999999762,1
2022-01-04,-0.0198889228421574,-0.0193889228421574,1.13798767650256,1.1168966716611923,-0.020378978380736254,1
2022-01-05,-0.0009284105599895,-0.0009284105599895,1.1369311567265572,1.115859732996805,-0.021288468881995246,1
2022-01-06,-0.0005,-0.0039724478220782,1.1363626911481939,1.111427038430717,-0.021777824647554282,1
2022-01-07,-0.0017517497680057,-0.0012517497680057,1.1343720680676046,1.1100358098932062,-0.023491425116286047,1
2022-01-10,0.0090229585177975,0.0090229585177975,1.1446074601815266,1.1200516169591423,-0.014680428752836885,1
2022-01-11,0.0027496073216915,0.0027496073216915,1.1477546812345045,1.1231313190858057,-0.011971186845529674,1
2022-01-12,-0.013869910732332,-0.013869910732332,1.1318354262631658,1.1075535879493992,-0.02567505828495409,1
2022-01-13,-0.0005,0.0004106963642649,1.1312695085500344,1.1080084561811985,-0.02616222075581147,1
2022-01-14,-0.0,-0.0178604945655873,1.1312695085500344,1.0882188771709496,-0.02616222075581147,1
2022-01-18,-0.0,-0.0104583440343408,1.1312695085500344,1.0768379097688319,-0.02616222075581147,1
2022-01-19,-0.0116145029467975,-0.0111145029467975,1.118130375509358,1.064869391647483,-0.037472862512545786,1
2022-01-20,-0.0198192379414681,-0.0198192379414681,1.0959698835475549,1.043764491797835,-0.056549416875529813,1
2022-01-21,0.0042268041916289,0.0042268041916289,1.1006023336452326,1.0481762799268395,-0.052561635996184644,1
2022-01-24,-0.0122950877713167,-0.0122950877713167,1.0870703313517485,1.0352888605653268,-0.06421047383952429,1
2022-01-25,-0.0024919391376662,-0.0024919391376662,1.0843614182476573,1.0327089837348942,-0.06654240438438166,1
2022-01-26,-0.0005,-0.0049534186618071,1.0838192375385336,1.027593543782646,-0.06700913318218937,1
2022-01-27,0.024025316263514798,0.0245253162635148,1.1098583374928785,1.0527956004342613,-0.04459373253592048,1
2022-01-28,-0.0005,0.0178540087082814,1.1093034083241322,1.071592222252455,-0.045071435669652424,1
2022-01-31,0.0,0.0067397251608566,1.1093034083241322,1.078814459314948,-0.045071435669652424,1
2022-02-01,0.0091659616658861,0.0096659616658861,1.119471240840668,1.0892422385232898,-0.03631859705534085,1
2022-02-02,-0.0005,-0.0237843978185715,1.1189115052202476,1.0633352678014607,-0.03680043775681318,1
2022-02-03,0.0041889516843084,0.0046889516843084,1.123598571454632,1.068321195496403,-0.03276564132822955,1
2022-02-04,-0.0005,-0.0032183283020145,1.1230367721689047,1.064882987157295,-0.03324925850756533,1
2022-02-07,0.0076910592872834,0.0081910592872834,1.1316741145654552,1.0736055068391197,-0.025813921238721806,1
2022-02-08,-0.0005,0.0145398549664033,1.1311082775081724,1.0892155751996924,-0.026301014278102462,1
2022-02-09,-0.018643207860220102,-0.0181432078602201,1.110020790778172,1.0694537106142552,-0.04445388686220128,1
2022-02-10,-0.0199215471641488,-0.0199215471641488,1.087907459241499,1.0481485380783793,-0.06348984382259497,1
2022-02-11,-0.0032545441631762,-0.0032545441631762,1.0843668163699487,1.0447372923716347,-0.0665377574851374,1
2022-02-14,0.0159777272270656,0.0159777272270656,1.1016925335759893,1.0614298198530918,-0.05162315239746996,1
2022-02-15,0.001140034324499,0.001140034324499,1.10294850087931,1.062639886280771,-0.050541970238643014,1
2022-02-16,-0.0005,-0.0215949655794072,1.1023970266288705,1.0396922145132326,-0.051016699253523604,1
2022-02-17,-0.0069972426788122,-0.0064972426788122,1.0946832871051473,1.0329370818842685,-0.057656965706986946,1
2022-02-18,-0.0108000362489972,-0.0108000362489972,1.0828606679232404,1.021781323956985,-0.06783430463634138,1
2022-02-22,-0.017601749014995,-0.017601749014995,1.0638004262282457,1.003796185544485,-0.08424205124652082,1
2022-02-23,0.0139178661448714,0.0139178661448714,1.0786062581653475,1.0177668864916256,-0.07149665469466791,1
2022-02-24,-0.0005,0.0225565186996385,1.078066955036265,1.040724164298647,-0.0719609063673205,1
2022-02-25,-0.0,-0.002570321492674,1.078066955036265,1.038049168611205,-0.0719609063673205,1
2022-02-28,-0.0,-0.0153403133006498,1.078066955036265,1.02212516914323,-0.0719609063673205,1
2022-03-01,0.0,0.0182254085825303,1.078066955036265,1.040753817973353,-0.0719609063673205,1
2022-03-02,-0.0,-0.0049996463632692,1.078066955036265,1.035550416932264,-0.0719609063673205,1
2022-03-03,-0.0,-0.0081597208406503,1.078066955036265,1.0271006146136776,-0.0719609063673205,1
2022-03-04,-0.0,-0.029903511600382,1.078066955036265,0.9963866994698181,-0.0719609063673205,1
2022-03-07,-0.0,-0.0076113522343187,1.078066955036265,0.988802849338563,-0.0719609063673205,1
2022-03-08,0.025939679406198998,0.026439679406199,1.1060316662283227,1.0149464796710106,-0.047887869802069355,1
2022-03-09,-0.0045244446494966,-0.0045244446494966,1.101027487173882,1.0103544105015376,-0.05219564843526426,1
2022-03-10,-0.0005,-0.0127885393860954,1.1004769734302953,0.9974334533289235,-0.052669550611046535,1
2022-03-11,-0.0078455244162387,-0.0073455244162387,1.0918431544657394,0.9901067815439226,-0.06010185478197394,1
2022-03-14,0.0217522878437695,0.0217522878437695,1.1155932410419274,1.0116438692521341,-0.03965691978336647,1
2022-03-15,-0.0005,0.0219464597290418,1.1150354444214066,1.033845870688808,-0.04013709132347464,1
2022-03-16,0.0,0.0124309322821736,1.1150354444214066,1.0466975386975454,-0.04013709132347464,1
2022-03-17,0.0,0.0109003326252955,1.1150354444214066,1.0581068900274266,-0.04013709132347464,1
2022-03-18,-0.0,-0.0003091153381487,1.1150354444214066,1.0577798129583182,-0.04013709132347464,1
2022-03-21,0.0,0.0116327118597206,1.1150354444214066,1.0700846607334915,-0.04013709132347464,1
2022-03-22,-0.0,-0.0129415658476007,1.1150354444214066,1.0562360896341016,-0.04013709132347464,1
2022-03-23,0.0,0.0149611043885903,1.1150354444214066,1.0720385480301138,-0.04013709132347464,1
2022-03-24,0.004367670091959401,0.0048676700919594,1.1199055513834808,1.0772568780077876,-0.03594472680486685,1
2022-03-25,0.0069328399775516,0.0069328399775516,1.1276696773611943,1.0847253275577324,-0.02926108586629011,1
2022-03-28,-0.0005,0.0123959008570745,1.1271058425225138,1.0981714751752956,-0.029746455323356878,1
2022-03-29,-0.0,-0.0059483656668649,1.1271058425225138,1.0916391496760325,-0.029746455323356878,1
2022-03-30,-0.0,-0.0157176439657871,1.1271058425225138,1.07448115418231,-0.029746455323356878,1
2022-03-31,0.0,0.0028507356440174,1.1271058425225138,1.0775442159073627,-0.029746455323356878,1
2022-04-01,0.0,0.0085269042797657,1.1271058425225138,1.08673233229362,-0.029746455323356878,1
2022-04-04,-0.0132123315623316,-0.0127123315623316,1.1122141464252653,1.0729174305659974,-0.04256576685515215,1
2022-04-05,-0.0100555428172947,-0.0100555428172947,1.1010302294538852,1.0621286634035192,-0.05219328778128386,1
2022-04-06,-0.0005,0.0050286359876586,1.1004797143391583,1.0674697218238338,-0.0526671911373932,1
2022-04-07,-0.0,-0.0026882370517336,1.1004797143391583,1.0646001101660232,-0.0526671911373932,1
2022-04-08,-0.0,-0.0172434490620037,1.1004797143391583,1.046242732394972,-0.0526671911373932,1
2022-04-11,-0.0,-0.00370647130625,1.1004797143391583,1.0423648637279774,-0.0526671911373932,1
2022-04-12,0.0108884159193848,0.0113884159193848,1.1124621951797287,1.0542357483358646,-0.04235223750041818,1
2022-04-13,-0.0005,-0.0125223533365678,1.111905964082139,1.0410342357951619,-0.042831061381667854,1
2022-04-14,-8.970397773570003e-05,0.0004102960222643,1.1118062216942928,1.0414613680011495,-0.04291692324282693,1
2022-04-18,0.0160141298854077,0.0160141298854077,1.1296108309359096,1.0581394656189544,-0.02759007054051187,1
2022-04-19,-0.0005,-0.0007364207908442,1.1290460255204418,1.0573602297168598,-0.02807627550524155,1
2022-04-20,-0.0,-0.0150846868481504,1.1290460255204418,1.0414102817658926,-0.02807627550524155,1
2022-04-21,-0.028313884001455302,-0.0278138840014553,1.0970783473215517,1.0124446169909331,-0.055595211098848615,1
2022-04-22,0.0057877975073543,0.0057877975073543,1.103428014645552,1.0183044414214877,-0.05012918741571292,1
2022-04-25,-0.0293814928822406,-0.0293814928822406,1.0710076522871788,0.9883851367239083,-0.07803780993470628,1
2022-04-26,-0.0005,0.0027898973153338,1.0704721484610353,0.9911426297633701,-0.0784987910297388,1
2022-04-27,0.0,0.0249625287110981,1.0704721484610353,1.0158840561156315,-0.0784987910297388,1
2022-04-28,-0.0,-0.0376557714698311,1.0704721484610353,0.9776301582586961,-0.0784987910297388,1
2022-04-29,0.0,0.0059843664862692,1.0704721484610353,0.9834806554137454,-0.0784987910297388,1
2022-05-02,0.0,0.0045791120232999,1.0704721484610353,0.9879841235076333,-0.0784987910297388,1
2022-05-03,0.0,0.0300030004913456,1.0704721484610353,1.0176266116506745,-0.0784987910297388,1
2022-05-04,-0.0,-0.0361897683632943,1.0704721484610353,0.9807989402947125,-0.0784987910297388,1
2022-05-05,-0.0,-0.0059940239402104,1.0704721484610353,0.9749200079660529,-0.0784987910297388,1
2022-05-06,-0.0,-0.0325363564984027,1.0704721484610353,0.9431996630294438,-0.0784987910297388,1
2022-05-09,0.0,0.0023065003133548,1.0704721484610353,0.9453751533477774,-0.0784987910297388,1
2022-05-10,-0.0,-0.0160161446170777,1.0704721484610353,0.9302338881743675,-0.0784987910297388,1
2022-05-11,-0.0015499819237013,-0.0010499819237013,1.0688129359810952,0.92925715940697,-0.07992710124631147,1
2022-05-12,0.0236382386159224,0.0236382386159224,1.094077791197601,0.9512231618765862,-0.058178198521528314,1
2022-05-13,-0.0005,-0.004059581165041,1.0935307523020021,0.9473615942448812,-0.05864910942226756,1
2022-05-16,0.0,0.0203421661330217,1.0935307523020021,0.9666329811830549,-0.05864910942226756,1
2022-05-17,-0.0,-0.0411337126993465,1.0935307523020021,0.9268717778493583,-0.05864910942226756,1
2022-05-18,-0.0,-0.0061408803710173,1.0935307523020021,0.9211799691423131,-0.05864910942226756,1
2022-05-19,0.0,0.0004340748847323,1.0935307523020021,0.9215798302312362,-0.05864910942226756,1
2022-05-20,0.0,0.0185424386545966,1.0935307523020021,0.9386681676986126,-0.05864910942226756,1
2022-05-23,-0.0,-0.007670860423245,1.0935307523020021,0.9314677752004533,-0.05864910942226756,1
2022-05-24,0.008288506033079299,0.0087885060330793,1.1025944885398151,0.9396539853624214,-0.05084671688646938,1
2022-05-25,-0.0005,0.0198026272961797,1.1020431912955453,0.9582616030219234,-0.05132129352802608,1
2022-05-26,0.0,0.0242397082701155,1.1020431912955453,0.9814895847256282,-0.05132129352802608,1
2022-05-27,-0.0,-0.0056146945857712,1.1020431912955453,0.9759788204682783,-0.05132129352802608,1
2022-05-31,-0.0,-0.008120306730099,1.1020431912955453,0.9680535730839956,-0.05132129352802608,1
2022-06-01,0.0,0.018736090652284,1.1020431912955453,0.9861911125855648,-0.05132129352802608,1
2022-06-02,-0.0,-0.0164423638886169,1.1020431912955453,0.969975799448713,-0.05132129352802608,1
2022-06-03,0.0,0.0030586958855831,1.1020431912955453,0.9729426604356021,-0.05132129352802608,1
2022-06-06,0.0,0.0095271655321766,1.1020431912955453,0.9822120462148884,-0.05132129352802608,1
2022-06-07,-0.0,-0.0109139858273822,1.1020431912955453,0.9714921978630151,-0.05132129352802608,1
2022-06-08,-0.0,-0.0240856420451337,1.1020431912955453,0.9480931845356463,-0.05132129352802608,2
2022-06-09,-0.0299134922782902,-0.0294134922782902,1.0690772308023837,0.9202064529732076,-0.0796995866886538,2
2022-06-10,-0.0386959620185543,-0.0386959620185543,1.0277082588843534,0.8845981790197278,-0.11531149652780957,2
2022-06-13,-0.0005,-0.0030199991906269,1.0271944047549113,0.8819266932350582,-0.11575384077954555,2
2022-06-14,0.0136460160145462,0.0141460160145462,1.041211516052249,0.8944024423612171,-0.10368740353002229,2
2022-06-15,-0.0005,-0.0336699699861275,1.040690910294223,0.8642879389713959,-0.1041355598282572,2
2022-06-16,0.0016594860179414998,0.0021594860179415,1.042417922308855,0.8661543566910801,-0.10264888531582128,2
2022-06-17,-0.0005,0.0248553506301862,1.0418967133477006,0.8876829269265003,-0.10309756087316332,2
2022-06-21,-0.0022971979788896,-0.0017971979788896,1.0395032703235865,0.8860875849643333,-0.10515792334358673,2
2022-06-22,0.0097613596200664,0.0097613596200664,1.04965023557145,0.8947370045360462,-0.09642304803017646,2
2022-06-23,0.0312910813772041,0.0312910813772041,1.0824949265103176,0.9227342929561794,-0.06814914809552279,2
2022-06-24,-0.0005,-0.0038379462770065,1.0819536790470625,0.919192888311862,-0.068615073521475,2
2022-06-27,-0.0211294421503107,-0.0206294421503107,1.0590926013763218,0.9002304517974554,-0.08829471744517439,2
2022-06-28,-0.000829669009676,-0.000829669009676,1.0582139050665826,0.8994835584900325,-0.08905113106406809,2
2022-06-29,-0.0081394990662591,-0.0081394990662591,1.0496005739743908,0.8921622129055874,-0.0964657985321819,2
2022-06-30,0.0105160442475975,0.0105160442475975,1.0606382200526092,0.901544230212537,-0.08696419289032864,2
2022-07-01,-0.0005,0.001875138427223,1.060107900942583,0.9032347504424498,-0.08742071079388349,2
2022-07-05,0.0028828880292708,0.0033828880292708,1.0631640733199457,0.9062902924673429,-0.08478984688527072,2
2022-07-06,-0.0005,0.0148530398970089,1.0626324912832859,0.9197514583396321,-0.08524745196182794,2
2022-07-07,-0.0,-0.0008118860558009,1.0626324912832859,0.9190047249558037,-0.08524745196182794,2
2022-07-08,-0.0,-0.0114909365133693,1.0626324912832859,0.9084445000058501,-0.08524745196182794,2
2022-07-11,-0.0093852795548968,-0.0088852795548968,1.0526593882884758,0.9003727166631896,-0.09383266034872031,2
2022-07-12,-0.0052637532883292,-0.0052637532883292,1.0471184489718819,0.8956333768151319,-0.09860250166258615,2
2022-07-13,-0.0024473689107499,-0.0024473689107499,1.0445557638339955,0.8934414315332846,-0.10080855387624481,2
2022-07-14,0.0189215706923427,0.0189215706923427,1.0643203995614745,0.9103467467395094,-0.08379443936246429,2
2022-07-15,-0.0082858244022347,-0.0082858244022347,1.0555016276229918,0.9028037734508803,-0.09138595775425794,2
2022-07-18,0.0266682470821612,0.0266682470821612,1.0836500058240652,0.9268799675479759,-0.06715481397332711,2
2022-07-19,0.0063641683370803,0.0063641683370803,1.0905465368796077,0.9327787876897187,-0.06121803017701833,2
2022-07-20,0.0101308316007307,0.0101308316007307,1.101594680197495,0.942228612508537,-0.051707388130939516,2
2022-07-21,-0.0005,-0.0093314923452524,1.1010438828573963,0.9334362134234357,-0.052181534436873976,2
2022-07-22,0.0,0.0012244138983442,1.1010438828573963,0.9345791256963691,-0.052181534436873976,2
2022-07-25,-0.0,-0.0119082475987133,1.1010438828573963,0.9234499260669877,-0.052181534436873976,2
2022-07-26,0.0,0.0256199401717742,1.1010438828573963,0.9471086579244533,-0.052181534436873976,2
2022-07-27,0.0,0.0124124778067742,1.1010438828573963,0.9588646231215443,-0.052181534436873976,2
2022-07-28,0.0140360745199659,0.0145360745199659,1.1164982168469353,0.9728027507377981,-0.03887788382283023,2
2022-07-29,-0.002967209421101,-0.002967209421101,1.1131853328192647,0.969916241250936,-0.041729734420779575,2
2022-08-01,-0.0005,-0.0066054342850665,1.1126287401528552,0.9635095232573342,-0.042208869553569076,2
2022-08-02,0.0150315602158564,0.0155315602158564,1.1293532860583553,0.9784743294363565,-0.027811774502050367,2
2022-08-03,-0.0005,-0.0006857578527677,1.128788609415326,0.9778033329812139,-0.028297868614799337,2
2022-08-04,-0.0021782793950926,-0.0016782793950926,1.1263297924460214,0.9761623057950187,-0.03041450734576336,2
2022-08-05,-0.0011713777759056,-0.0011713777759056,1.1250104347588097,0.9750188509643337,-0.031550258243699066,2
2022-08-08,-0.0039827467183096,-0.0039827467183096,1.1205298031417101,0.9711355978353655,-0.03540734827452662,2
2022-08-09,0.0207847690908075,0.0207847690908075,1.1438197563593784,0.9913204269922368,-0.015358512741723116,2
2022-08-10,0.0,0.0,1.1438197563593784,0.9913204269922368,-0.015358512741723116,2
2022-08-11,0.0167954258581001,0.0167954258581001,1.1630306962723422,1.0079700757254049,0.0,2
2022-08-12,0.0041060751295842,0.0041060751295842,1.1678061876892492,1.0121088765847062,0.0,2
2022-08-15,0.0019610252638182,0.0019610252638182,1.170096285126551,1.0140936476614235,0.0,2
2022-08-16,-0.0005,-0.0071270884137184,1.169511236983988,1.0068661125747502,-0.0004999999999998542,2
2022-08-17,0.0,0.0029061196691881,1.169511236983988,1.0097921859887427,-0.0004999999999998542,2
2022-08-18,-0.014018403440795,-0.013518403440795,1.1531165566354031,0.9961414078271845,-0.014511394239074518,2
2022-08-19,-0.0210592432142318,-0.0210592432142318,1.1288327946148606,0.9751634236439846,-0.035265038472648086,2
2022-08-22,-0.0024214012621067,-0.0024214012621067,1.1260994374612727,0.9728021616992127,-0.03760104892608892,2
2022-08-23,0.0032102756302481,0.0032102756302481,1.1297145270425908,0.9759251247719685,-0.03451148302687997,2
2022-08-24,-0.0005,0.014019098238657,1.1291496697790695,0.9896067149697203,-0.034994227285366525,2
2022-08-25,-0.0349492117404241,-0.0344492117404241,1.0896867788833309,0.9555155437059828,-0.0687204183667018,2
2022-08-26,-0.0066163304659469,-0.0066163304659469,1.0824770510498656,0.9491935371034751,-0.07488207183497644,2
2022-08-29,-0.0110637749015401,-0.0110637749015401,1.0705007686209669,0.9386918734709656,-0.08511736834957347,2
2022-08-30,-0.0076130717715941,-0.0076130717715941,1.0623509694379087,0.9315455448668191,-0.0920824354869131,2
2022-08-31,0.0031105878032784,0.0031105878032784,1.0656555054062433,0.9344431990768801,-0.08925827818435644,2
2022-09-01,-0.0105942522904514,-0.0105942522904514,1.0543656821272611,0.9245434720747632,-0.09890690575671145,2
2022-09-02,-0.0037898686655226,-0.0037898686655226,1.0503697746665648,0.9210395737400336,-0.10232193023930276,2
2022-09-06,0.017829019293485,0.017829019293485,1.0690968376443883,0.9374608060703078,-0.08631721061420103,2
2022-09-07,0.0065127914746377,0.0065127914746377,1.0760596424141609,0.9435662928158894,-0.08036658513296599,2
2022-09-08,0.0154132065909149,0.0154132065909149,1.0926451719868364,0.9581096750192845,-0.06619208532171177,2
2022-09-09,-0.0005,0.0106828997179434,1.092098849400843,0.9683450645963068,-0.0666589892790509,2
2022-09-12,-0.0,-0.0444505987116863,1.092098849400843,0.9253015467154944,-0.0666589892790509,2
2022-09-13,0.0032939556035624,0.0037939556035624,1.095696174525471,0.9288120997036406,-0.06358460542675204,2
2022-09-14,-0.011398350647239,-0.011398350647239,1.0832070453253912,0.9182251737058202,-0.07425819644557059,2
2022-09-15,-0.0076626652603531,-0.0076626652603531,1.0749067923294067,0.911189121566083,-0.08135184600372372,2
2022-09-16,0.0077166099670419,0.0077166099670419,1.0832014287967366,0.9182204126234199,-0.07426299650239156,2
2022-09-19,-0.0005,-0.0115291469235538,1.0826598280823383,0.9076341145780783,-0.07472586500414034,2
2022-09-20,-0.0,-0.0176162657509584,1.0826598280823383,0.891644990811035,-0.07472586500414034,2
2022-09-21,-0.0,-0.0084216894852216,1.0826598280823383,0.8841358335673712,-0.07472586500414034,2
2022-09-22,-0.0,-0.0169167676735114,1.0826598280823383,0.8691791130790857,-0.07472586500414034,2
2022-09-23,-0.010432387408342401,-0.0099323874083424,1.071365101324334,0.8605460894007448,-0.08437868323933607,2
2022-09-26,-0.0025634762083026,-0.0025634762083026,1.0686186823766834,0.8583400999744182,-0.08672585670066661,2
2022-09-27,0.0195062659775327,0.0195062659775327,1.0894634426236836,0.8750831102637012,-0.06891128835106652,2
2022-09-28,-0.0211226145370218,-0.0211226145370218,1.0664511262729668,0.8565990670377429,-0.08857831630699912,2
2022-09-29,-0.0155750517483299,-0.0155750517483299,1.0498410947942007,0.843257492241059,-0.10277375619506748,2
2022-09-30,0.0260635029504283,0.0260635029504283,1.0772036312658504,0.8652357363780546,-0.07938889734245581,2
2022-10-03,-0.0005,0.0305160906394352,1.0766650294502176,0.8916393485338459,-0.07984920289378448,2
2022-10-04,-0.0,-0.0023317151438797,1.0766650294502176,0.8895602995619905,-0.07984920289378448,2
2022-10-05,-0.0108920258070279,-0.0103920258070279,1.0649379661639213,0.8803159659720348,-0.0898715091222227,2
2022-10-06,-0.0282808008906257,-0.0282808008906257,1.0348206675819716,0.8554199254175409,-0.1156106717576228,2
2022-10-07,-0.0005,-0.0076553177893733,1.0343032572481807,0.8488714140451076,-0.11605286642174385,2
2022-10-10,-0.006865914329134699,-0.0063659143291347,1.0272018196935697,0.843467571346845,-0.12212197171237638,2
2022-10-11,-0.0032863879343664,-0.0032863879343664,1.0238260360271696,0.8406956096973414,-0.12500701947238615,2
2022-10-12,0.0260508451486033,0.0260508451486033,1.0504975695508216,0.8625964408426774,-0.1022127128305465,2
2022-10-13,-0.0005,-0.0230574459948626,1.0499723207660463,0.8427071699925867,-0.10266160647413117,2
2022-10-14,0.0248742149967952,0.0253742149967952,1.0760895580134648,0.8640902029033194,-0.08034101834868998,2
2022-10-17,-0.0005,0.0116734500821566,1.0755515132344582,0.8741771167533919,-0.08080084783951556,2
2022-10-18,-0.0,-0.0071128287748721,1.0755515132344582,0.8679592446030137,-0.08080084783951556,2
2022-10-19,-0.0,-0.0084248902598233,1.0755515132344582,0.8606467832172341,-0.08080084783951556,2
2022-10-20,0.023501265457606,0.024001265457606,1.100828334860311,0.8813033951264656,-0.059198504556185715,2
2022-10-21,-0.0005,0.0121615035020428,1.1002779206928808,0.8920213694526583,-0.059668905303907636,2
2022-10-24,0.0,0.0158615877225974,1.1002779206928808,0.9061702446546631,-0.059668905303907636,2
2022-10-25,-0.0,-0.0075701002369916,1.1002779206928808,0.8993104450708481,-0.059668905303907636,2
2022-10-26,-0.0,-0.0053637129871079,1.1002779206928808,0.8944868019571798,-0.059668905303907636,2
2022-10-27,0.0,0.0235228006028298,1.1002779206928808,0.9155276366414815,-0.059668905303907636,2
2022-10-28,-0.0,-0.0072458207624793,1.1002779206928808,0.9088938874832811,-0.059668905303907636,2
2022-10-31,-0.0,-0.0043782788004176,1.1002779206928808,0.9049144966438839,-0.059668905303907636,2
2022-11-01,-0.0,-0.0254212383792207,1.1002779206928808,0.8819104495118872,-0.059668905303907636,2
2022-11-02,-0.0108691935492237,-0.0103691935492237,1.0883187870149325,0.8727657493678156,-0.06988954597251286,2
2022-11-03,0.0143031857606662,0.0143031857606662,1.10388521279243,0.8852490800065704,-0.05658600337062017,2
2022-11-04,0.0095333833659647,0.0095333833659647,1.1144089737179996,0.8936884988606407,-0.04759207606793539,2
2022-11-07,0.0053640080749926,0.0053640080749926,1.1203866724518672,0.8984822511850572,-0.04248335227327687,2
2022-11-08,-0.0208182041349949,-0.0208182041349949,1.0970622339946365,0.8797774642682169,-0.06241712930830779,2
2022-11-09,0.0535009397778563,0.0535009397778563,1.155756094508144,0.9268463854019459,-0.012255564606682024,2
2022-11-10,0.0096448051744083,0.0096448051744083,1.16690313686881,0.9357856382157521,-0.002728961965207522,2
2022-11-11,-0.0085567668530458,-0.0085567668530458,1.156918218786536,0.9277783386851112,-0.011262377726966208,2
2022-11-14,0.0085041712605443,0.0085041712605443,1.1667568494535403,0.9356683245691126,-0.002853983655413097,2
2022-11-15,-0.0076557924085247,-0.0076557924085247,1.1578244012228998,0.9285050421129795,-0.010487926557534576,2
2022-11-16,-0.0030788038227735,-0.0030788038227735,1.1542596870303143,0.9256463572398576,-0.013534440111929696,2
2022-11-17,0.0045352754473392,0.0045352754473392,1.1594945726487562,0.9298444184367664,-0.009060547078523733,2
2022-11-18,-0.0036318850149787,-0.0036318850149787,1.155283421685404,0.9264673304271843,-0.0126595252283405,2
2022-11-21,-0.0005,0.0133490084395644,1.1547057799745613,0.9388347506400375,-0.01315319546572636,2
2022-11-22,0.005795818807698101,0.0062958188076981,1.1613982454514955,0.9447454841204376,-0.007433610195689859,2
2022-11-23,-0.0005,-0.0002344024701124,1.1608175463287698,0.9445240334453322,-0.007929893390592004,2
2022-11-25,-0.0,-0.0160961345139408,1.1608175463287698,0.9293208475513463,-0.007929893390592004,2
2022-11-28,-0.0,-0.0016955443048969,1.1608175463287698,0.9277451428808585,-0.007929893390592004,2
2022-11-29,0.0,0.0310142848797694,1.1608175463287698,0.9565184950379878,-0.007929893390592004,2
2022-11-30,-0.0,-0.0007457409538791,1.1608175463287698,0.9558051800230951,-0.007929893390592004,2
2022-12-01,-0.0016582863806413,-0.0011582863806413,1.1588925784012833,0.9546980839005279,-0.009575029737023722,2
2022-12-02,-0.0005,-0.0181402619805073,1.1583131321120828,0.9373796105462839,-0.010070242222155168,2
2022-12-05,-0.0,-0.014529379884153,1.1583131321120828,0.9237600660889975,-0.010070242222155168,2
2022-12-06,-0.0,-0.0017044853386271,1.1583131321120828,0.9221855305999396,-0.010070242222155168,2
2022-12-07,0.0073061092561492996,0.0078061092561493,1.1667758944081261,0.9293842116062426,-0.002837707255916826,2
2022-12-08,-0.0074862968766847,-0.0074862968766847,1.1580410636740277,0.9224265654856547,-0.010302760213634497,2
2022-12-09,0.014312981621101,0.014312981621101,1.1746160841348743,0.9356292399642662,0.0,2
2022-12-12,0.0075367378446267,0.0075367378446267,1.1834688576290808,0.9426808322656441,0.0,2
2022-12-13,-0.0064078473189949,-0.0064078473189949,1.1758853698826084,0.9366402774219429,-0.00640784731899488,2
2022-12-14,-0.0005,-0.0247851074220426,1.175297427197667,0.9134255475302282,-0.006904643395335408,2
2022-12-15,-0.012378005963867301,-0.0118780059638673,1.1607495886344965,0.9025758734291154,-0.019197183642076808,2
2022-12-16,-0.0085009190471878,-0.0085009190471878,1.1508821503474582,0.8949031489951497,-0.027534908985189226,2
2022-12-19,0.0013715918099139,0.0013715918099139,1.152460690879051,0.8961305908249776,-0.026201083830926133,2
2022-12-20,0.0148295984615605,0.0148295984615605,1.1695512201675198,0.909419847656033,-0.01176003692183599,2
2022-12-21,-0.0143636854692339,-0.0143636854692339,1.1527521543008747,0.8963572270048231,-0.025954804919618105,2
2022-12-22,0.0057375638942481,0.0057375638942481,1.1593661434404081,0.9015001338668344,-0.020366158376959095,2
2022-12-23,-0.0005,-0.0039581309268052,1.158786460368688,0.897931878306457,-0.020855975297770595,2
2022-12-27,-0.0129953461507683,-0.0124953461507683,1.1437276292013734,0.8867119086672083,-0.0335802908302324,2
2022-12-28,0.0178419313523289,0.0178419313523289,1.164133939047346,0.9025325616709411,-0.016337496721687925,2
2022-12-29,-0.0026424412994765,-0.0026424412994765,1.161057783448685,0.9001476723558595,-0.018936767145096938,2
2022-12-30,-0.0005,-0.0042370049035098,1.1604772545569608,0.8963337422542048,-0.019427298761524287,2
2023-01-03,0.0071952843859511995,0.0076952843859512,1.1688272184269262,0.9032312853055748,-0.012371799315012989,2
2023-01-04,-0.01148275186225,-0.01148275186225,1.1554058655078858,0.8928597045821898,-0.023712488875639197,2
2023-01-05,0.0226738726064736,0.0226738726064736,1.181603390911184,0.91310429177934,-0.001576270221114216,2
2023-01-06,-0.000564660344926,-0.000564660344926,1.1809361863329064,0.9125886979949905,-0.002140040508753452,2
2023-01-09,0.0069953783611131,0.0069953783611131,1.1891972817766352,0.9189726012255411,0.0,2
2023-01-10,0.0125804514984877,0.0125804514984877,1.2041579205021595,0.9305336914636981,0.0,2
2023-01-11,0.0036331126736074,0.0036331126736074,1.2085327619041606,0.9339144252113735,0.0,2
2023-01-12,0.0038555907860233,0.0038555907860233,1.2131923696855658,0.9375152170641528,0.0,2
2023-01-13,-0.0005,-0.001834141743057,1.212585773500723,0.9357956812697843,-0.0004999999999999411,2
2023-01-17,-0.0164140528433155,-0.0159140528433155,1.1926823265374296,0.9209033793475105,-0.016905845816893805,2
2023-01-18,-0.0073011570204659,-0.0073011570204659,1.1839743655958452,0.9141797191742167,-0.02408357060248675,2
2023-01-19,0.0184569890276355,0.0184569890276355,1.2058269674706497,0.9310527242203022,-0.006071091773207463,2
2023-01-20,0.0119184678020509,0.0119184678020509,1.2201985773572934,0.9421494461359337,0.0,2
2023-01-23,-0.0010681674130382,-0.0010681674130382,1.2188952009995249,0.9411430727993593,-0.0010681674130381407,2
2023-01-24,0.0003909253252113,0.0003909253252113,1.219371698002374,0.9415109894611636,-0.0006776596615201555,2
2023-01-25,0.0109100943536665,0.0109100943536665,1.2326751582797704,0.9517829631911987,0.0,2
2023-01-26,-0.0005,0.0023169611847985,1.2320588207006304,0.9539882073732652,-0.0005000000000000323,2
2023-01-27,-0.0,-0.0126279333647459,1.2320588207006304,0.9419413078598022,-0.0005000000000000323,2
2023-01-30,0.0,0.0145803063742548,1.2320588207006304,0.9556751007149645,-0.0005000000000000323,2
2023-01-31,0.0,0.0105688719922198,1.2320588207006304,0.9657755085205728,-0.0005000000000000323,2
2023-02-01,0.0139710839724704,0.0144710839724704,1.2492720179436618,0.9797513270029293,0.0,2
2023-02-02,-0.0106944817167656,-0.0106944817167656,1.2359117011884966,0.9692733943493197,-0.01069448171676551,2
2023-02-03,-0.0005,-0.0061410602313642,1.2352937453379025,0.9633210280539617,-0.011189134475907008,2
2023-02-06,0.0124986909783074,0.0129986909783074,1.2507333001283167,0.9758429404105404,0.0,2
2023-02-07,-0.0109898156539615,-0.0109898156539615,1.2369879717276355,0.9651186063882088,-0.010989815653961588,2
2023-02-08,-0.0087002551628659,-0.0087002551628659,1.2262258607402092,0.9567218282502018,-0.0195944566164451,2
2023-02-09,0.0023291836634793,0.0023291836634793,1.2290819659827812,0.9589502091030563,-0.01731091204121156,2
2023-02-10,0.0116663118332043,0.0116663118332043,1.2434208194665042,0.970137621274969,-0.005846554705997153,2
2023-02-13,-0.0004549475625038,-0.0004549475625038,1.2428551281955216,0.9696962595288768,-0.006298842392688287,2
2023-02-14,0.0032306943799115,0.0032306943799115,1.246870413273227,0.9728290517847579,-0.0030884976474949027,2
2023-02-15,-0.013854221745642,-0.013854221745642,1.2295959940796592,0.9593512623807292,-0.01689993066186768,2
2023-02-16,-0.0025071004971223,-0.0025071004971223,1.2265132733516426,0.9569460723538995,-0.01936466133442622,2
2023-02-17,-0.0202602114800524,-0.0202602114800524,1.201663855050447,0.937558142553004,-0.039232540680603535,2
2023-02-21,-0.001386327892348,-0.001386327892348,1.199997954930964,0.9362583795492847,-0.040564479407518436,2
2023-02-22,0.0052995124747496,0.0052995124747496,1.2063573590627947,0.941220092511295,-0.03547993889742069,2
2023-02-23,-0.0107325254057836,-0.0107325254057836,1.1934100980581992,0.9311184239559835,-0.04583167495759213,2
2023-02-24,0.0033892548503276,0.0033892548503276,1.1974548690214728,0.9342742215906057,-0.04259775533391326,2
2023-02-27,-0.0036787933017403,-0.0036787933017403,1.1930496800701804,0.9308372198422296,-0.04611984029866189,2
2023-02-28,-0.003850926606367,-0.003850926606367,1.1884553333144805,0.9272526340261424,-0.0497931627849414,2
2023-03-01,0.0077395284585753,0.0077395284585753,1.1976534171884134,0.9344291321754766,-0.04243900992678268,2
2023-03-02,-0.0005,0.0159212520225012,1.1970545904798193,0.9493064138860094,-0.042917790421819216,2
2023-03-03,0.00019660344152610002,0.0006966034415261,1.1972899355320024,0.9499677040009853,-0.04272962476559267,2
2023-03-06,-0.0005,-0.0154646946275701,1.1966912905642364,0.9352767435525562,-0.04320825995320984,2
2023-03-07,0.0,0.0016488049901838,1.1966912905642364,0.9368188325145285,-0.04320825995320984,2
2023-03-08,-0.0,-0.0186344074439282,1.1966912905642364,0.9193617686883077,-0.04320825995320984,2
2023-03-09,-0.015045125468462501,-0.0145451254684625,1.178686919950681,0.9059895364118286,-0.05760331172940241,2
2023-03-10,-0.0014066602259943,-0.0014066602259943,1.1770289079414866,0.904715116965791,-0.058928943667901496,2
2023-03-13,0.0163779636834874,0.0163779636834874,1.196306244650167,0.9195325082953587,-0.04351611608371328,2
2023-03-14,-0.0005,-0.0062778199152814,1.1957080915278422,0.9137598488020334,-0.04399435802567129,2
2023-03-15,0.016900521379706098,0.0174005213797061,1.2159161816925959,0.9296597465870303,-0.02783736423436466,2
2023-03-16,-0.0005,-0.011762036577707,1.2153082236017496,0.9187250546428518,-0.02832344555224743,2
2023-03-17,0.0,0.0095737653608264,1.2153082236017496,0.9275207127471148,-0.02832344555224743,2
2023-03-20,0.0,0.0130583705221459,1.2153082236017496,0.9396326218811314,-0.02832344555224743,2
2023-03-21,-0.0,-0.0172107720505582,1.2153082236017496,0.9234608190146669,-0.02832344555224743,2
2023-03-22,0.0021996999087189,0.0026996999087189,1.2179815369902716,0.9259538861034664,-0.026186048724124535,2
2023-03-23,0.0065337324407182,0.0065337324407182,1.2259395024707007,0.9320038210477097,-0.01982340891944937,2
2023-03-24,0.0018889215155479,0.0018889215155479,1.2282552059736778,0.9337643031178597,-0.01797193226752088,2
2023-03-27,-0.0022566265152259,-0.0022566265152259,1.2254834927084133,0.9316571458324726,-0.020188002843862077,2
2023-03-28,0.0144225119174811,0.0144225119174811,1.2431580429866766,0.9450939821212477,-0.006056652637986788,2
2023-03-29,0.0058348344095727,0.0058348344095727,1.2504116643124323,0.9506084490084088,-0.00025715779363306686,2
2023-03-30,0.0140084090335619,0.0140084090335619,1.2679279423664578,0.9639249609928785,0.0,2
2023-03-31,0.0038004555611553,0.0038004555611553,1.2727466461661685,0.9675883149714203,0.0,2
2023-04-03,-0.0055535270603166,-0.0055535270603166,1.2656784132257575,0.9622147870809803,-0.005553527060316616,2
2023-04-04,-0.0026226350856939,-0.0026226350856939,1.2623590006120262,0.9596912488204082,-0.00816159727109278,2
2023-04-05,0.0038932832871496,0.0038932832871496,1.267273721811492,0.9634275987202645,-0.004300089394195081,2
2023-04-06,-0.0005,0.0010153573660743,1.2666400849505863,0.9644058220293044,-0.0047979393494979265,2
2023-04-10,-0.0002209573680858,0.0002790426319142,1.2663602114911037,0.9646749323681167,-0.005017836577532829,2
2023-04-11,-0.0040919603169479,-0.0040919603169479,1.2611783157587202,0.960727520826112,-0.00908926410632864,2
2023-04-12,0.0132066889414934,0.0132066889414934,1.2778343054747023,0.9734155503511946,0.0,2
2023-04-13,-0.0024661545540539,-0.0024661545540539,1.2746829685829297,0.9710149571587092,-0.0024661545540537945,2
2023-04-14,0.0035965381256039,0.0035965381256039,1.2792674144774963,0.9745072494726623,0.0,2
2023-04-17,0.0006525285712774,0.0006525285712774,1.2801021730157471,0.9751431432958603,0.0,2
2023-04-18,-0.0001756388869009,-0.0001756388869009,1.2798773372949592,0.9749718702396027,-0.00017563888690089923,2
2023-04-19,-0.0005,-0.0054601632792369,1.279237398626312,0.9696483646354315,-0.0006755510674573169,2
2023-04-20,0.00025663954781359995,0.0007566395478136,1.2795657015338417,0.9703820389355874,-0.00041908489276409335,2
2023-04-21,0.0010583344820524,0.0010583344820524,1.2809199100378268,0.9714090277081573,0.0,2
2023-04-24,-0.0005,-0.0160194334673468,1.2802794500828079,0.9558476054192064,-0.0005000000000000168,2
2023-04-25,-0.004731589311078,-0.004231589311078,1.2742216935216033,0.951802850909095,-0.005229223516422414,2
2023-04-26,0.0197219955463766,0.0197219955463766,1.2993518880863328,0.9705743024957527,0.0,2
2023-04-27,0.00848100632194,0.00848100632194,1.3103716996636177,0.9788057492911317,0.0,2
2023-04-28,-0.0005,-0.0009999250889392,1.3097165138137858,0.9778270168652176,-0.0005000000000000075,2
2023-05-01,-0.011793302616101701,-0.0112933026161017,1.2942706306250742,0.9667841204575587,-0.012287405964793604,2
2023-05-02,-0.0069039311738961,-0.0069039311738961,1.2853350752708437,0.960109509429904,-0.019106505733602976,2
2023-05-03,-0.0071058244446366,-0.0071058244446366,1.2762017098734353,0.953287139808269,-0.026076562702746154,2
2023-05-04,0.018351004233682,0.018351004233682,1.299621292854355,0.9707809161468052,-0.008204089581622121,2
2023-05-05,0.0002518193964605,0.0002518193964605,1.2999485627039487,0.9710253776112046,-0.007954336134048614,2
2023-05-08,-0.0043907310186589,-0.0043907310186589,1.2942408382270234,0.9667618663658221,-0.01231014180231088,2
2023-05-09,0.0046676591324082,0.0046676591324082,1.3002819132951093,0.9712743812202285,-0.007699942215707535,2
2023-05-10,-0.0017383641084835,-0.0017383641084835,1.298021549886127,0.9695859526964257,-0.00942492102100579,2
2023-05-11,-0.0013120712419248,-0.0013120712419248,1.2963184531391228,0.9683137868513184,-0.010724626095101478,2
2023-05-12,0.0034279410489359,0.0034279410489359,1.3007621563771314,0.9716331094295166,-0.007333448432191465,2
2023-05-15,-0.0066903391475113,-0.0066903391475113,1.2920596164007203,0.9651325544004823,-0.013974724322570612,2
2023-05-16,0.0120606248337901,0.0120606248337901,1.3076426626970201,0.9767726560539839,-0.0020826433959906998,2
2023-05-17,0.0095894728399394,0.0095894728399394,1.3201822664952994,0.9861393909100091,0.0,2
2023-05-18,-0.0005,-0.0014636024591531,1.3195221753620519,0.9846960748724055,-0.0004999999999998851,2
2023-05-19,-7.80643017038e-05,0.0004219356982962,1.3194191677848497,0.9851115532983663,-0.0005780252695527161,2
2023-05-22,-0.0005,-0.0113046309623543,1.3187594582009574,0.9739752307315767,-0.0010777362569178272,2
2023-05-23,-0.007754074427414,-0.007254074427414,1.308533699210211,0.9669099419173921,-0.008823453837182577,2
2023-05-24,0.0086083745366001,0.0086083745366001,1.3197980473867754,0.9752334648405793,-0.0002910348959192743,2
2023-05-25,0.0128741646423357,0.0128741646423357,1.3367893447434658,0.9877887810316522,0.0,2
2023-05-26,-0.0005,0.0003710621076847,1.3361209500710942,0.9881553120186891,-0.0004999999999998736,2
2023-05-30,-0.0060555698446021,-0.0055555698446021,1.3280299763371026,0.9826655461654547,-0.006552542059679647,2
2023-05-31,0.00945575004957,0.00945575004957,1.3405874958516826,0.9919573859523194,0.0,2
2023-06-01,0.0143581171965871,0.0143581171965871,1.3598358082294004,1.006200026353843,0.0,2
2023-06-02,-0.0005,-0.0019203895297148,1.3591558903252858,1.0042677303584344,-0.0004999999999999196,2
2023-06-05,0.0016874932768257,0.0021874932768257,1.3614494567523676,1.0064645592667265,0.0,2
2023-06-06,-0.0034779259942748,-0.0034779259942748,1.3567144362968373,1.0029641500137365,-0.0034779259942747634,2
2023-06-07,0.0060239682760221,0.0060239682760221,1.3648872410207107,1.0090059742354067,0.0,2
2023-06-08,0.0018146410176687,0.0018146410176687,1.3673640213927596,1.0108369578633272,0.0,2
2023-06-09,0.0085241374749931,0.0090241374749931,1.379019620289471,1.0199588895358895,0.0,3
2023-06-12,0.006566325332522,0.006566325332522,1.3880747117562227,1.0266562714303802,0.0,3
2023-06-13,-0.0005,0.0011892587563462,1.3873806744003445,1.0278772313909366,-0.0005000000000000214,3
2023-06-14,0.0,0.0123321272773401,1.3873806744003445,1.0405531442339295,-0.0005000000000000214,3
2023-06-15,-0.0,-0.0034103637451909,1.3873806744003445,1.0370044795158897,-0.0005000000000000214,3
2023-06-16,-0.0,-0.0052203404289628,1.3873806744003445,1.0315909631064575,-0.0005000000000000214,3
2023-06-20,-0.0056287034254101,-0.0051287034254101,1.3795715200459995,1.0263002390003513,-0.006125889073697448,3
2023-06-21,0.0036118278975487,0.0036118278975487,1.3845542949487655,1.0300070588348338,-0.0025361868332022808,3
2023-06-22,-0.0075951841884398,-0.0075951841884398,1.3740383500597342,1.02218396550759,-0.010112108215507624,3
2023-06-23,-0.004095274610305,-0.004095274610305,1.3684112856911492,1.0179978414665858,-0.014165970965780964,3
2023-06-26,0.0109074198559383,0.0109074198559383,1.3833371221197868,1.0291015713359006,-0.003413065302833583,3
2023-06-27,0.0004983684469808,0.0004983684469808,1.3840265336929884,1.029614443087793,-0.0029163978199072335,3
2023-06-28,0.0039307668238444,0.0039307668238444,1.3894668192749493,1.0336616173820334,0.0,3
2023-06-29,0.011747151343905,0.011747151343905,1.4057890962883064,1.0458041968398057,0.0,3
2023-06-30,0.0011438310244856,0.0011438310244856,1.4073970814705246,1.0470004201256884,0.0,3
2023-07-03,-0.0005,-0.0014942451007002,1.4066933829297894,1.0454359448774846,-0.0004999999999999228,3
2023-07-05,-0.0,-0.007858079679019,1.4066933829297894,1.0372208259233269,-0.0004999999999999228,3
2023-07-06,-0.0030229614542992,-0.0025229614542992,1.402441003055175,1.034603957759926,-0.0035214499735718714,3
2023-07-07,0.0025229614542992,0.0025229614542992,1.405979307647812,1.0372142236658197,-0.001007373001819223,3
2023-07-10,-0.0005,0.0063381981709994,1.4052763179939882,1.043788292961193,-0.0015068693153182096,3
2023-07-11,0.0,0.0080175696343669,1.4052763179939882,1.0521569382835465,-0.0015068693153182096,3
2023-07-12,0.0,0.0079077384949824,1.4052763179939882,1.060477120207174,-0.0015068693153182096,3
2023-07-13,-0.0,-0.00062202667505,1.4052763179939882,1.059817475150125,-0.0015068693153182096,3
2023-07-14,0.0,0.0034737833568032,1.4052763179939882,1.0634990514565508,-0.0015068693153182096,3
2023-07-17,0.0,0.0073904078465321,1.4052763179939882,1.0713587431912148,-0.0015068693153182096,3
2023-07-18,0.0,0.0022315338525343,1.4052763179939882,1.0737495164948545,-0.0015068693153182096,3
2023-07-19,-0.0,-0.0066638006470027,1.4052763179939882,1.0665942637721173,-0.0015068693153182096,3
2023-07-20,0.0,0.0,1.4052763179939882,1.0665942637721173,-0.0015068693153182096,3
2023-07-21,0.0,0.0044550627139997,1.4052763179939882,1.0713460081076143,-0.0015068693153182096,3
2023-07-24,0.0,0.0027317445507254,1.4052763179939882,1.0742726517272037,-0.0015068693153182096,3
2023-07-25,0.0,0.0001591216488359,1.4052763179939882,1.0744435917628459,-0.0015068693153182096,3
2023-07-26,-0.0,-0.0066592414666916,1.4052763179939882,1.0672886124429577,-0.0015068693153182096,3
2023-07-27,0.0,0.0097457337156587,1.4052763179939882,1.0776901230575817,-0.0015068693153182096,3
2023-07-28,0.0,0.001901614681207,1.4052763179939882,1.0797394744173798,-0.0015068693153182096,3
2023-07-31,-0.0,-0.0028764614467641,1.4052763179939882,1.076633645446669,-0.0015068693153182096,3
2023-08-01,-0.0,-0.0140015763405875,1.4052763179939882,1.0615590772691024,-0.0015068693153182096,3
2023-08-02,-0.0,-0.0028562892291095,1.4052763179939882,1.058526957510635,-0.0015068693153182096,3
2023-08-03,-0.0050314853396161,-0.0045314853396161,1.3982056908018918,1.0537302581210872,-0.006530772864065531,3
2023-08-04,0.0086750422912491,0.0086750422912491,1.4103351843014635,1.0628714126738565,0.0,3
2023-08-07,-0.0043511861727312,-0.0043511861727312,1.4041985533486148,1.0582466612796388,-0.0043511861727311574,3
2023-08-08,-0.0067134543880872,-0.0067134543880872,1.3947715304088908,1.0511421705877924,-0.011035429070913663,3
2023-08-09,-0.0005,0.0003715745514188,1.3940741446436864,1.051532748268306,-0.01152991135637817,3
2023-08-10,-0.0,-0.0006038787780772,1.3940741446436864,1.0508977499571734,-0.01152991135637817,3
2023-08-11,0.0,0.0055142513628328,1.3940741446436864,1.0566926643070726,-0.01152991135637817,3
2023-08-14,-0.0,-0.0117134368917957,1.3940741446436864,1.0443151614696882,-0.01152991135637817,3
2023-08-15,-0.0,-0.0073676393247277,1.3940741446436864,1.0366210240186347,-0.01152991135637817,3
2023-08-16,-0.0,-0.0076596119167643,1.3940741446436864,1.028680909269893,-0.01152991135637817,3
2023-08-17,0.0,0.0004982383817792,1.3940741446436864,1.0291934375814946,-0.01152991135637817,3
2023-08-18,0.0,0.0064781766181348,1.3940741446436864,1.0358607344443729,-0.01152991135637817,3
2023-08-21,-0.0,-0.0027138339507552,1.3940741446436864,1.0330495804149835,-0.01152991135637817,3
2023-08-22,0.0,0.0110685327552977,1.3940741446436864,1.0444839235336534,-0.01152991135637817,3
2023-08-23,-0.0,-0.0139556303898325,1.3940741446436864,1.0299074919486957,-0.01152991135637817,3
2023-08-24,0.0,0.0070374596738846,1.3940741446436864,1.0371554243911163,-0.01152991135637817,3
2023-08-25,0.0,0.0063103532294962,1.3940741446436864,1.0437002414729122,-0.01152991135637817,3
2023-08-28,0.0,0.0143483145078305,1.3940741446436864,1.058675580789464,-0.01152991135637817,3
2023-08-29,0.0,0.004117740833986,1.3940741446436864,1.0630349324584247,-0.01152991135637817,3
2023-08-30,-0.0,-0.0014703182211403,1.3940741446436864,1.0614719328275224,-0.01152991135637817,3
2023-08-31,0.0,0.0018834560084665,1.3940741446436864,1.063471168517225,-0.01152991135637817,3
2023-09-01,-0.0,-0.0043464830923814,1.3940741446436864,1.0588488090640298,-0.01152991135637817,3
2023-09-05,-0.0,-0.0067293604389849,1.3940741446436864,1.0517234337774481,-0.01152991135637817,3
2023-09-06,-0.0,-0.0030907615555332,1.3940741446436864,1.0484728074212755,-0.01152991135637817,3
2023-09-07,0.0010117160853219,0.0015117160853219,1.3954845518799537,1.050057800629277,-0.010529860267837924,3
2023-09-08,-0.0005,0.006555274044526,1.3947868096040137,1.0569412172749941,-0.011024595337704017,3
2023-09-11,-0.0,-0.0055100384810411,1.3947868096040137,1.0511174304956103,-0.011024595337704017,3
2023-09-12,0.0,0.0011832810744807,1.3947868096040137,1.0523611978581726,-0.011024595337704017,3
2023-09-13,0.0,0.0085659067106925,1.3947868096040137,1.0613756257049782,-0.011024595337704017,3
2023-09-14,-0.0,-0.0121199586984938,1.3947868096040137,1.048511796957846,-0.011024595337704017,3
2023-09-15,0.0,0.0006048481085156,1.3947868096040137,1.0491459873349922,-0.011024595337704017,3
2023-09-18,-0.0,-0.0020952654683156,1.3947868096040137,1.0469477479765072,-0.011024595337704017,3
2023-09-19,-0.0,-0.0092246393031168,1.3947868096040137,1.0372900326322136,-0.011024595337704017,3
2023-09-20,-0.0,-0.016673575167295,1.3947868096040137,1.0199946993028346,-0.011024595337704017,3
2023-09-21,-0.0,-0.0022506893255249,1.3947868096040137,1.0176990081210218,-0.011024595337704017,3
2023-09-22,0.0037099282386385004,0.0042099282386385,1.3999613685758443,1.0219834479137448,-0.0073555675566283,3
2023-09-25,-0.0148129481963906,-0.0148129481963906,1.3792238133461823,1.00684486004223,-0.022059558111847486,3
2023-09-26,-0.0005,0.0004117568754965,1.3785342014395092,1.0072594353359106,-0.022548528332791532,3
2023-09-27,0.0,0.0057709416581069,1.3785342014395092,1.0130722707718118,-0.022548528332791532,3
2023-09-28,-0.0,-0.0024347041568859,1.3785342014395092,1.010605739502938,-0.022548528332791532,3
2023-09-29,-0.0,-0.0003862401979217,1.3785342014395092,1.0102154029420916,-0.022548528332791532,3
2023-10-02,-0.0,-0.0134908887483593,1.3785342014395092,0.9965866993291208,-0.022548528332791532,3
2023-10-03,0.006766375148228801,0.0072663751482288,1.387861881001113,1.0038282721541811,-0.01593472498630286,3
2023-10-04,-0.0005,-0.0003888024932338,1.3871679500606124,1.003437981219189,-0.01642675762380968,3
2023-10-05,0.0113150135536317,0.0118150135536317,1.4028637742167118,1.0152936145675224,-0.005297613055333575,3
2023-10-06,0.0063688382685907,0.0063688382685907,1.4117983867075627,1.0217598553938358,0.0,3
2023-10-09,0.0051894993630862,0.0051894993630862,1.4191249135361876,1.027062277512629,0.0,3
2023-10-10,-0.0005,0.0040991918264733,1.4184153510794195,1.0312724028058877,-0.0005000000000000187,3
2023-10-11,-0.0,-0.0061194185412131,1.4184153510794195,1.024961615343116,-0.0005000000000000187,3
2023-10-12,-0.0,-0.0049848055041233,1.4184153510794195,1.0198523810414386,-0.0005000000000000187,3
2023-10-13,0.0,0.0104655713442443,1.4184153510794195,1.0305257188958252,-0.0005000000000000187,3
2023-10-16,-0.0,-4.732383702548215e-05,1.4184153510794195,1.0304769504646536,-0.0005000000000000187,3
2023-10-17,-0.0,-0.0134115089224149,1.4184153510794195,1.016656699649154,-0.0005000000000000187,3
2023-10-18,-0.0,-0.0088403422932929,1.4184153510794195,1.007669106429486,-0.0005000000000000187,3
2023-10-19,-0.0,-0.0123426799689013,1.4184153510794195,0.9952317691342782,-0.0005000000000000187,3
2023-10-20,-0.0022406871526889,-0.0017406871526889,1.4152371260250791,0.9934993819797984,-0.0027395668091125948,3
2023-10-23,0.0075049549818062,0.0075049549818062,1.4258584169444781,1.000955550116009,0.0,3
2023-10-24,-0.0144487433468144,-0.0144487433468144,1.4052565546291522,0.9864930002708133,-0.014448743346814443,3
2023-10-25,-0.0120562753943322,-0.0120562753943322,1.3883143946068528,0.9745995689849674,-0.026330820712255378,3
2023-10-26,-0.0045368603090993,-0.0045368603090993,1.3820158061334098,0.9701779468831742,-0.030748221765959198,3
2023-10-27,0.0118873612181392,0.0118873612181392,1.3984443272300955,0.9817108025836471,-0.019226375766767397,3
2023-10-30,0.0062612343384407,0.0062612343384407,1.4072003148721461,0.987857523971202,-0.01308552227248136,3
2023-10-31,0.0106013262813425,0.0106013262813425,1.4221185045533136,0.9983301239022998,-0.0026229198823112788,3
2023-11-01,0.0189809487273619,0.0189809487273619,1.4491116629724727,1.0172793767970703,0.0,3
2023-11-02,0.0090841438684694,0.0090841438684694,1.4622756018003917,1.026520489010322,0.0,3
2023-11-03,0.0022996418427358,0.0022996418427358,1.4656383119599037,1.0288811184792757,0.0,3
2023-11-06,0.0028376192513612,0.0028376192513612,1.4697972354494537,1.0318006913484346,0.0,3
2023-11-07,0.0007317447717604,0.0007317447717604,1.4708727518920417,1.0325557061098274,0.0,3
2023-11-08,-0.0078171664211959,-0.0078171664211959,1.4593746948060993,1.0244840463160114,-0.007817166421195865,3
2023-11-09,0.0154800391667651,0.0154800391667651,1.4819658722406837,1.0403430994787093,0.0,3
2023-11-10,-0.000960513597174,-0.000960513597174,1.4805424238698488,1.039343835785934,-0.0009605135971739009,3
2023-11-13,0.019221093616922,0.019221093616922,1.5090000684028757,1.059321160953746,0.0,3
2023-11-14,0.0021130488580692,0.0021130488580692,1.5121886592742406,1.0615595583232278,0.0,3
2023-11-15,-0.0005,0.0012152759369192,1.5114325649446037,1.0628496461100647,-0.0004999999999999002,3
2023-11-16,0.0,0.0012595758040467,1.5114325649446037,1.0641883858076446,-0.0004999999999999002,3
2023-11-17,0.0,0.0076606015178229,1.5114325649446037,1.0723407089712123,-0.0004999999999999002,3
2023-11-20,-0.0026827616042287,-0.0021827616042287,1.5073777516919895,1.0700000448450184,-0.0031814202234263927,3
2023-11-21,0.0038620612318393,0.0038620612318393,1.5131993368685364,1.0741324505362808,0.0,3
2023-11-22,-0.0005,0.0006120159315169,1.5124427372001021,1.0747898367085682,-0.000499999999999969,3
2023-11-24,-0.0023144708992673003,-0.0018144708992673,1.5089422324980444,1.0728396618270322,-0.002813313663817598,3
2023-11-27,-0.0005,0.0009983663926007,1.5081877613817953,1.0739107488900494,-0.0033119070069857043,3
2023-11-28,-0.0012032907489538001,-0.0007032907489538,1.5063729730008393,1.073155477395153,-0.0045112125688766035,3
2023-11-29,0.0039185091872782,0.0039185091872782,1.5122757093350105,1.077360646992704,-0.0006103806094953767,3
2023-11-30,0.0059053071288524,0.0059053071288524,1.5212061618621369,1.083722792501735,0.0,3
2023-12-01,-0.0052725387461575,-0.0052725387461575,1.5131855434328252,1.0780088220881756,-0.0052725387461575145,3
2023-12-04,-0.0005,-0.0001807501134608,1.5124289506611088,1.0778139718712716,-0.0057699024767844005,3
2023-12-05,-0.0045528510299697005,-0.0040528510299697,1.5055430869553355,1.0734457524052574,-0.010296484000319817,3
2023-12-06,0.0076166305996897,0.0076166305996897,1.5170102525005906,1.081621792170134,-0.00275827791573625,3
2023-12-07,0.004291225313679,0.004291225313679,1.523520085297232,1.0862632749845216,0.0,3
2023-12-08,-0.0005,0.0038709870115584,1.5227583252545833,1.0904681860131193,-0.0004999999999999942,3
2023-12-11,0.0,0.0045676932392351,1.5227583252545833,1.0954491101739725,-0.0004999999999999942,3
2023-12-12,0.0,0.0136888632134516,1.5227583252545833,1.1104445632004412,-0.0004999999999999942,3
2023-12-13,0.0,0.003196429729153,1.5227583252545833,1.1139940212148312,-0.0004999999999999942,3
2023-12-14,-0.0,-0.0016407253497451,1.5227583252545833,1.1121662629847595,-0.0004999999999999942,3
2023-12-15,0.0,0.0056110621534276,1.5227583252545833,1.1184066970113122,-0.0004999999999999942,3
2023-12-18,0.0,0.0060559545193473,1.5227583252545833,1.1251797171025462,-0.0004999999999999942,3
2023-12-19,-0.0,-0.0139466196063838,1.5227583252545833,1.1094872635992985,-0.0004999999999999942,3
2023-12-20,0.0,0.0094352685290212,1.5227583252545833,1.1199555738608866,-0.0004999999999999942,3
2023-12-21,0.0014979158834864002,0.0019979158834864,1.5250392891366935,1.1221931508907024,0.0,3
2023-12-22,-0.0005,0.0042215621835339,1.5242767694921253,1.1269305590591234,-0.0004999999999998996,3
2023-12-26,0.0013130414411481,0.0018130414411481,1.526278208058248,1.1289737308639938,0.0,3
2023-12-27,0.0003665254506713,0.0003665254506713,1.5268376278663063,1.1293875284694948,0.0,3
2023-12-28,-0.0005,-0.0028927334896619,1.5260742090523731,1.1261205113430846,-0.0005000000000000037,3
2023-12-29,-0.0,-0.005615008302946,1.5260742090523731,1.1197973353217754,-0.0005000000000000037,3
2024-01-02,-0.0,-0.0082080401446125,1.5260742090523731,1.1106059938396242,-0.0005000000000000037,3
2024-01-03,-0.0,-0.0032274027684845,1.5260742090523731,1.1070216209804107,-0.0005000000000000037,3
2024-01-04,0.0,0.0013844482548847,1.5260742090523731,1.1085542351316966,-0.0005000000000000037,3
2024-01-05,0.0,0.0141731908972097,1.5260742090523731,1.1242659859261286,-0.0005000000000000037,3
2024-01-08,-0.0,-0.0015167276265245,1.5260742090523731,1.1225607806457125,-0.0005000000000000037,3
2024-01-09,0.0051435632787267,0.0056435632787267,1.5339236683146669,1.1288960234455034,0.0,3
2024-01-10,-0.0005,-0.0004529034422593,1.5331567064805096,1.128384742550532,-0.0004999999999999481,3
2024-01-11,0.00019005674141850002,0.0006900567414185,1.5334480932482273,1.129163392049043,-0.00031003828695211393,3
2024-01-12,-0.0005,-0.003671393204783,1.5326813692016032,1.1250177892443842,-0.0008098832678085862,3
2024-01-16,-0.0,-0.0055760008219059,1.5326813692016032,1.1187446891268988,-0.0008098832678085862,3
2024-01-17,0.0,0.0088592957035768,1.5326813692016032,1.1286559791446802,-0.0008098832678085862,3
2024-01-18,0.0,0.0123876423346223,1.5326813692016032,1.1426373657331574,-0.0008098832678085862,3
2024-01-19,0.0,0.0021064509847413,1.5326813692016032,1.1450442753374082,-0.0008098832678085862,3
2024-01-22,0.0024076883156415,0.0029076883156415,1.5363715882258313,1.148373707197699,0.0,3
2024-01-23,0.001101438335495,0.001101438335495,1.5380638067906687,1.149638570022281,0.0,3
2024-01-24,-0.0005,0.0054259034638191,1.5372947748872734,1.155876397921505,-0.0004999999999999638,3
2024-01-25,-0.0,-0.0012851982764928,1.5372947748872734,1.1543908675670576,-0.0004999999999999638,3
2024-01-26,0.0,0.0078957172968155,1.5372947748872734,1.1635056115073925,-0.0004999999999999638,3
2024-01-29,-0.0012742124867528,-0.0007742124867528,1.5353359346892923,1.1626048109345566,-0.001773575380509319,3
2024-01-30,-0.0005,-0.0164410393584274,1.5345682667219478,1.1434903794796845,-0.0022726885928189755,3
2024-01-31,0.0,0.0130021598947979,1.5345682667219478,1.1583582242318424,-0.0022726885928189755,3
2024-02-01,0.0,0.0104684554533469,1.5345682667219478,1.1704844457012316,-0.0022726885928189755,3
2024-02-02,-0.0,-0.003644205067938,1.5345682667219478,1.1662189603522646,-0.0022726885928189755,3
2024-02-05,0.0,0.0028956242174437,1.5345682667219478,1.1695958922167025,-0.0022726885928189755,3
2024-02-06,0.0,0.0083068827802229,1.5345682667219478,1.1793115881935767,-0.0022726885928189755,3
2024-02-07,0.0,0.0004331281198795,1.5345682667219478,1.1798223812045232,-0.0022726885928189755,3
2024-02-08,0.0,0.0057571866636687,1.5345682667219478,1.1866148388830917,-0.0022726885928189755,3
2024-02-09,-0.0,-0.0004306411492897,1.5345682667219478,1.1861038337051109,-0.0022726885928189755,3
2024-02-12,-0.0,-0.0138585610728273,1.5345682667219478,1.169666141286994,-0.0022726885928189755,3
2024-02-13,0.0,0.0090267895186933,1.5345682667219478,1.1802244713515337,-0.0022726885928189755,3
2024-02-14,0.0,0.0068807846470592,1.5345682667219478,1.1883453417740928,-0.0022726885928189755,3
2024-02-15,-0.0,-0.0049864157082585,1.5345682667219478,1.1824197578950346,-0.0022726885928189755,3
2024-02-16,-0.0,-0.0055284089894208,1.5345682667219478,1.175882857876219,-0.0022726885928189755,3
2024-02-20,0.0,0.0009097488480242,1.5345682667219478,1.1769526159515835,-0.0022726885928189755,3
2024-02-21,0.0,0.0204965447308391,1.5345682667219478,1.2010760778905134,-0.0022726885928189755,3
2024-02-22,0.0,0.0006881755523991,1.5345682667219478,1.201902629083889,-0.0022726885928189755,3
2024-02-23,-0.0,-0.0036689850107638,1.5345682667219478,1.1974928663533826,-0.0022726885928189755,3
2024-02-26,0.0,0.0018463104407919,1.5345682667219478,1.1997038099353048,-0.0022726885928189755,3
2024-02-27,-0.0,-0.0013184452371837,1.5345682667219478,1.1981220661610643,-0.0022726885928189755,3
2024-02-28,0.0,0.0035861576427161,1.5345682667219478,1.2024187207655346,-0.0022726885928189755,3
2024-02-29,0.0,0.0093404064939221,1.5345682667219478,1.2136498003933867,-0.0022726885928189755,3
2024-03-01,-0.0,-0.0010624969675932,1.5345682667219478,1.2123603011607487,-0.0022726885928189755,3
2024-03-04,-0.0,-0.0100592504560662,1.5345682667219478,1.200164865248381,-0.0022726885928189755,3
2024-03-05,0.0,0.0050523530131579,1.5345682667219478,1.206228521821605,-0.0022726885928189755,3
2024-03-06,0.0,0.0098890552854442,1.5345682667219478,1.2181569823607785,-0.0022726885928189755,3
2024-03-07,-0.0,-0.0060261045831093,1.5345682667219478,1.2108162409864276,-0.0022726885928189755,3
2024-03-08,-0.0,-0.0008638441599915,1.5345682667219478,1.2097702844478286,-0.0022726885928189755,3
2024-03-11,0.0,0.0107149593832166,1.5345682667219478,1.2227329239087095,-0.0022726885928189755,3
2024-03-12,-0.0,-0.0015720614152509,1.5345682667219478,1.2208107126578758,-0.0022726885928189755,3
2024-03-13,-0.0,-0.0019735471434973,1.5345682667219478,1.218401385163159,-0.0022726885928189755,3
2024-03-14,-0.0,-0.0069081099287349,1.5345682667219478,1.209984534457129,-0.0022726885928189755,3
2024-03-15,0.0,0.0059298609163144,1.5345682667219478,1.2171595744573511,-0.0022726885928189755,3
2024-03-18,0.0,0.0055374215273684,1.5345682667219478,1.223899500087194,-0.0022726885928189755,3
2024-03-19,0.0,0.0092139215597043,1.5345682667219478,1.2351764140779586,-0.0022726885928189755,3
2024-03-20,0.0,0.0033010463630887,1.5345682667219478,1.2392537886874235,-0.0022726885928189755,3
2024-03-21,-0.0,-0.0019046315780607,1.5345682667219478,1.236893466788258,-0.0022726885928189755,3
2024-03-22,-0.0,-0.0027553648607309,1.5345682667219478,1.233485373993402,-0.0022726885928189755,3
2024-03-25,-0.0023542999414979003,-0.0018542999414979,1.5309554327413797,1.2311981221365675,-0.00462163794369582,3
2024-03-26,0.0083761475977056,0.0083761475977056,1.5437789414115306,1.2415108193296014,0.0,3
2024-03-27,-0.0001958211767277,-0.0001958211767277,1.543476636802616,1.24126770522004,-0.00019582117672764296,3
2024-03-28,-0.0005,-0.0017444998788845,1.5427048984842149,1.2391023138586206,-0.0006957232661391836,3
2024-04-01,-0.006876593608565001,-0.006376593608565,1.5320963438393964,1.2312010619637115,-0.0075675326685389205,3
2024-04-02,0.0011050379007934,0.0011050379007934,1.5337893683670059,1.2325615858006784,-0.006470857178159805,3
2024-04-03,-0.0005,-0.0122829971418492,1.5330224736828224,1.2174220353651355,-0.0069676217495706905,3
2024-04-04,0.0,0.010387898167745,1.5330224736828224,1.2300684914956774,-0.0069676217495706905,3
2024-04-05,0.0,0.000553108285045,1.5330224736828224,1.2307488525694965,-0.0069676217495706905,3
2024-04-08,0.0,0.0011644776463152,1.5330224736828224,1.2321820320965418,-0.0069676217495706905,3
2024-04-09,-0.0,-0.0100710577237625,1.5330224736828224,1.2197726557251145,-0.0069676217495706905,3
2024-04-10,0.0,0.0075232353250082,1.5330224736828224,1.2289492924571446,-0.0069676217495706905,3
2024-04-11,-0.0,-0.0138996224010295,1.5330224736828224,1.211867361341978,-0.0069676217495706905,3
2024-04-12,-0.0,-0.0126120344360634,1.5330224736828224,1.1965832484487917,-0.0069676217495706905,3
2024-04-15,-0.0,-0.0018293059838146,1.5330224736828224,1.194394331552272,-0.0069676217495706905,3
2024-04-16,-0.0,-0.0059172977653319,1.5330224736828224,1.1873267446432527,-0.0069676217495706905,3
2024-04-17,-0.0025691004749349,-0.0020691004749349,1.5290839849175981,1.1848700463120085,-0.00951882170415952,3
2024-04-18,-0.0087745156172379,-0.0087745156172379,1.5156670136118704,1.1744733855862466,-0.018209814271696503,3
2024-04-19,0.0091640794132355,0.0091640794132355,1.529556706488631,1.1852363529604906,-0.009212611042547097,3
2024-04-22,0.0117992463539174,0.0117992463539174,1.547604322880777,1.19922124867669,0.0,3
2024-04-23,-0.0004660634943886,-0.0004660634943886,1.5468830410021244,1.1986623354309867,-0.0004660634943885322,3
2024-04-24,-0.0037973829506531,-0.0037973829506531,1.5410089337155684,1.194110555514831,-0.004261676623474204,3
2024-04-25,0.0094161700919329,0.0094161700919329,1.5555193359486221,1.205354503614131,0.0,3
2024-04-26,-0.0005,0.0035409661978333,1.5547415762806478,1.209622623167835,-0.0005000000000000131,3
2024-04-29,-0.0,-0.0159728078296465,1.5547415762806478,1.1903015534615824,-0.0005000000000000131,3
2024-04-30,-0.0,-0.0032499747555044,1.5547415762806478,1.1864331034613946,-0.0005000000000000131,3
2024-05-01,0.0088128188478111,0.0093128188478111,1.5684432321475694,1.197482140028977,0.0,3
2024-05-02,-0.0005,0.0123170899898986,1.5676590105314958,1.2122316353090101,-0.0004999999999998889,3
2024-05-03,0.0097652911108816,0.0102652911108816,1.5829676571319324,1.224675545939277,0.0,3
2024-05-06,0.00110990002475,0.00110990002475,1.5847245929737617,1.2260348133580259,0.0,3
2024-05-07,-0.0005,9.903833782151846e-05,1.583932230677275,1.2261562378080522,-0.0004999999999998954,3
2024-05-08,0.0,0.0057471990082505,1.583932230677275,1.2332032017219428,-0.0004999999999998954,3
2024-05-09,0.0,0.0012792381422336,1.583932230677275,1.23478076229471,-0.0004999999999998954,3
2024-05-10,-0.00036233344783800003,0.000137666552162,1.583358319050992,1.234950750304931,-0.0008621522811139966,3
2024-05-13,-0.0005,0.0045715486494312,1.5825666398914664,1.2405963877396016,-0.0013617212049734382,3
2024-05-14,0.0,0.0123152109469355,1.5825666398914664,1.255874593954621,-0.0013617212049734382,3
2024-05-15,-0.0,-0.0020517195181243,1.5825666398914664,1.2532978915378878,-0.0013617212049734382,3
2024-05-16,0.0,0.0014327759576212,1.5825666398914664,1.2550935866246207,-0.0013617212049734382,3
2024-05-17,0.0,0.0011408793742482,1.5825666398914664,1.2565254970103519,-0.0013617212049734382,3
2024-05-20,0.0,0.0024513837494228,1.5825666398914664,1.2596057231944586,-0.0013617212049734382,3
2024-05-21,-0.0,-0.0028766442278709,1.5825666398914664,1.255982285661438,-0.0013617212049734382,3
2024-05-22,-0.0,-0.0073351385487472,1.5825666398914664,1.246769481581339,-0.0013617212049734382,3
2024-05-23,0.0,0.0066001714924728,1.5825666398914664,1.2549983739713573,-0.0013617212049734382,3
2024-05-24,0.0,0.0006962980436829,1.5825666398914664,1.2558722268839788,-0.0013617212049734382,3
2024-05-28,-0.0,-0.0070238360901328,1.5825666398914664,1.2470511862121956,-0.0013617212049734382,3
2024-05-29,-0.0,-0.0066618072990778,1.5825666398914664,1.2387435715175634,-0.0013617212049734382,3
2024-05-30,0.0,0.0090733214976865,1.5825666398914664,1.2499830901951348,-0.0013617212049734382,3
2024-05-31,0.0,0.0008154865217086,1.5825666398914664,1.2510024345575528,-0.0013617212049734382,3
2024-06-03,0.0,0.0011056690908662,1.5825666398914664,1.2523856292820414,-0.0013617212049734382,3
2024-06-04,0.0,0.0118141581287509,1.5825666398914664,1.2671815111445548,-0.0013617212049734382,3
2024-06-05,-0.0,-1.9159473881679164e-05,1.5825666398914664,1.2671572326134888,-0.0013617212049734382,3
2024-06-06,-0.0,-0.0012077874995626,1.5825666398914664,1.2656267759479578,-0.0013617212049734382,3
2024-06-07,0.0,0.0030836733526708,1.5825666398914664,1.2695295555113753,-0.0013617212049734382,3
2024-06-10,0.0,0.0024066940600114,1.5825666398914664,1.2725849247516334,-0.0013617212049734382,3
2024-06-11,0.0076699800847633,0.0081699800847633,1.5947048945022446,1.2829819182430242,0.0,4
2024-06-12,0.0020226658817903,0.0020226658817903,1.5979304496838784,1.2855769619960082,0.0,4
2024-06-13,-0.0005,0.0006041155554695,1.5971314844590365,1.2863535990365031,-0.0004999999999999803,4
2024-06-14,0.007432819764704399,0.0079328197647044,1.6090026749235553,1.2965580102913385,0.0,4
2024-06-17,0.0025245219156175,0.0025245219156175,1.6130646374386872,1.2998311994031886,0.0,4
2024-06-18,-0.0005,-0.0027117773138016,1.612258105119968,1.2963063466448754,-0.000499999999999904,4
2024-06-20,-0.0018492749695149,-0.0013492749695149,1.6092765965617721,1.2945572729385242,-0.0023483503320300596,4
2024-06-21,-0.0005,-0.0032494698903322,1.6084719582634914,1.2903506480588,-0.0028471761568639306,4
2024-06-24,0.0033493724241647,0.0038493724241647,1.6138593298855413,1.2953176882609405,0.0,4
2024-06-25,0.0012361635557407,0.0012361635557407,1.615854323973238,1.296918912780275,0.0,4
2024-06-26,0.0015897808516068,0.0015897808516068,1.6184231782364766,1.2989807296338998,0.0,4
2024-06-27,-0.0039510570372866,-0.0039510570372866,1.6120286959487977,1.29384838268078,-0.003951057037286563,4
2024-06-28,0.0020617404638056,0.0020617404638056,1.6153522807400513,1.2965159622453826,-0.0018974626276494176,4
2024-07-01,0.0066993485924335,0.0066993485924335,1.6261740887683116,1.305201774632119,0.0,4
2024-07-02,0.0044537717208514,0.0044537717208514,1.6334166969380493,1.3110148453859807,0.0,4
2024-07-03,-0.0005,0.0057419959286484,1.6325999885895803,1.3185426872905845,-0.0004999999999999357,4
2024-07-05,0.0006591644275333001,0.0011591644275333,1.63367614042645,1.320071095069876,0.0,4
2024-07-08,-0.0005,0.0009741304818474,1.6328593023562368,1.3213570165617892,-0.0004999999999999572,4
2024-07-09,0.0,0.0098531969755055,1.6328593023562368,1.334376607520939,-0.0004999999999999572,4
2024-07-10,-0.0,-0.0086598027292374,1.6328593023562368,1.3228211693332985,-0.0004999999999999572,4
2024-07-11,0.0057739708822259,0.0062739708822259,1.6422873844228134,1.3311205108320876,0.0,4
2024-07-12,-0.0005,0.002749580646104,1.641466240730602,1.3347805340263035,-0.0005000000000000102,4
2024-07-15,0.0,0.0059105255828611,1.641466240730602,1.3426697885201708,-0.0005000000000000102,4
2024-07-16,-0.014608714592651001,-0.014108714592651,1.617486528906297,1.3237264436817646,-0.015101410235354626,4
2024-07-17,-0.0005,-0.0077115290728934,1.616677785641844,1.3135184887267548,-0.015593859530236868,4
2024-07-18,-0.007173488480164299,-0.0066734884801643,1.6050805661704046,1.304752738223754,-0.022655485638699728,4
2024-07-19,0.0102513758128696,0.0102513758128696,1.621534850264151,1.3181282488861563,-0.012636359723335544,4
2024-07-22,-0.0015660556110303,-0.0015660556110303,1.6189954365134136,1.3160639867459307,-0.014182626092318084,4
2024-07-23,-0.022921769319268,-0.022921769319268,1.5818851965887055,1.2858974716323444,-0.036779304527956545,4
2024-07-24,-0.0052206598988287,-0.0052206598988287,1.573626711978324,1.2791842382681882,-0.04180795218652937,4
2024-07-25,0.0111459064842758,0.0111459064842758,1.5911662081511928,1.293441906164085,-0.031128033227623732,4
2024-07-26,0.0005812264040406,0.0005812264040406,1.5920910359645875,1.29419368875204,-0.030564899258400873,4
2024-07-29,-0.0050736729404369,-0.0050736729404369,1.5840132867567018,1.2876273732537344,-0.03548349589654321,4
2024-07-30,0.0161088847434984,0.0161088847434984,1.6095299742252358,1.3083696142020524,-0.01994621069873851,4
2024-07-31,-0.0005,-0.0142643519412123,1.6087252092381232,1.2897065695558863,-0.020436237593389115,4
2024-08-01,-0.0,-0.0187918368634116,1.6087252092381232,1.2654706140991219,-0.020436237593389115,4
2024-08-02,-0.0,-0.0295574609636303,1.6087252092381232,1.228066515822266,-0.020436237593389115,4
2024-08-05,0.0,0.0091940218978619,1.6087252092381232,1.2393573862607667,-0.020436237593389115,4
2024-08-06,-0.0,-0.0067103811037093,1.6087252092381232,1.23104082587526,-0.020436237593389115,4
2024-08-07,0.0,0.0228494624214054,1.6087252092381232,1.2591694469653127,-0.020436237593389115,4
2024-08-08,0.0,0.0043967930134273,1.6087252092381232,1.264705754392451,-0.020436237593389115,4
2024-08-09,0.0,0.0005362751986333,1.6087252092381232,1.2653839847221005,-0.020436237593389115,4
2024-08-12,0.0157951093980285,0.0162951093980285,1.6341351999094056,1.2860035551836604,-0.004963920803832352,4
2024-08-13,0.0031597979946678,0.0031597979946678,1.6392987370370955,1.2900670666384655,-0.0018198077961661268,4
2024-08-14,0.01699958082786,0.01699958082786,1.6671661284183665,1.3119976660111463,0.0,4
2024-08-15,0.0022314234116318,0.0022314234116318,1.670886281948399,1.3149252883190898,0.0,4
2024-08-16,-0.0005,0.0095150638585239,1.6700508388074249,1.327436886406634,-0.0004999999999999148,4
2024-08-19,-0.0,-0.0016252594404887,1.6700508388074249,1.3252794570753486,-0.0004999999999999148,4
2024-08-20,0.0029300343791356,0.0034300343791356,1.6749441451800349,1.3298252111750792,0.0,4
2024-08-21,-0.0078810395386601,-0.0078810395386601,1.6617438441468237,1.3193448061063013,-0.007881039538660118,4
2024-08-22,0.0105730270496127,0.0105730270496127,1.6793135067605156,1.3332942744290293,0.0,4
2024-08-23,-0.0023824040802986,-0.0023824040802986,1.675312703409909,1.3301178287093909,-0.0023824040802985433,4
2024-08-26,0.001364666278,0.001364666278,1.6775989461613574,1.331932995655997,-0.001020988988807502,4
2024-08-27,-0.0058173096315138,-0.0058173096315138,1.6678398336540354,1.3241847290118365,-0.006832359211243109,4
2024-08-28,-0.0005,9.14419481431381e-05,1.6670059137372084,1.3243058150431586,-0.007328943031637489,4
2024-08-29,0.009000826794176799,0.0095008267941768,1.6820103452316255,1.3368878152144046,0.0,4
2024-08-30,-0.0005,-0.0207929008042123,1.6811693400590098,1.3090900394862914,-0.0004999999999999691,4
2024-09-03,-0.0,-0.0020550805659065,1.6811693400590098,1.3063997539871213,-0.0004999999999999691,4
2024-09-04,-0.002930811250473,-0.002430811250473,1.6762421500432145,1.3032241427675142,-0.0034293458448477385,4
2024-09-05,-0.0169752825584464,-0.0169752825584464,1.6477874659098533,1.2811015447070466,-0.020346414288587213,4
2024-09-06,0.0111245885693519,0.0111245885693519,1.6661184235178352,1.2953532723074737,-0.009448171207057494,4
2024-09-09,0.0043633178178125,0.0043633178178125,1.6733882277217562,1.3010053103208945,-0.005126078763018528,4
2024-09-10,0.0101997311609248,0.0101997311609248,1.6904563377723745,1.3142752147251031,0.0,4
2024-09-11,0.0083814485937915,0.0083814485937915,1.7046248106674626,1.3252907448754156,0.0,4
2024-09-12,0.0052097682364526,0.0052097682364526,1.7135055108611472,1.3321952025021324,0.0,4
2024-09-13,-0.0005,0.0014887168922963,1.7126487581057168,1.3341784640039336,-0.0004999999999998993,4
2024-09-16,0.0,0.0003990350659662,1.7126487581057168,1.334710847995328,-0.0004999999999998993,4
2024-09-17,-0.0,-0.0029784628462512,1.7126487581057168,1.3307354613240854,-0.0004999999999998993,4
2024-09-18,0.0,0.0169347323390016,1.7126487581057168,1.3532711101756267,-0.0004999999999998993,4
2024-09-19,-0.0022361581579751003,-0.0017361581579751,1.7088190046135328,1.3509216174977432,-0.0027350400788960353,4
2024-09-20,0.0024869626265659,0.0024869626265659,1.7130687736135723,1.3542813090718802,-0.0002548793947883956,4
2024-09-23,0.0028728729732981,0.0028728729732981,1.7179902025946876,1.3581719872429554,0.0,4
2024-09-24,-0.0022119167063255,-0.0022119167063255,1.714190151364265,1.3551678239343095,-0.0022119167063254282,4
2024-09-25,0.0039565896667212,0.0039565896667212,1.7209724984039483,1.3605296669431612,0.0,4
2024-09-26,-0.0014596204019004,-0.0014596204019004,1.7184605318341684,1.3585438100839002,-0.001459620401900409,4
2024-09-27,0.0039999697779645,0.0039999697779645,1.7253343220261297,1.3639779442662765,0.0,4
2024-09-30,-0.0090001587735925,-0.0090001587735925,1.709806039190366,1.3517019262042016,-0.009000158773592469,4
2024-10-01,0.0004295686480948,0.0004295686480948,1.7105405182591253,1.3522825749732683,-0.008574456311534672,4
2024-10-02,-0.0018269425296093,-0.0018269425296093,1.7074154590376978,1.349812032425,-0.010385733802240185,4
2024-10-03,0.0090482204219825,0.0090482204219825,1.722864530462971,1.3620254292226255,-0.0014314857889445184,4
2024-10-04,-0.0090840762100068,-0.0090840762100068,1.7072138977687277,1.3496526864235998,-0.010502558272951105,4
2024-10-07,-0.0005,0.0094038147376703,1.7063602908198434,1.3623445702469263,-0.010997306993814565,4
2024-10-08,0.0064026822748144,0.0069026822748144,1.7172855736083228,1.3717484019641595,-0.004665036981560145,4
2024-10-09,-0.0017477120900972,-0.0017477120900972,1.7142842528491782,1.3693509806974753,-0.0064045959301238286,4
2024-10-10,0.0059719549288624,0.0059719549288624,1.724521881142452,1.377528683035994,-0.0004708889594936701,4
2024-10-11,0.0081514585139855,0.0081514585139855,1.738579249713045,1.388757550947587,0.0,4
2024-10-14,-0.0078002424246785,-0.0078002424246785,1.7250179100907677,1.377924905381093,-0.007800242424678464,4
2024-10-15,0.0043273804575793,0.0043273804575793,1.7324827188838685,1.3838877106886507,-0.003506616583732226,4
2024-10-16,8.740571114493029e-05,8.740571114493029e-05,1.7326341477679588,1.384008670378148,-0.003419517370903562,4
2024-10-17,0.0038383074846499,0.0038383074846499,1.7392845303854967,1.389320921216481,0.0,4
2024-10-18,-0.0016382018302953,-0.0016382018302953,1.736435231284415,1.3870449331404766,-0.0016382018302952767,4
2024-10-21,-0.0005408470494294,-0.0005408470494294,1.7354960854130494,1.3862947539809616,-0.0021781628630984035,4
2024-10-22,-0.0091689880709428,-0.0091689880709428,1.7195833425087292,1.3735838339188995,-0.011327179384732902,4
2024-10-23,0.002163950844864,0.002163950844864,1.7233044363355652,1.3765562018168,-0.009187739999268354,4
2024-10-24,-0.0003515432785973,-0.0003515432785973,1.7226986202439944,1.37607228273644,-0.009536053389623444,4
2024-10-25,0.0030893477265166,0.0030893477265166,1.7280206353099186,1.3803234485146343,-0.0064761658479659924,4
2024-10-28,0.0016110958934543,0.0016110958934543,1.7308046422592707,1.3825472819541749,-0.004875503678714678,4
2024-10-29,-0.0030317126097701,-0.0030317126097701,1.7255573400002846,1.378355795925871,-0.007892435162503042,4
2024-10-30,-0.0005,-0.0197991171140187,1.7246945613302846,1.351065568097548,-0.008388488944921682,4
2024-10-31,0.0,0.0042159482217933,1.7246945613302846,1.3567615905768953,-0.008388488944921682,4
2024-11-01,-0.0026593462540055,-0.0021593462540055,1.7201080013093073,1.3538318725187046,-0.011025527302274735,4
2024-11-04,0.0120221288673314,0.0120221288673314,1.7407873613667757,1.370107813754825,0.0,4
2024-11-05,-0.0005,0.0245668906578427,1.7399169676860924,1.4037671026047958,-0.0004999999999999566,4
2024-11-06,0.0,0.0077034977901522,1.7399169676860924,1.4145810193776003,-0.0004999999999999566,4
2024-11-07,0.0,0.0043147253418132,1.7399169676860924,1.4206845479499568,-0.0004999999999999566,4
2024-11-08,0.0,0.0009525268193107,1.7399169676860924,1.4220377880836594,-0.0004999999999999566,4
2024-11-11,-0.0,-0.0031160895334841,1.7399169676860924,1.4176065910159932,-0.0004999999999999566,4
2024-11-12,-5.5455521977000296e-06,0.0004944544478023,1.7399073188857284,1.4183075329001549,-0.0005055427794215916,4
2024-11-13,-0.0064470566093791,-0.0064470566093791,1.7286900379057992,1.4091636239460388,-0.0069493401258832,4
2024-11-14,-0.0005,-0.0128985030793634,1.7278256928868465,1.390987522603244,-0.007445865455820154,4
2024-11-15,0.0035930354233403004,0.0040930354233403,1.7340338318067463,1.3966808838066835,-0.0038795832908201217,4
2024-11-18,0.0036453199784663,0.0036453199784663,1.7403549399771678,1.401772232535966,-0.00024840563483201496,4
2024-11-19,0.0003448394806406,0.0003448394806406,1.7409550830708,1.4022556189446103,0.0,4
2024-11-20,0.0053470087076975,0.0053470087076975,1.7502639850596897,1.4097534919495247,0.0,4
2024-11-21,0.0030988134608216,0.0030988134608216,1.755687726656584,1.414122055046818,0.0,4
2024-11-22,0.0033789004655359,0.0033789004655359,1.7616200207335195,1.4189002327169402,0.0,4
2024-11-25,0.005216531374365,0.005216531374365,1.7708095668413855,1.426301970298002,0.0,4
2024-11-26,-0.0030382520337663,-0.0030382520337663,1.7654294010735168,1.4219685054359792,-0.0030382520337663256,4
2024-11-27,0.0061855692617073,0.0061855692617073,1.7763495869105113,1.4307641901143198,0.0,4
2024-11-29,0.0018060753164488,0.0018060753164488,1.7795578080528145,1.433348258001744,0.0,4
2024-12-02,0.0004552236997253,0.0004552236997253,1.7803679049420713,1.4340007520987463,0.0,4
2024-12-03,0.0061839582707435,0.0061839582707435,1.791377625772804,1.4428685529099397,0.0,4
2024-12-04,-0.0016430826578987,-0.0016430826578987,1.788434244262149,1.440497800613026,-0.0016430826578986686,4
2024-12-05,0.0018943368363213,0.0018943368363213,1.7918221411303934,1.4432265886593671,0.0,4
2024-12-06,-0.0051549535272663,-0.0051549535272663,1.7825853812637396,1.435786822665513,-0.005154953527266226,4
2024-12-09,-0.0031192855999267,-0.0031192855999267,1.7770249883533238,1.431308193505008,-0.008258159354887,4
2024-12-10,0.007704639004574,0.007704639004574,1.7907163243906936,1.4423359064402532,-0.0006171464869845647,4
2024-12-11,-0.005174742730187,-0.005174742730187,1.7814498281092257,1.4348721891939138,-0.005788695642874576,4
2024-12-12,-0.0005,-0.0001853084126898,1.780559103195171,1.4346062953061216,-0.006285801295053141,4
2024-12-13,0.0037534297459291,0.0042534297459291,1.7872423066974887,1.4407082923962737,-0.0025559648626818595,4
2024-12-16,-0.0041355022375164,-0.0041355022375164,1.7798511621391573,1.4347502400294605,-0.006680896901789635,4
2024-12-17,-0.030253258474941,-0.030253258474941,1.7260048648840374,1.3913443701708657,-0.03673203647591628,4
2024-12-18,-0.0005,-0.00031258683222,1.7251418624515955,1.3909094542416667,-0.03721367045767824,4
2024-12-19,0.0114474496540112,0.0119474496540112,1.744890337068037,1.4075272749195074,-0.02619222242267237,4
2024-12-20,0.0059718014969026,0.0059718014969026,1.7553104757948708,1.415932748406803,-0.020376835678840757,4
2024-12-23,0.0110449618351783,0.0110449618351783,1.7746978130089137,1.4315716715741351,-0.009556935216056982,4
2024-12-24,6.748890653672167e-05,6.748890653672167e-05,1.7748175854237467,1.4316682867808785,-0.009490091296627902,4
2024-12-26,-0.0105837247032856,-0.0105837247032856,1.7560334047010717,1.416515903767165,-0.01997337548622092,4
2024-12-27,-0.0114727946508658,-0.0114727946508658,1.7358867940488756,1.4002645076835587,-0.031217019701648682,4
2024-12-30,-0.003645949867974,-0.003645949867974,1.7295578378212955,1.3951592134866413,-0.03474915388076281,4
2024-12-31,-0.0005,-0.0024611770604398,1.728693058902385,1.3917254796347467,-0.03523177930382232,4
2025-01-02,0.0119343032236367,0.0124343032236367,1.7493238060479221,1.4090306162525863,-0.023717942817505673,4
2025-01-03,0.0057422313164313,0.0057422313164313,1.7593688279895892,1.4171215959830423,-0.018111905415082473,4
2025-01-06,-0.0113624927482111,-0.0113624927482111,1.7393780124401288,1.4010195621253516,-0.02926860176935841,4
2025-01-07,0.0014467545280253,0.0014467545280253,1.7418944654555741,1.4030464935207083,-0.02786419172347193,4
2025-01-08,-0.0005,-0.0153837180856462,1.7410235182228464,1.3814624218033313,-0.028350259627610168,4
2025-01-10,0.0010543003976136,0.0015543003976136,1.7428590800103634,1.3836096293948283,-0.0273258489199944,4
2025-01-13,-0.0005,0.0013776388754708,1.7419876504703582,1.3855157438087582,-0.027812185995534408,4
2025-01-14,0.0175297081644307,0.0180297081644307,1.772524185609146,1.4104961883268543,-0.010770017335020204,4
2025-01-15,-0.0019358768455509,-0.0019358768455509,1.7690927970800465,1.4077656414151347,-0.01268504475338595,4
2025-01-16,0.009998718299097,0.009998718299097,1.7867814576030117,1.4218414934947923,-0.002813160643389394,4
2025-01-17,-0.0005,0.0091093319673932,1.7858880668742103,1.4347935196640504,-0.0033117540630676107,4
2025-01-21,0.0051033833930228,0.0056033833930228,1.7950021383764936,1.4428332178445529,0.0,4
2025-01-22,0.0054390577386352,0.0054390577386352,1.804765258648097,1.45068087102363,0.0,4
2025-01-23,-0.0005,-0.0029160612207138,1.803862876018773,1.446450596792007,-0.0004999999999999517,4
2025-01-24,-0.014752102551827,-0.014252102551827,1.7772521058823103,1.425835634550376,-0.01524472650055109,4
2025-01-27,-0.0005,0.0085621867741484,1.7763634798293693,1.4380439055626326,-0.015737104137300752,4
2025-01-28,-0.004991063283088799,-0.0044910632830888,1.767497537287773,1.4315855593788906,-0.02064962253774773,4
2025-01-29,-0.0005,0.0053466173064719,1.7666137885191293,1.439239699506361,-0.021139297726478767,4
2025-01-30,-0.0,-0.0053297591593503,1.7666137885191293,1.4315688985354165,-0.021139297726478767,4
2025-01-31,-0.0,-0.0067660401220498,1.7666137885191293,1.4218828459304471,-0.021139297726478767,4
2025-02-03,0.0,0.0066986058283141,1.7666137885191293,1.4314074786493767,-0.021139297726478767,4
2025-02-04,0.0,0.0040380302197975,1.7666137885191293,1.4371875453050071,-0.021139297726478767,4
2025-02-05,0.0,0.0034697521338252,1.7666137885191293,1.4421742298570361,-0.021139297726478767,4
2025-02-06,-0.0,-0.009195119293231,1.7666137885191293,1.428913265771877,-0.021139297726478767,4
2025-02-07,0.0062658801254344,0.0067658801254344,1.77768317874593,1.4385811216377327,-0.015005873906534205,4
2025-02-10,0.0007712944715028,0.0007712944715028,1.7790542959537803,1.4396906913036602,-0.014246153382615546,4
2025-02-11,-0.0005,-0.0032400790518933,1.7781647688058035,1.4350259796535616,-0.014739030305924158,4
2025-02-12,0.0100045793987227,0.0105045793987227,1.7959545594193325,1.4501003239960621,-0.00488190870615733,4
2025-02-13,-4.991971247281969e-05,-4.991971247281969e-05,1.795864905884112,1.4500279354048315,-0.00493158471515118,4
2025-02-14,-0.0005,0.002941007544933,1.7949669734311702,1.4542924785032207,-0.005429118922793515,4
2025-02-18,0.0018532152118474,0.0023532152118474,1.7982934335310965,1.45771474168611,-0.003585965036720772,4
2025-02-19,-0.0005,-0.0041799423916894,1.797394286814331,1.4516215780423458,-0.004084172054202322,4
2025-02-20,-0.0,-0.0172517795569411,1.797394286814331,1.4265785225778602,-0.004084172054202322,4
2025-02-21,-0.0,-0.0045594458504836,1.797394286814331,1.4200741150527036,-0.004084172054202322,4
2025-02-24,-0.0,-0.0049729316694077,1.797394286814331,1.413012183513052,-0.004084172054202322,4
2025-02-25,0.0,0.0004949945907696,1.797394286814331,1.4137116169005823,-0.004084172054202322,4
2025-02-26,-0.0,-0.0160840162145782,1.797394286814331,1.3909734563316158,-0.004084172054202322,4
2025-02-27,0.0,0.0154865783516806,1.797394286814331,1.4125148757482036,-0.004084172054202322,4
2025-02-28,-0.0,-0.0176739652974811,1.797394286814331,1.387550136852054,-0.004084172054202322,4
2025-03-03,-0.0,-0.0119234266310252,1.797394286814331,1.3710057845984296,-0.004084172054202322,4
2025-03-04,0.0,0.0107061410272738,1.797394286814331,1.3856839658775484,-0.004084172054202322,4
2025-03-05,-0.0,-0.0179254968727391,1.797394286814331,1.3608448922806056,-0.004084172054202322,4
2025-03-06,0.0,0.005599979303451,1.797394286814331,1.3684655955125837,-0.004084172054202322,4
2025-03-07,-0.0,-0.0269968189830772,1.797394286814331,1.3315213775459616,-0.004084172054202322,4
2025-03-10,-0.0,-0.0083417870519293,1.797394286814331,1.3204141097593816,-0.004084172054202322,4
2025-03-11,0.0,0.0052784978766726,1.797394286814331,1.3273839128340752,-0.004084172054202322,4
2025-03-12,-0.0,-0.0134144341300447,1.797394286814331,1.3095778087700816,-0.004084172054202322,4
2025-03-13,0.0199514298563014,0.0204514298563014,1.8332548728518243,1.3363605474675118,0.0,4
2025-03-14,-0.0005,0.0076678265704173,1.8323382454153985,1.3466075283810406,-0.0004999999999999623,4
2025-03-17,-0.0,-0.0108636115798933,1.8323382454153985,1.3319785072421488,-0.0004999999999999623,4
2025-03-18,0.010327833404576499,0.0108278334045765,1.8512623295548827,1.3464009486170434,0.0,4
2025-03-19,-0.0028843503788105,-0.0028843503788105,1.8459226403533535,1.342517456530869,-0.0028843503788104612,4
2025-03-20,-0.0005,0.000322887333065,1.8449996790331769,1.3429509384120015,-0.003382908203621049,4
2025-03-21,0.0172587303396628,0.0177587303396628,1.8768420309703748,1.3668000419866575,0.0,4
2025-03-24,0.0023933981824499,0.0023933981824499,1.881334061276045,1.3700713387229209,0.0,4
2025-03-25,-0.0120068991512539,-0.0120068991512539,1.8587450729324846,1.3536210303288514,-0.012006899151253891,4
2025-03-26,-0.0005,-0.0026541988416401,1.8578157003960185,1.350028250958133,-0.012500895701678175,4
2025-03-27,-0.0,-0.0203435937409064,1.8578157003960185,1.3225638246818943,-0.012500895701678175,4
2025-03-28,0.0,0.0066766095836301,1.8578157003960185,1.3313940669887279,-0.012500895701678175,4
2025-03-31,0.0,0.0028349347721462,1.8578157003960185,1.3351684823246632,-0.012500895701678175,4
2025-04-01,0.0,0.0063090557886139,1.8578157003960185,1.3435921347668485,-0.012500895701678175,4
2025-04-02,-0.0,-0.0505485628571152,1.8578157003960185,1.2756754832882609,-0.012500895701678175,4
2025-04-03,-0.0,-0.0603219385921377,1.8578157003960185,1.1987242651218508,-0.012500895701678175,4
2025-04-04,-0.0,-0.0017832638445399,1.8578157003960185,1.1965866234802864,-0.012500895701678175,4
2025-04-07,-0.016286556837500202,-0.0157865568375002,1.8275582793979184,1.1776966407377225,-0.028583855990813405,4
2025-04-08,-0.0005,0.0998690271269171,1.8266445002582195,1.2953120584988373,-0.02906956406281798,4
2025-04-09,-0.0,-0.0448147071872069,1.8266445002582195,1.2372630278811536,-0.02906956406281798,4
2025-04-10,0.0,0.0176789414294268,1.8266445002582195,1.2591365284838596,-0.02906956406281798,4
2025-04-11,0.0,0.0096528029774327,1.8266445002582195,1.271290725315003,-0.02906956406281798,4
2025-04-14,-0.0032995170801071,-0.0027995170801071,1.8206174555303338,1.2677317252157019,-0.032273165619788505,4
2025-04-15,-0.0224711453962992,-0.0224711453962992,1.7797060959760713,1.2392443412948786,-0.054019096019046635,4
2025-04-16,0.0014229403420058,0.0014229403420058,1.7822385115769495,1.2410077120617096,-0.052673021628004954,4
2025-04-17,-0.0005,-0.024095676922357,1.7813473923211611,1.2111047911737172,-0.053146685117190874,4
2025-04-21,0.0251892721601039,0.0256892721601039,1.8262182365980302,1.2422171917685845,-0.029296139272911265,4
2025-04-22,-0.0005,0.0153822827769133,1.8253051274797312,1.261325327882712,-0.029781491203274803,4
2025-04-23,0.0203270754861131,0.0208270754861131,1.862408242591201,1.2875950456990715,-0.01005978633693968,4
2025-04-24,0.0071900313435427,0.0071900313435427,1.8757990162299039,1.296852894435438,-0.002942085172468984,4
2025-04-25,0.00038569264448,0.00038569264448,1.8765224981129867,1.2973530810577945,-0.002557527268599383,4
2025-04-28,0.0062786795926414,0.0062786795926414,1.8883045816270214,1.3054987453722826,0.0,4
2025-04-29,-0.0005,0.0004013719677324,1.887360429336208,1.306022735972585,-0.0004999999999999145,4
2025-04-30,0.0065523948622819,0.0070523948622819,1.8997271601166648,1.3152333240057812,0.0,4
2025-05-01,-0.0005,0.0147429002069087,1.8987772965366065,1.334623677650399,-0.0004999999999999403,4
2025-05-02,-0.0,-0.0057454449668554,1.8987772965366065,1.3269556707589965,-0.0004999999999999403,4
2025-05-05,-0.0088999268170417,-0.0083999268170417,1.8818783175555704,1.3158093402351623,-0.009395476853633126,4
2025-05-06,0.0041907575784063,0.0041907575784063,1.889764813376505,1.3213235781994908,-0.0052440934410538835,4
2025-05-07,0.0069517699736463,0.0069517699736463,1.9029020236633891,1.3305091157758888,0.0,4
2025-05-08,-0.0012717748344398,-0.0012717748344398,1.9004819607572894,1.3288170077654522,-0.0012717748344398443,4
2025-05-09,0.0324995321196807,0.0324995321196807,1.9622467352837945,1.3720029387905033,0.0,4
2025-05-12,0.0065888125194646,0.0065888125194646,1.975175611139511,1.3810428089303484,0.0,4
2025-05-13,0.0012746974320005,0.0012746974320005,1.9776933624187807,1.3828032206523748,0.0,4
2025-05-14,0.0048770532169045,0.0048770532169045,1.9873386781940159,1.3895472255480033,0.0,4
2025-05-15,0.0063184349279637,0.0063184349279637,1.9998955483120102,1.3983269892719608,0.0,4
2025-05-16,0.0010888799224771,0.0010888799224771,2.0020731944216186,1.3998495994556368,0.0,4
2025-05-19,-0.0033725695834487,-0.0033725695834487,1.9953210632622742,1.39512850927511,-0.0033725695834487196,4
2025-05-20,-0.016983536932184,-0.016983536932184,1.9614334542927947,1.3714342927126932,-0.02029882835555587,4
2025-05-21,0.0003817191287631,0.0003817191287631,1.9621821709620944,1.3719577954160636,-0.01992485767786746,4
2025-05-22,-0.0068409363629467,-0.0068409363629467,1.948759007598034,1.3625723194449737,-0.026629489357399075,4
2025-05-23,0.0205722331097694,0.0205722331097694,1.9888493321771035,1.3906034748295146,-0.006605084310284352,4
2025-05-27,-0.0058003011278726,-0.0058003011278726,1.977313407152508,1.3825375559260376,-0.012367073960182275,4
2025-05-28,0.0039334626494965,0.0039334626494965,1.985091095585891,1.3879757157637986,-0.008482256734191796,4
2025-05-29,-0.0011149133666623,-0.0011149133666623,1.98287789098938,1.386428243085691,-0.009587713119441607,4
2025-05-30,0.0056133772808223,0.0056133772808223,1.9940085326933046,1.3942107878869183,-0.004028155289619071,4
2025-06-02,0.0057008331239146,0.0057008331239146,2.005376042585851,1.402158950928223,0.0,4
2025-06-03,-0.0005,-0.0002715408261343,2.004373354564558,1.4017782075283163,-0.0005000000000000356,4
2025-06-04,-0.005349216189180399,-0.0048492161891804,1.9936515281671594,1.3949806819507296,-0.0058465415810858125,4
2025-06-05,0.0102154254149634,0.0102154254149634,2.0140175266565787,1.409231003062512,0.0,4
2025-06-06,0.0008943865189467,0.0008943865189467,2.0158188367813428,1.410491400273733,0.0,4
2025-06-09,0.0056683105672474,0.0056683105672474,2.027245123995527,1.4184865035829164,0.0,4
2025-06-10,-0.0028553691906328,-0.0028553691906328,2.0214565907266095,1.4144362009232574,-0.0028553691906327877,4
2025-06-11,0.0039617308825646,0.0039617308825646,2.0294650577298547,1.4200398165018724,0.0,4
2025-06-12,-0.0005,-0.0112376823889437,2.02845032520099,1.4040818600643703,-0.0004999999999999116,4
2025-06-13,0.0089602022529777,0.0094602022529777,2.0466256503749096,1.4173647584403164,0.0,5
2025-06-16,-0.0085795478021042,-0.0085795478021042,2.0290665277745052,1.4052044097422598,-0.008579547802104317,5
2025-06-17,-0.0005,-0.0001523654742784,2.028051994510618,1.4049903051059112,-0.009075258028203309,5
2025-06-18,-0.0,-0.0023561529346696,2.028051994510618,1.4016799330753535,-0.009075258028203309,5
2025-06-20,0.009328503868340299,0.0098285038683403,2.0469706853866056,1.4154563497197596,0.0,5
2025-06-23,0.0109968351995907,0.0109968351995907,2.069480884672195,1.431021889929842,0.0,5
2025-06-24,0.0005483412814048,0.0005483412814048,2.070615666472339,1.4318065783066845,0.0,5
2025-06-25,0.0077937300359905,0.0077937300359905,2.0867534859851173,1.442965692241762,0.0,5
2025-06-26,0.0049654820866391,0.0049654820866391,2.097115223039008,1.4501307125382232,0.0,5
2025-06-27,0.0047614073085259,0.0047614073085259,2.107100442788807,1.4570353755112204,0.0,5
2025-06-30,-0.0003101914232455,-0.0003101914232455,2.106446838303537,1.4565834156343715,-0.00031019142324559154,5
2025-07-01,0.0045127680179479,0.0045127680179479,2.1159527442269406,1.4631566386879198,0.0,5
2025-07-02,0.0078527017573469,0.0078527017573469,2.1325686900599945,1.4746463713958182,0.0,5
2025-07-03,-0.0005,-0.0074789094677426,2.1315024057149645,1.463617624687214,-0.0004999999999999907,5
2025-07-07,-0.0010526119179734002,-0.0005526119179734,2.12925876087952,1.4628088121444558,-0.0015520856120144258,5
2025-07-08,0.0059811989929674,0.0059811989929674,2.1419942812358594,1.471558162738558,0.0,5
2025-07-09,0.0028241540262631,0.0028241540262631,2.148043603009444,1.4757140696487363,0.0,5
2025-07-10,-0.0005,-0.0035193113942295,2.1469695812079395,1.4705205723087968,-0.000499999999999953,5
2025-07-11,0.0014064858587437999,0.0019064858587438,2.1499892635630613,1.4733240989848955,0.0,5
2025-07-14,-0.0042866105221048,-0.0042866105221048,2.1407730969634597,1.4670085323997162,-0.004286610522104703,5
2025-07-15,0.0033338219287052,0.0033338219287052,2.1479100532584985,1.4718992776146278,-0.0009670793895579992,5
2025-07-16,0.0061047005569435,0.0061047005569435,2.16102240095689,1.4808847819544464,0.0,5
2025-07-17,-0.0007389558569191,-0.0007389558569191,2.1594255007967695,1.479790473471399,-0.0007389558569190556,5
2025-07-18,0.0018944872891604,0.0018944872891604,2.163516504959918,1.482593917714011,0.0,5
2025-07-21,0.0001443475892447,0.0001443475892447,2.1638288033517,1.482807926571862,0.0,5
2025-07-22,0.0084798374613244,0.0084798374613244,2.1821777198982546,1.4953818967755548,0.0,5
2025-07-23,0.0003179903039752,0.0003179903039752,2.182871631254733,1.4958574137194693,0.0,5
2025-07-24,0.0042196832814097,0.0042196832814097,2.192082658182602,1.502169458239514,0.0,5
2025-07-25,-0.0005,-0.0002533128585653,2.1909866168535106,1.5017889393999977,-0.0004999999999999751,5
2025-07-28,-0.0031319142539179,-0.0026319142539179,2.1841246346380436,1.4978363596840145,-0.003630348296790962,5
2025-07-29,-0.0005,-0.0012708702404708,2.183032572320725,1.495932804029397,-0.004128533122642434,5
2025-07-30,-0.0,-0.0037585048465277,2.183032572320725,1.4903103333353729,-0.004128533122642434,5
2025-07-31,-0.0170223877802715,-0.0165223877802715,2.1458721453377176,1.4656868480950602,-0.02108064341113675,5
2025-08-01,0.0150853306255084,0.0150853306255084,2.178243336130206,1.4877972187920334,-0.006313321261283831,5
2025-08-04,-0.0005,-0.0050781452990585,2.177154214462141,1.4802419683394723,-0.006810164600653075,5
2025-08-05,0.007131487573246,0.007631487573246,2.192680562687618,1.4915384165262522,0.0,5
2025-08-06,-0.0008450727185692,-0.0008450727185692,2.190827588163554,1.490277958101748,-0.0008450727185691127,5
2025-08-07,0.0077700221691954,0.0077700221691954,2.20785036709247,1.501857450874462,0.0,5
2025-08-08,-0.0019804653435582,-0.0019804653435582,2.203477795956681,1.4988830742420405,-0.0019804653435582186,5
2025-08-11,0.0105854481506647,0.0105854481506647,2.2268025959169213,1.5147494233083385,0.0,5
2025-08-12,0.0034307500615388,0.0034307500615388,2.234442199059898,1.5199461499855693,0.0,5
2025-08-13,7.819036229570458e-05,7.819036229570458e-05,2.2346169109049714,1.5200649951257066,0.0,5
2025-08-14,-0.0023327003352695,-0.0023327003352695,2.229404219287704,1.5165191390019452,-0.0023327003352696376,5
2025-08-15,-0.0002194598162209,-0.0002194598162209,2.228914954647457,1.5161863239904045,-0.0025516482175036758,5
2025-08-18,-0.0054391532079306,-0.0054391532079306,2.2167915447216817,1.5079395542824516,-0.007976922619846631,5
2025-08-19,-0.0026674890137384,-0.0026674890137384,2.2108782776303886,1.5039171420880217,-0.010623133280133094,5
2025-08-20,-0.0040225570520874,-0.0040225570520874,2.2019848936233997,1.4978675495823603,-0.014602958172529207,5
2025-08-21,0.0152441496287926,0.0152441496287926,2.2355522808221355,1.5207012666323065,0.0,5
2025-08-22,-0.0044013259344156,-0.0044013259344156,2.225712886590811,1.5140081647089791,-0.004401325934415597,5
2025-08-25,0.0041668685069025,0.0041668685069025,2.2349871395233536,1.5203168376496983,-0.00025279717393775344,5
2025-08-26,0.0022797193015883,0.0022797193015883,2.2400822828441265,1.523782733289018,0.0,5
2025-08-27,0.0035342052527358,0.0035342052527358,2.2479991934147145,1.5291680942290362,0.0,5
2025-08-28,-0.0059858949445734,-0.0059858949445734,2.2345429064074485,1.5200146546643878,-0.005985894944573341,5
2025-08-29,-0.0005,-0.007438595550042,2.2334256349542447,1.5087078804182026,-0.0064829019971010555,5
2025-09-02,0.0049039750090436995,0.0054039750090437,2.2443782984526175,1.51686090009993,-0.0016107189774374024,5
2025-09-03,-0.0005,0.0083313013100241,2.2432561093033914,1.529498325304057,-0.002109913617948603,5
2025-09-04,-0.0,-0.0028940427854361,2.2432561093033914,1.5250718917103743,-0.002109913617948603,5
2025-09-05,0.0019433718219975002,0.0024433718219975,2.247615590015735,1.5287982093971,-0.0001706421426231815,5
2025-09-08,0.0023133602932761,0.0023133602932761,2.2528151346762257,1.5323348704711508,0.0,5
2025-09-09,0.0028803290478282,0.0028803290478282,2.2593039835480204,1.5367484991095688,0.0,5
2025-09-10,0.0082848729144259,0.0082848729144259,2.2780220299267717,1.5494802651261261,0.0,5
2025-09-11,-0.0003374440181723,-0.0003374440181723,2.277253325019508,1.5489574022793833,-0.0003374440181723183,5
2025-09-12,0.0053091918432749,0.0053091918432749,2.2893436997977723,1.557181114285145,0.0,5
2025-09-15,-0.0013743187833562,-0.0013743187833562,2.286197411749582,1.5550410510306953,-0.0013743187833562115,5
2025-09-16,-0.0005,-0.0012538036229133,2.2850543130437075,1.5530913349271342,-0.001873631623964397,5
2025-09-17,0.0,0.0046708371823324,2.2850543130437075,1.56034557168187,-0.001873631623964397,5
2025-09-18,0.004437081357615899,0.0049370813576159,2.2951932849372536,1.568049124715259,0.0,5
2025-09-19,0.0047167759451999,0.0047167759451999,2.30601919741323,1.5754452611076075,0.0,5
2025-09-22,-0.0054595772496953,-0.0054595772496953,2.293429307465672,1.5668439960019243,-0.0054595772496951805,5
2025-09-23,-0.0005,-0.0031744852935473,2.2922825928119397,1.5618700727793333,-0.005956847461070189,5
2025-09-24,-0.0,-0.0046354972378934,2.2922825928119397,1.5546300283710164,-0.005956847461070189,5
2025-09-25,0.0,0.0057150415014141,2.2922825928119397,1.5635148035025013,-0.005956847461070189,5
2025-09-26,0.0,0.0028074347121526,2.2922825928119397,1.5679042692348184,-0.005956847461070189,5
2025-09-29,0.0032662549151378,0.0037662549151378,2.2997697720975965,1.5738093963952897,-0.00271004912823085,5
2025-09-30,-0.0005,0.0033910854570024,2.2986198872115478,1.5791463185514998,-0.0032086941036667026,5
2025-10-01,0.0,0.0011578687488637,2.2986198872115478,1.580974762723634,-0.0032086941036667026,5
2025-10-02,-0.0,-1.5028667182913296e-05,2.2986198872115478,1.5809510027801004,-0.0032086941036667026,5
2025-10-03,0.0,0.0035854430573249,2.2986198872115478,1.5866194125769892,-0.0032086941036667026,5
2025-10-06,-0.0,-0.0037207112266765,2.2986198872115478,1.5807160599161512,-0.0032086941036667026,5
2025-10-07,0.0,0.0059494994048261,2.2986198872115478,1.5901205291738214,-0.0032086941036667026,5
2025-10-08,-0.0,-0.0029028899630818,2.2986198872115478,1.5855045842495925,-0.0032086941036667026,5
2025-10-09,-0.0,-0.0274052179950386,2.2986198872115478,1.5420534854860994,-0.0032086941036667026,5
2025-10-10,0.0147233670388484,0.0152233670388484,2.33246331149376,1.56552873168919,0.0,5
2025-10-13,-0.0012142370771668,-0.0012142370771668,2.329631148059813,1.563627808657803,-0.0012142370771668042,5
2025-10-14,0.0044248530319295,0.0044248530319295,2.3399394235085826,1.570546631907752,0.0,5
2025-10-15,-0.0068273113842004,-0.0068273113842004,2.323963928444123,1.5598240210083105,-0.006827311384200509,5
2025-10-16,0.0056623831527308,0.0056623831527308,2.3371231026400987,1.5686563422660926,-0.0012035870844301815,5
2025-10-17,0.0103459324874867,0.0103459324874867,2.3613028204749584,1.5848855548792453,0.0,5
2025-10-20,-1.4982058984685288e-05,-1.4982058984685288e-05,2.3612674432968213,1.5848618100303782,-1.4982058984734082e-05,5
2025-10-21,-0.0005,-0.0052123742631281,2.360086809575173,1.5766009171211612,-0.0005149745679551642,5
2025-10-22,0.0054013167636816,0.0059013167636816,2.372834386023475,1.5859049385430042,0.0,5
2025-10-23,0.0081414003704744,0.0081414003704744,2.392152580772921,1.5988164255971955,0.0,5
2025-10-24,0.0117369640193922,0.0117369640193922,2.4202291895423493,1.617581676458043,0.0,5
2025-10-27,0.002653046328118,0.002653046328118,2.4266501697068685,1.621873195585201,0.0,5
2025-10-28,0.0004829468632807,0.0004829468632807,2.4278221127946082,1.6226564741576481,0.0,5
2025-10-29,-0.011063654656596,-0.011063654656596,2.4009615273710017,1.6047039633012783,-0.011063654656595909,5
2025-10-30,-0.0005,0.0032788851637238,2.3997610466073165,1.6099656033187155,-0.011558122829267476,5
2025-10-31,0.0013709354976157,0.0018709354976157,2.403050964211906,1.6129777451159046,-0.010203032772524254,5
2025-11-03,-0.011933633871144,-0.011933633871144,2.374373833831301,1.593729059263388,-0.02201490738618573,5
2025-11-04,0.0034644556579499,0.0034644556579499,2.3825997466940065,1.5992504629199922,-0.018626721398689015,5
2025-11-05,-0.0005,-0.0107896195919059,2.3814084468206596,1.581995158792906,-0.019117408037989662,5
2025-11-06,0.0004897872765590001,0.000989787276559,2.3825748303782026,1.583560997472657,-0.01863698422464839,5
2025-11-07,0.01548343182551,0.01548343182551,2.4194652653335393,1.6080799562185615,-0.0034421168738139295,5
2025-11-10,-0.0005,0.002285041351023,2.4182555327008726,1.611754485414272,-0.003940395815377023,5
2025-11-11,5.94076313645e-05,0.0005594076313645,2.4183991955341044,1.6126561131732986,-0.003881222273594551,5
2025-11-12,-0.0167402698284541,-0.0167402698284541,2.3779145404479474,1.5856598146982714,-0.0205565193939244,5
2025-11-13,-0.0001646349224321,-0.0001646349224321,2.3775230526720303,1.5853987597176749,-0.020717769995380695,5
2025-11-14,-0.009353732969593,-0.009353732969593,2.3552843369082845,1.570569363068952,-0.029877714476711476,5
2025-11-17,-0.0084359237327059,-0.0084359237327059,2.3354153378732896,1.5573201597051778,-0.03806159208878422,5
2025-11-18,-0.0005,0.0038626526933363,2.334247630204353,1.5633355466144498,-0.03854256129273976,5
2025-11-19,-0.0,-0.0153713881900581,2.334247630204353,1.5393049090561224,-0.03854256129273976,5
2025-11-20,0.0,0.0099228616377635,2.334247630204353,1.5545792186870164,-0.03854256129273976,5
2025-11-21,0.0141043287119626,0.0146043287119626,2.3671706260758754,1.5772828046055076,-0.02498184953465079,5
2025-11-24,0.009370764936422,0.009370764936422,2.3893528255772356,1.5920631510057264,-0.015845183637894934,5
2025-11-25,0.0068747161928381,0.0068747161928381,2.4057789481376353,1.6030081333299664,-0.009079398585590613,5
2025-11-26,-0.0005,0.0054453424992587,2.4045760586635665,1.6117370616450453,-0.009574858886297798,5
2025-11-28,-0.0,-0.0045726840156994,2.4045760586635665,1.6043670973457507,-0.009574858886297798,5
2025-12-01,0.0,0.0018463407089967,2.4045760586635665,1.607329305629755,-0.009574858886297798,5
2025-12-02,0.0,0.0034619187069213,2.4045760586635665,1.6128937490210977,-0.009574858886297798,5
2025-12-03,0.0,0.0007203393256565,2.4045760586635665,1.6140555798166232,-0.009574858886297798,5
2025-12-04,0.0,0.0019085936526491,2.4045760586635665,1.617136156051284,-0.009574858886297798,5
2025-12-05,-0.0,-0.0030113646600767,2.4045760586635665,1.612266369380419,-0.009574858886297798,5
2025-12-08,-0.0,-0.0008683686255122,2.4045760586635665,1.6108663278492805,-0.009574858886297798,5
2025-12-09,0.0,0.0066041714079206,2.4045760586635665,1.6215047651936447,-0.009574858886297798,5
2025-12-10,0.0,0.0023376785819533,2.4045760586635665,1.6252953221537731,-0.009574858886297798,5
2025-12-11,-0.0,-0.0108136127193846,2.4045760586635665,1.6077200079853748,-0.009574858886297798,5
2025-12-12,-0.0,-0.0015206209424472,2.4045760586635665,1.6052752752716408,-0.009574858886297798,5
2025-12-15,-0.0032370322524514,-0.0027370322524514,2.3967923684082,1.6008815850691596,-0.012780897011721614,5
2025-12-16,-0.0110536222580723,-0.0110536222580723,2.370299130936785,1.5831860447479011,-0.023693244062107082,5
2025-12-17,0.0075214131834129,0.0075214131834129,2.3881271300688454,1.5950938411366633,-0.016350037556940665,5
2025-12-18,0.0090135368363975,0.0090135368363975,2.409652601925721,1.6094712782312595,-0.007483872386339122,5
2025-12-19,0.0062131615896851,0.0062131615896851,2.4246241629164906,1.6194711833568671,-0.0013172093051070071,5
2025-12-22,0.0045581460677862,0.0045581460677862,2.4356759540105477,1.6268529695631782,0.0,5
2025-12-23,-0.0005,0.0035212328674459,2.4344581160335426,1.6325814977101059,-0.0004999999999999462,5
2025-12-24,-0.0,-0.0001016798972456,2.4344581160335426,1.6324154969911735,-0.0004999999999999462,5
2025-12-26,-0.0040799039935102005,-0.0035799039935102,2.424525760643904,1.6265716062344269,-0.004577864041513428,5
2025-12-29,-0.0005,-0.0012107510322639,2.423313497763582,1.6246022329831273,-0.005075575109492578,5
2025-12-30,-0.0079424944675538,-0.0074424944675538,2.4040663437144465,1.6125111398521748,-0.012977756849819572,5
2025-12-31,-0.0005,0.0018364668610582,2.4028643105425895,1.6154724631236004,-0.013471267971394557,5
2026-01-02,0.0061272397280406,0.0066272397280406,2.4175872362072366,1.626178586410769,-0.007426569931655524,5
2026-01-05,-0.0005,0.0059315431595297,2.4163784425891333,1.6358243348811674,-0.00792285664668958,5
2026-01-06,-0.0037230928915478,-0.0032230928915478,2.4073820411862403,1.630551921095591,-0.01161645200697533,5
2026-01-07,-0.0005,-0.0001017981924428,2.4061783501656473,1.6303859338573392,-0.012110643780971807,5
2026-01-08,0.0,0.0065954216250496,2.4061783501656473,1.6411390165026787,-0.012110643780971807,5
2026-01-09,0.0,0.0015591393246364,2.4061783501656473,1.6436977808805031,-0.012110643780971807,5
2026-01-12,-0.0,-0.0019926653429869,2.4061783501656473,1.640422441278198,-0.012110643780971807,5
2026-01-13,-0.0,-0.0049264752250119,2.4061783501656473,1.6323409407626874,-0.012110643780971807,5
2026-01-14,0.0,0.0027125643096706,2.4061783501656473,1.6367687705398144,-0.012110643780971807,5
2026-01-15,-0.0,-0.0008405432142779,2.4061783501656473,1.6353929956563953,-0.012110643780971807,5
2026-01-16,-0.0,-0.0205655244276453,2.4061783501656473,1.6017602810554237,-0.012110643780971807,5
2026-01-20,0.0,0.0114774656058752,2.4061783501656473,1.6201444295900942,-0.012110643780971807,5
2026-01-21,0.0,0.0052095231529772,2.4061783501656473,1.6285846095072107,-0.012110643780971807,5
2026-01-22,0.0,0.0003637977615629,2.4061783501656473,1.6291770849426652,-0.012110643780971807,5
2026-01-23,0.0,0.0050648450590931,2.4061783501656473,1.6374286144517247,-0.012110643780971807,5
2026-01-26,0.0,0.0039729315388344,2.4061783501656473,1.6439340062366699,-0.012110643780971807,5
2026-01-27,-0.0,-0.0001009336362198,2.4061783501656473,1.643768077999715,-0.012110643780971807,5
2026-01-28,-0.0,-0.0019774690518045,2.4061783501656473,1.6405175774971263,-0.012110643780971807,5
2026-01-29,-0.0,-0.0029952922543986,2.4061783501656473,1.6356037479040444,-0.012110643780971807,5
2026-01-30,0.0,0.004958341383638,2.4061783501656473,1.6437136296545105,-0.012110643780971807,5
2026-02-02,-0.0,-0.0084860403537006,2.4061783501656473,1.6297650094633347,-0.012110643780971807,5
2026-02-03,-0.0,-0.0048545553859348,2.4061783501656473,1.6218532249588364,-0.012110643780971807,5
2026-02-04,-0.0,-0.0125734177031704,2.4061783501656473,1.6014609869081948,-0.012110643780971807,5
2026-02-05,0.0,0.0190118958807087,2.4061783501656473,1.6319077964483102,-0.012110643780971807,5
2026-02-06,0.0,0.0048090247235391,2.4061783501656473,1.6397556813879663,-0.012110643780971807,5
2026-02-09,-0.0,-0.0026478966152256,2.4061783501656473,1.6354137778694222,-0.012110643780971807,5
2026-02-10,-0.0,-0.0002318437383596,2.4061783501656473,1.6350346174253962,-0.012110643780971807,5
2026-02-11,-0.0160689493715403,-0.0155689493715403,2.367513592077939,1.6095788462459846,-0.02798498783073902,5
2026-02-12,-0.0005,0.0007062770665271,2.3663298352819,1.6107156548718553,-0.028470995336823613,5
2026-02-13,0.0,0.0016166726526401,2.3663298352819,1.613319654822266,-0.028470995336823613,5
2026-02-17,0.0,0.0050243632997229,2.3663298352819,1.6214255588866766,-0.028470995336823613,5
2026-02-18,-0.0,-0.0026481942658344,2.3663298352819,1.6171317090191555,-0.028470995336823613,5
2026-02-19,0.0,0.0072111837196263,2.3663298352819,1.6287931428717257,-0.028470995336823613,5
2026-02-20,-0.0,-0.0102630979351641,2.3663298352819,1.6120766793303094,-0.028470995336823613,5
2026-02-23,0.0,0.0072477347903885,2.3663298352819,1.6237605835638658,-0.028470995336823613,5
2026-02-24,0.0,0.0083970624438409,2.3663298352819,1.6373954025778992,-0.028470995336823613,5
2026-02-25,-0.0,-0.0055708025863895,2.3663298352819,1.628273796034276,-0.028470995336823613,5
2026-02-26,-0.0,-0.0048123288251923,2.3663298352819,1.6204380071103148,-0.028470995336823613,5
2026-02-27,0.0,0.0005699379798723,2.3663298352819,1.6213615562745956,-0.028470995336823613,5
2026-03-02,-0.0,-0.0088486413020789,2.3663298352819,1.6070147094421414,-0.028470995336823613,5
2026-03-03,0.0,0.007020767925364,2.3663298352819,1.6182971867697808,-0.028470995336823613,5
2026-03-04,-0.0,-0.0055920594849425,2.3663298352819,1.6092475726370492,-0.028470995336823613,5
2026-03-05,-0.0,-0.0131859622693062,2.3663298352819,1.5880280948622845,-0.028470995336823613,5
2026-03-06,0.0,0.0087163020006718,2.3663298352819,1.6018698273226555,-0.028470995336823613,5
2026-03-09,-0.0,-0.0016127961829527,2.3663298352819,1.5992863377795623,-0.028470995336823613,5
2026-03-10,-0.0,-0.0012446658790353,2.3663298352819,1.5972957606441207,-0.028470995336823613,5
2026-03-11,-0.0,-0.0153140061663379,2.3663298352819,1.5728347635161513,-0.028470995336823613,5
2026-03-12,-0.0,-0.0056769436655502,2.3663298352819,1.563905869168451,-0.028470995336823613,5
2026-03-13,0.0,0.0101384537061898,2.3663298352819,1.5797614564238538,-0.028470995336823613,5
2026-03-16,0.0,0.002619546295906,2.3663298352819,1.5838997146954439,-0.028470995336823613,5
2026-03-17,-0.0,-0.0140458301865246,2.3663298352819,1.5616525282703468,-0.028470995336823613,5
2026-03-18,-0.0,-0.0024742531046727,2.3663298352819,1.5577886046538538,-0.028470995336823613,5
2026-03-19,-0.0,-0.0143893982462883,2.3663298352819,1.5353729640379599,-0.028470995336823613,5
2026-03-20,0.0,0.0104452807490238,2.3663298352819,1.5514103657017972,-0.028470995336823613,5
2026-03-23,-0.0,-0.0033624779495225,2.3663298352819,1.5461937825564642,-0.028470995336823613,5
2026-03-24,0.0,0.0055572662105367,2.3663298352819,1.5547863930192072,-0.028470995336823613,5
2026-03-25,-0.0,-0.0180201663991139,2.3663298352819,1.526768883501923,-0.028470995336823613,5
2026-03-26,-0.0,-0.0171989417469952,2.3663298352819,1.5005100744134485,-0.028470995336823613,5
2026-03-27,-0.0,-0.0033489755326428,2.3663298352819,1.495484902887754,-0.028470995336823613,5
2026-03-30,0.0,0.0286533783899445,2.3663298352819,1.5383355976866462,-0.028470995336823613,5
2026-03-31,0.0070062776807168995,0.0075062776807169,2.38290899919205,1.5498827718490138,-0.02166419335528292,5
2026-04-01,-0.0005,0.0009000282819796,2.3817175446924543,1.5512777101774307,-0.022153361258605134,5
2026-04-02,0.0,0.0047156982943889,2.3817175446924543,1.558593067829438,-0.022153361258605134,5
2026-04-06,0.0,0.0004400106280452,2.3817175446924543,1.5592788653440803,-0.022153361258605134,5
2026-04-07,0.0,0.0251505508921138,2.3817175446924543,1.598495587801914,-0.022153361258605134,5
2026-04-08,0.0,0.0057525676365938,2.3817175446924543,1.6076910417875412,-0.022153361258605134,5
2026-04-09,-0.0,-0.0006620714249065,2.3817175446924543,1.6066266354886956,-0.022153361258605134,5
2026-04-10,0.0,0.0097250246521992,2.3817175446924543,1.622251119125703,-0.022153361258605134,5
2026-04-13,0.0,0.0121111754465064,2.3817175446924543,1.6418984870477258,-0.022153361258605134,5
2026-04-14,0.0,0.0078600519406595,2.3817175446924543,1.6548038944372112,-0.022153361258605134,5
2026-04-15,0.0,0.0024543391315759,2.3817175446924543,1.6588653443904127,-0.022153361258605134,5
2026-04-16,0.0,0.0120131774803335,2.3817175446924543,1.6787935881885494,-0.022153361258605134,5
2026-04-17,-0.0,-0.0020016075921436,2.3817175446924543,1.675433302196789,-0.022153361258605134,5
2026-04-20,-0.0,-0.0065685400382206,2.3817175446924543,1.6644281514699413,-0.022153361258605134,5
2026-04-21,0.0,0.0100757587776945,2.3817175446924543,1.6811985280269564,-0.022153361258605134,5
2026-04-22,-0.0,-0.0038882598330148,2.3817175446924543,1.6746615913191056,-0.022153361258605134,5
2026-04-23,0.0,0.0077194401848812,2.3817175446924543,1.6875890413032115,-0.022153361258605134,5
2026-04-24,0.0,0.0017213514756912,2.3817175446924543,1.6904939751898194,-0.022153361258605134,5
2026-04-27,-0.0,-0.0048778533284254,2.3817175446924543,1.6822479935262566,-0.022153361258605134,5
2026-04-28,-0.0,-0.0001545736230216,2.3817175446924543,1.6819879623590763,-0.022153361258605134,5
2026-04-29,0.0,0.0099005171605423,2.3817175446924543,1.6986405130442381,-0.022153361258605134,5
2026-04-30,0.0,0.002765215649208,2.3817175446924543,1.7033376203732866,-0.022153361258605134,5
2026-05-01,-0.0,-0.0036700860012736,2.3817175446924543,1.697086224817312,-0.022153361258605134,5
2026-05-04,0.0,0.0079901658290271,2.3817175446924543,1.7106462251797598,-0.022153361258605134,5
2026-05-05,0.0,0.0138037318030336,2.3817175446924543,1.734259526882013,-0.022153361258605134,5
2026-05-06,-0.0,-0.0030708153596703,2.3817175446924543,1.7289339360892089,-0.022153361258605134,5
2026-05-07,0.0,0.0082222080420135,2.3817175446924543,1.7431495906026317,-0.022153361258605134,5
2026-05-08,0.0,0.0022750057208122,2.3817175446924543,1.7471152658934843,-0.022153361258605134,5
2026-05-11,-0.0,-0.0015160952629217,2.3817175446924543,1.744466472715085,-0.022153361258605134,5
2026-05-12,0.0,0.00557924837482,2.3817175446924543,1.7541992844479086,-0.022153361258605134,5
2026-05-13,0.0,0.0078632792042633,2.3817175446924543,1.7679930432014412,-0.022153361258605134,5
2026-05-14,-0.0,-0.0121022897908958,2.3817175446924543,1.7465962790443297,-0.022153361258605134,5
2026-05-15,-0.0,-0.0007037393207031,2.3817175446924543,1.7453671305653724,-0.022153361258605134,5
2026-05-18,-0.0,-0.0066830822370005,2.3817175446924543,1.7337026984980464,-0.022153361258605134,5
2026-05-19,0.0,0.0101968367813186,2.3817175446924543,1.7513809819419626,-0.022153361258605134,5
2026-05-20,0.0,0.0019811727741369,2.3817175446924543,1.7548507702605274,-0.022153361258605134,5
2026-05-21,0.0,0.0039237869149726,2.3817175446924543,1.7617364307506054,-0.022153361258605134,5
2026-05-22,0.0,0.0066166539359349,2.3817175446924543,1.7733932310392113,-0.022153361258605134,5
2026-05-26,-0.0,-0.0001732120853069,2.3817175446924543,1.773086057899594,-0.022153361258605134,5
2026-05-27,0.0,0.0055014556785373,2.3817175446924543,1.782840612261361,-0.022153361258605134,5
2026-05-28,0.0,0.0024882878074138,2.3817175446924543,1.7872768328194129,-0.022153361258605134,5
2026-05-29,0.0,0.0027194377229783,2.3817175446924543,1.792137220859987,-0.022153361258605134,5
2026-06-01,0.0,0.0013569506268272,2.3817175446924543,1.7945690625851933,-0.022153361258605134,5
2026-06-02,-0.0,-0.0070418639396632,2.3817175446924543,1.7819319514161394,-0.022153361258605134,5
2026-06-03,0.0,0.0037715169794552,2.3817175446924543,1.7886525380271392,-0.022153361258605134,5
2026-06-04,-0.0,-0.0261482542011635,2.3817175446924543,1.7418823967852493,-0.022153361258605134,5
2026-06-05,0.0,0.0022616937124581,2.3817175446924543,1.7458220012498997,-0.022153361258605134,5
2026-06-08,-0.0,-0.0029398437452291,2.3817175446924543,1.7406895573592418,-0.022153361258605134,5
2026-06-09,-0.0,-0.0155880192605891,2.3817175446924543,1.7135556550124198,-0.022153361258605134,5
2026-06-10,0.0,0.0166500856684905,2.3817175446924543,1.742086503466103,-0.022153361258605134,5
2026-06-11,0.0,0.0054228903053943,2.3817175446924543,1.7515336474769077,-0.022153361258605134,5
2026-06-12,0.0,0.017640856493998,2.3817175446924543,1.7824322011964568,-0.022153361258605134,5
2026-06-15,-0.0060259627263186,-0.0055259627263186,2.3673654035435185,1.7725825472904553,-0.028045828655716712,5
